1001 NaN 1.011417502219469 1.0213063641428595 1.029492850575992
1251 NaN 1.0083877951982727 1.015667887791067 1.0218715854094722
1 NaN 1.0069858663304392 1.0114700830435874 1.0146179242878643
501 NaN 1.0034756924124317 1.0058031678816433 1.0073531752633975
1751 NaN 1.018133790766168 1.0334462455847107 1.046280630564204
1252 NaN 1.0117729109149636 1.0210921648997147 1.0284288680368014
1501 NaN 1.0171650021166307 1.0331785604288033 1.047240858299356
751 NaN 1.0017659862821897 1.0022140681605238 1.0021958581911108
1002 NaN 1.0080220910741469 1.0137912840910441 1.0176600669637552
1502 NaN 1.0093975697431077 1.0176671518105178 1.0245296209410613
502 NaN 1.0136467725944571 1.0246609421031694 1.0334177715306379
1752 NaN 1.0074241969878213 1.0125961242610135 1.0164275954278956
251 NaN 0.9939572071416017 0.9892802991306954 0.9856118778962236
752 NaN 1.0129743172421044 1.0237062792189375 1.0324204456626869
503 NaN 1.0085760870985596 1.0161052341813497 1.0224000261815265
1003 NaN 1.0110857683705925 1.0203221509097231 1.0277793797194277
2 NaN 1.014275012057881 1.02534529149438 1.0346773019349915
252 NaN 1.0107947681367548 1.0200634603940184 1.0278290694017942
1253 NaN 1.004563117837802 1.005840179161373 1.0053967968916901
1503 NaN 0.9983558456039481 0.9968651486756378 0.9955126806214298
504 NaN 1.0088824056500267 1.016096441879564 1.0219059383681661
1004 NaN 1.0077468772422884 1.0145522166738354 1.0202061835283547
753 NaN 1.0072432646239593 1.013071825777992 1.0178944322794166
3 NaN 1.0113396550374234 1.02159180761034 1.0303937024498175
754 NaN 1.0096217687389768 1.0179557880704375 1.0247983727747374
253 NaN 1.00940802372107 1.0168000180605774 1.0227033697154886
1753 NaN 1.0067566288465715 1.0109311686891636 1.0141228008464498
1005 NaN 1.0018026126458128 1.003398208837145 1.0044552869231012
505 NaN 1.0150000360464357 1.0267999940067347 1.0362529162303311
755 NaN 1.0133722420848568 1.0239830564125443 1.032499485499253
254 NaN 1.0097016582251663 1.017940121911422 1.0247111305583823
1504 NaN 1.0156465139559785 1.0271053222500297 1.0357088089640212
1254 NaN 1.0049088683991085 1.0086351235968591 1.0111801815528894
4 NaN 1.0056763536119355 1.01106473757708 1.015691701485996
1754 NaN 1.013067229146808 1.023719398597734 1.0323452627853615
506 NaN 1.0094241462793143 1.016778352107017 1.0226305698354867
255 NaN 1.0069681197201934 1.0127621855876958 1.0172930066490593
1006 NaN 1.0048029544970767 1.0073303072164124 1.0085415795996686
1255 NaN 1.0067601905484762 1.0114475775815774 1.014823796986622
1505 NaN 1.012791176035683 1.023179363393042 1.0312750408421802
1755 NaN 1.0088227043539697 1.0179927792177754 1.0261507266458298
756 NaN 1.0084221539147051 1.016596872712511 1.0234980057783312
256 NaN 1.008062713783026 1.0140513353914653 1.0185980155162784
1506 NaN 1.0079821172270655 1.014876782548745 1.0205909123049963
507 NaN 1.0085327382304186 1.0162565015744212 1.0228245248468477
1756 NaN 1.0091414909607541 1.0161021352304176 1.021494929621049
1007 NaN 1.0074906731481654 1.0134895115783429 1.0183565111647266
757 NaN 1.008582285708343 1.0151349920969508 1.0201645051460129
1507 NaN 1.008710754749639 1.0158973786979237 1.0217223571048615
1256 NaN 1.0102168533525753 1.0164628443104313 1.020386746915339
5 NaN 1.0140974661208217 1.0268416697464446 1.0383212510291528
508 NaN 1.0154635630677236 1.0276842834348885 1.0372945201259354
1757 NaN 1.004892777698358 1.0084378562791003 1.0108721178031883
257 NaN 1.0164330316753536 1.0302056407261766 1.0413352283506716
1508 NaN 1.0150755374471745 1.0279311582518997 1.0385875781922893
1257 NaN 1.0087073067378576 1.0161288669019017 1.0223512468244607
509 NaN 1.0119387478662187 1.0219264926510268 1.0300699129794504
6 NaN 1.003696021681372 1.0081641739337934 1.0126993855200401
1758 NaN 1.0145188074865434 1.0264266574654701 1.0360608622009506
1008 NaN 1.003626909164193 1.0056579496085527 1.0063172162050726
1258 NaN 1.0095987007596243 1.0168471302621662 1.0222518062629715
758 NaN 0.9977177793070494 0.9957603593983039 0.9945844990753416
7 NaN 1.0116798655915427 1.0209771580840667 1.0282536725716624
258 NaN 1.0027887680422087 1.0059980800367216 1.0089615159398453
1759 NaN 1.0144114479378263 1.0262973052780684 1.035866976237081
1509 NaN 1.0167291480989356 1.03147263626438 1.0442583831157701
1259 NaN 1.007389102603065 1.014003283663136 1.0193874999165067
510 NaN 1.0141639870806352 1.02602740149475 1.0356798111697592
1510 NaN 1.010094844111957 1.0187661813595585 1.0258697426843941
1009 NaN 1.0075973189815302 1.0147779882016146 1.0209473146630104
759 NaN 1.0097424556518608 1.018324111957662 1.0257956320747124
1260 NaN 1.0096764031202328 1.0167162471425382 1.022011310463446
511 NaN 1.0179111117904143 1.0326784553269794 1.0447657085395359
259 NaN 1.0127321010738977 1.0234465325772635 1.0321572295002064
1760 NaN 1.0152856485714532 1.0277592028263516 1.0381364578152519
1511 NaN 1.0092971390273409 1.016440762875359 1.0221160895802874
8 NaN 1.0086082191000698 1.0159476239100889 1.02205324223062
760 NaN 1.007104425480534 1.012773443879822 1.0171370146386318
1010 NaN 1.018859681058319 1.03441926139968 1.0473035708759726
260 NaN 1.0171202054442483 1.0303638394406176 1.0406888521659747
512 NaN 1.011161448136061 1.020815781986669 1.0289842700261542
1512 NaN 1.0172744329373835 1.0317620362837439 1.043763694718809
1011 NaN 1.0123589958076595 1.0225375668288879 1.0307252516604997
1761 NaN 1.0207011572214977 1.038263913277122 1.0531724211947213
261 NaN 1.0144319477238024 1.0258126153938902 1.0349350076830859
9 NaN 1.0163099332772498 1.0289984975823419 1.0387454229716147
1261 NaN 0.9903303136750139 0.9844084921397859 0.9806595521895557
1513 NaN 1.0148845921903649 1.0284492179450135 1.0402913181927322
1012 NaN 1.0148607969259238 1.0270273459914212 1.036832517940811
10 NaN 1.0049786461389205 1.00834354074973 1.0106411966372613
1262 NaN 1.007960159034798 1.0151883386592786 1.0213758524259513
513 NaN 1.0165671940991452 1.0299597848427278 1.0406687450928715
1762 NaN 1.0084169703530734 1.0148471813622268 1.0203892852785197
262 NaN 1.0075605552374927 1.0133385579119152 1.0178444679828942
1013 NaN 1.010841816738103 1.0195036968565636 1.0263067937024521
1514 NaN 1.0049643815966118 1.0099477505810128 1.0143269744649523
514 NaN 1.0112146696125894 1.0205010282300233 1.0280516324937776
1763 NaN 1.0100491991464113 1.018458348679748 1.0251345394861613
761 NaN 1.0228022848244764 1.0443000748743407 1.0631396959183022
1014 NaN 1.010881071545797 1.0194912283098072 1.0264699514527416
1515 NaN 1.0090543789682007 1.0162262673212668 1.0219779678230867
11 NaN 1.0187885740270326 1.033759052508668 1.045545862831623
263 NaN 0.9965933814613138 0.9958860119656995 0.9960635041325256
762 NaN 1.0111532249407342 1.0201343524562183 1.0270953790923318
1015 NaN 1.0080016355724188 1.0138481910063402 1.0182317050530805
1263 NaN 1.0176381278032613 1.0301267408864017 1.039342888171202
1764 NaN 1.0062160815017038 1.010870025339099 1.014275496158801
264 NaN 1.0133587074330062 1.0240857294255024 1.0325571222585164
12 NaN 1.004787811957667 1.0077058009941902 1.0094226314501835
763 NaN 1.0071089469153347 1.0119719550808706 1.0153038960472762
1765 NaN 1.0093731903668748 1.0165822175825256 1.0221214208284632
1264 NaN 1.0100778731716826 1.0190383167311026 1.0264695538654118
265 NaN 1.0045791366941799 1.0088230659517672 1.0124993434288794
515 NaN 1.0072890758648418 1.0165687291500836 1.025670244298317
13 NaN 1.0076929620877038 1.01412995935397 1.0193389262977588
764 NaN 1.0088966368983119 1.01556808419332 1.0206195312879243
1016 NaN 1.0120844139443592 1.0216047692930912 1.029699779772131
14 NaN 1.010282649191206 1.0188720039223362 1.0259864894251496
1766 NaN 1.0114628842640014 1.0212687447474662 1.0292146214373556
516 NaN 1.0154584549359051 1.0280212032177884 1.0379752104966449
1265 NaN 1.0146750124243265 1.0269690735458727 1.0369951503539558
1516 NaN 1.0030114886441628 1.0047492501796726 1.0057302614713073
15 NaN 1.0076787440141395 1.013745963998915 1.018365196394626
765 NaN 1.0107332502004522 1.0192805108078944 1.026081239934114
266 NaN 0.9963562825919383 0.9926142875321008 0.9890627159010212
1017 NaN 1.004721015917344 1.0093082603808423 1.0131514063773588
517 NaN 1.011578637220428 1.0214632074304018 1.0296092468445897
1767 NaN 1.0138331507187124 1.026202672071457 1.0366869644307382
1266 NaN 1.0105987980177016 1.0192603963576772 1.0261392169142294
16 NaN 1.0085932305720164 1.0151632718680401 1.020083269350966
766 NaN 1.0072393325031292 1.0121032391734217 1.015380016466694
267 NaN 1.0052891364546035 1.0093234393896082 1.0124343034887306
518 NaN 1.0089658354231303 1.0172211449982296 1.0242976751073278
1267 NaN 1.008161155260276 1.0151409528303772 1.020940722677345
1018 NaN 1.0075310177978556 1.012383778167643 1.0155358857006687
1768 NaN 1.011632753229657 1.0221426529749928 1.031150264983627
767 NaN 1.0043499805644627 1.0074562367672566 1.0093321780053193
519 NaN 1.011256273224448 1.021124435252967 1.029374828119824
17 NaN 1.0178036510573396 1.0347640158718336 1.0498812086288751
1268 NaN 1.0123939523462502 1.0221291048502665 1.0300259553261144
1517 NaN 1.0120515225416364 1.0235648155508374 1.0337476616512589
768 NaN 1.0137408757016557 1.0242011789843788 1.0322753661625919
520 NaN 1.0102796168397972 1.0188892122231115 1.0257564968218587
268 NaN 1.0118263226183963 1.0221042338024895 1.0312256968363027
1019 NaN 1.0034097361558267 1.0061096425199025 1.0082779134675475
1769 NaN 1.003677084053466 1.00776658888749 1.0110107922276963
1770 NaN 1.0124760742362833 1.0224245960012943 1.030305482243658
269 NaN 1.009302554285438 1.0170050704138494 1.0231958131448078
18 NaN 1.0056552914827315 1.0116328301639528 1.0169108782649232
1020 NaN 1.005492758073738 1.0106148349085193 1.0147493443569082
769 NaN 1.0133850651297471 1.0244147526053078 1.0332114728259765
521 NaN 1.010810408043983 1.0197059280976086 1.0268949247886885
1269 NaN 1.0046196220025927 1.0075793813097054 1.0088061557293393
270 NaN 1.008572844879176 1.0158630843711904 1.0218453514447712
1771 NaN 1.007311580810913 1.0133776568245845 1.018282322434625
522 NaN 1.0082121619086102 1.0145247266168873 1.0194978410250515
1270 NaN 1.0102243812400815 1.0186409641488425 1.0255272344320916
1021 NaN 1.0125712999942296 1.0233381126410015 1.0321322350055182
770 NaN 1.0130222333432073 1.0223739063884736 1.0294242364542812
19 NaN 1.0085200387185689 1.0138617607810327 1.0173450683388148
1518 NaN 1.0094194616116767 1.0216535945351586 1.0340819708432791
1271 NaN 1.0113409865202876 1.0207494979481615 1.028305182497902
771 NaN 1.008337573245507 1.0141789264254237 1.018340439156236
1519 NaN 1.0094591245222555 1.0177108606677077 1.0246565522325282
271 NaN 1.011390096751166 1.0216751216442113 1.030070455373469
1772 NaN 1.0037546334899907 1.0071342507912782 1.0100804496114766
1022 NaN 1.0052530520933909 1.0099006313998182 1.0136962102810483
20 NaN 1.0112442435344593 1.0220398701435036 1.0313783019068496
523 NaN 1.0140932252631738 1.0250596510431425 1.0335578658550408
1520 NaN 1.010614912450431 1.0189769075990542 1.0253628666256887
272 NaN 1.005750942950134 1.0105013477630012 1.0144924212651938
772 NaN 1.0130215664290037 1.0243386858461496 1.0339664937217985
1773 NaN 1.0095238766480916 1.0172975612718833 1.0235843168163117
1521 NaN 1.0103022980577059 1.0182295822869176 1.0243590007607415
1023 NaN 0.9962218746577487 0.9931229052721482 0.9903287812545599
21 NaN 1.0104145403928204 1.0182003848211854 1.0239807567402717
273 NaN 1.0080783336960732 1.015178179701952 1.021055970470207
524 NaN 1.007814403417512 1.0154537128497416 1.0223402768262808
773 NaN 1.0047893622055113 1.008546751423779 1.0112165654260579
1272 NaN 0.9945678523623958 0.9907595380043795 0.9879123472318795
274 NaN 1.0088673067683835 1.0170069478217252 1.024016999554115
525 NaN 1.0083488227609176 1.0140001346313705 1.0179739625347075
1273 NaN 1.0105524026848693 1.0192138864624443 1.0262317002185242
1522 NaN 1.011064297518761 1.0213510960227141 1.0300608757455776
1024 NaN 1.0102483863710046 1.0195766199743574 1.0276031345399717
1774 NaN 0.9958512226237584 0.9923757360257991 0.9896267645881172
275 NaN 1.0111258451138596 1.0203800228355104 1.027900972278908
526 NaN 1.014291683568775 1.0265087438534017 1.036747589879762
1523 NaN 1.0112699512686327 1.0194595063380425 1.0254623694012779
22 NaN 1.0050602774883146 1.0091714958572169 1.0122100561178093
774 NaN 1.018550012399452 1.034010490682839 1.0465343782571193
1274 NaN 1.0072904988880091 1.0120713450453793 1.0154481048909427
276 NaN 1.0121482827318102 1.022590784143074 1.0312223437279024
1524 NaN 1.0077780498096782 1.0143711942759142 1.0196737093400592
527 NaN 1.0119708624140333 1.0220551543115277 1.0302161124371976
1025 NaN 1.0110272698237188 1.0220373092447244 1.0320507482546104
1775 NaN 1.0024968900474711 1.0028532559879124 1.0020003294049682
775 NaN 1.007391584990107 1.0141147022885653 1.019955011315143
277 NaN 1.0072292260026752 1.0130347005815281 1.0176304904306588
23 NaN 1.014634252220334 1.027574836206035 1.038544996402025
1525 NaN 1.0075532854564917 1.013425734092303 1.0178769238424368
1026 NaN 1.0109216425610275 1.019191673459833 1.0254446523662648
776 NaN 1.0093966796833578 1.0166518575948666 1.022131715286689
528 NaN 1.0112959813059959 1.0202669308503873 1.0272737291295495
1776 NaN 1.0142762301784545 1.0262941827282261 1.0361802964071538
1027 NaN 1.008098625254462 1.0145210956839419 1.0195761073688736
24 NaN 1.0061173020817158 1.0116664455399225 1.0162827515619826
529 NaN 1.008093974135899 1.0161002671352124 1.023048417977895
1028 NaN 1.014413414350934 1.0273616010152302 1.0384332551831292
1777 NaN 1.0054043019350831 1.009470743977524 1.0124806320487776
1526 NaN 1.0105775982234566 1.0216987878117927 1.0316936085518986
1275 NaN 1.018577255685884 1.034220203869173 1.0468490466454257
25 NaN 1.0106523573840451 1.0190245006333372 1.0254767178713249
777 NaN 1.0058598774782794 1.0103551650225118 1.0138742098810363
1778 NaN 1.0085157130470703 1.0155007711874489 1.021058019762838
1029 NaN 1.010455085172793 1.0194801720439608 1.0270568793944084
1527 NaN 1.0094475780057255 1.0163585432779554 1.0214758744938264
530 NaN 1.005681732146944 1.010513926271135 1.014269326014145
278 NaN 1.024192586788232 1.0457909932652414 1.0640524925809525
778 NaN 1.0073752889927154 1.0134421392707298 1.0184308597718004
279 NaN 1.0112603272552034 1.0200326825304242 1.0268523203005941
1276 NaN 1.012221465786081 1.0225781038464543 1.031092865935461
531 NaN 1.009031029360444 1.0158464876888482 1.0211077088780718
26 NaN 1.0008436678973447 1.0001433956928267 0.99833873013492
1030 NaN 1.0089496793292905 1.0153591726686122 1.020076831476543
779 NaN 1.0073656319532016 1.013718949221531 1.0190755490055396
1528 NaN 1.007705567631773 1.0156305543785997 1.0227351341368045
1277 NaN 1.0108807378889557 1.0191400930801364 1.025598009594003
280 NaN 1.007759661600913 1.0136898277757944 1.0181167701620375
1031 NaN 1.0146580322671606 1.026012846590014 1.034769491426876
532 NaN 1.0089910832634674 1.0180941091762457 1.0260353823864827
1779 NaN 1.0105304449748491 1.017633799120523 1.0217418141360743
27 NaN 1.0055270923789517 1.0089719843614988 1.0111134505974997
780 NaN 1.0107193188570296 1.0193204221629084 1.0260287813546192
281 NaN 1.0088563954813077 1.017251511716186 1.024511507564966
1780 NaN 1.0105277470126282 1.0189632712894643 1.0256573115457528
28 NaN 1.0058799234417863 1.0110411374937884 1.0153894304352957
533 NaN 1.0035071636226458 1.0063374502625582 1.0086112313232474
1529 NaN 1.0078632946332928 1.0155001741839362 1.0222228504167699
1032 NaN 1.0132862373241895 1.0234999046194462 1.031291621387349
781 NaN 1.0057517979129562 1.0102254305012384 1.0134208220402363
1278 NaN 1.024734304422916 1.0423790971291456 1.0557226482856317
1530 NaN 1.0109834101270503 1.0194242534678892 1.0258176454472308
282 NaN 1.007197820806427 1.0139309919053585 1.019846985864413
29 NaN 1.0069255290318309 1.0138406901419703 1.0198167654611388
782 NaN 1.0112176429504056 1.0206326766045308 1.028402983234053
1279 NaN 1.0098406757321028 1.018025370854001 1.0247523184862515
783 NaN 1.0115676839025147 1.0207932998788956 1.0281156464630028
283 NaN 1.0111081677810456 1.019728292237542 1.0266822472005113
1280 NaN 1.0103489071228784 1.0175242922714933 1.0224578066648353
1781 NaN 0.9947357998665918 0.9927198377682237 0.9922784416333994
30 NaN 1.0123175089826266 1.0222175929289885 1.0299542573690574
1531 NaN 1.0040549023328387 1.0065768399305066 1.008189406046705
534 NaN 1.014608049400203 1.0251106588747971 1.0335816457210083
284 NaN 1.007151441238389 1.0126912157921757 1.017046846544868
1782 NaN 1.006707579076521 1.0126473872732926 1.0176369607292972
31 NaN 1.0114725048526743 1.0194792336365297 1.025293949037323
1532 NaN 1.0081786728730378 1.014983905805136 1.0204089192990895
1033 NaN 1.0325038295716902 1.0601241217700172 1.0829725504921235
1281 NaN 1.0102061373998183 1.0197722605150012 1.0282702178485146
784 NaN 1.0013272869213392 1.0021422899694128 1.0025176516716325
32 NaN 1.0076483441370059 1.0135696378245578 1.0180970275509034
285 NaN 1.0088307288841805 1.0153272505612634 1.0198878339640869
1783 NaN 1.0163892088788766 1.0304042298912142 1.0422432694596073
535 NaN 1.0036554210043076 1.0066620757380595 1.0091393402396316
1034 NaN 1.0094167001691063 1.0174517007884416 1.0240476835065417
1282 NaN 1.0087519977418578 1.0162140677873195 1.022293688081087
1533 NaN 1.0147006722405947 1.0258570125406228 1.0344757038524093
33 NaN 1.013588558183032 1.025051355736984 1.0341998714838951
1035 NaN 1.0113454635634214 1.0204986922973207 1.027764560944379
1534 NaN 1.0114098194964671 1.0204575280574517 1.027641158587081
286 NaN 1.0089970533224164 1.0168193403547456 1.0234176419599916
1784 NaN 1.0123699673605475 1.0241333221409594 1.0344700274999097
1283 NaN 1.0002887145010937 1.0013225789824167 1.0027417144442414
34 NaN 1.009010483736861 1.0176145827680538 1.0250838402744984
785 NaN 1.0116852806640242 1.0225613778503106 1.031853229046902
1785 NaN 1.0073484111717832 1.0138879099059772 1.0192449582426832
1036 NaN 1.0077539847318149 1.0138480130595886 1.0183700403603768
536 NaN 1.01510741290269 1.0292408152228651 1.0414307673406307
1284 NaN 1.0068227119732258 1.0121421496530507 1.0161982729512764
1535 NaN 1.0045417620702433 1.0081159322896778 1.0109035405890445
786 NaN 1.0029345421590663 1.00580940607527 1.0083300033375369
35 NaN 1.014758429804773 1.0281890462433436 1.039882633944576
1285 NaN 1.0075264526608185 1.0144941461843517 1.020407887928608
1037 NaN 1.00606657061119 1.01158498177206 1.016545944507571
1786 NaN 1.0059903758752564 1.011258021027554 1.0156780673470986
36 NaN 1.0072713154058457 1.0139019112043097 1.019473897347942
287 NaN 1.0001095658826862 0.9994928768058133 0.9984413114402293
537 NaN 0.9971955602837481 0.9963317547712918 0.9964695417753274
1536 NaN 1.0098101648132987 1.016006489394035 1.019996428404836
787 NaN 1.003862542452356 1.005696947467313 1.0062334815394358
538 NaN 1.0104274294223579 1.0188807278568641 1.0256503561038002
1286 NaN 1.0068189913030552 1.0124818020946715 1.0170028788495187
288 NaN 1.0077220373605151 1.0137481962304102 1.0183939798485009
1787 NaN 1.0049309758824165 1.008191604658542 1.0103805185156347
37 NaN 1.001514281357213 1.0037638567309477 1.0059238232697756
788 NaN 1.0094284552710762 1.0168305532819528 1.0224989992562699
539 NaN 1.0124010066968472 1.0232086769493527 1.0323412205379243
1038 NaN 1.0098820872986027 1.019993690823744 1.029162857746468
289 NaN 1.0152251862269561 1.027965907940929 1.0384519824769243
1788 NaN 1.0064221093022512 1.0110599818246715 1.014482735062219
1287 NaN 1.01461225519201 1.0271769732066656 1.0376344298245488
1537 NaN 1.0147454808485925 1.0268425329594169 1.0366925080408527
38 NaN 1.006730222223583 1.0114713035278464 1.014934427527948
789 NaN 1.0107909737949516 1.0193642129187377 1.026241713571864
1039 NaN 1.0110675323513336 1.0199666121581044 1.0271907812404533
290 NaN 1.0109747853350166 1.0211520490670691 1.0298789611859411
1538 NaN 1.0075821774426943 1.013895413710713 1.019000547125553
790 NaN 1.0106620533854516 1.018313910889761 1.0239731413484547
39 NaN 1.0107637849509854 1.0197978700183865 1.027111704038558
540 NaN 0.9969896834122505 0.9923204853302577 0.9872314270299096
1288 NaN 1.0116389875320961 1.0194278424537968 1.0246218585522977
1040 NaN 1.0057287299161648 1.0107813261308891 1.0149162039869661
1789 NaN 1.008051268699045 1.0160872689424911 1.0233106803567065
791 NaN 1.0079408284146758 1.0146902159289513 1.0203476937886269
291 NaN 1.0088724603539359 1.0159216378636835 1.0216127451976118
1289 NaN 1.0117184104180348 1.0210200594592285 1.0284130113757528
1041 NaN 1.011199037283296 1.019281265120047 1.0251661403179053
1539 NaN 1.0269680954484066 1.0477730479076182 1.0644377605699127
40 NaN 1.008644551852397 1.0146087986852521 1.018872023620579
792 NaN 1.0073102512537777 1.0133242071475015 1.0181841009328652
292 NaN 1.0056705378584931 1.0107180303337073 1.014832401696288
541 NaN 1.0078546738755887 1.0151436469238908 1.0216584742103836
41 NaN 1.0074196608649724 1.0132997176897234 1.0179769919183015
1042 NaN 1.0104483270366447 1.0181499715677165 1.0237761074608291
1790 NaN 1.0092009385431886 1.019148685386247 1.0284285531624342
542 NaN 1.0077609763379558 1.0136557062065032 1.0181020341034481
42 NaN 1.0062460949337622 1.0107037115942035 1.0139502490460999
1043 NaN 1.0075495324356332 1.0124522115828554 1.0155779516539911
1791 NaN 1.007651743439495 1.0140852794631163 1.0192904470885504
43 NaN 1.009501322379592 1.0182047244522225 1.0256072824521267
293 NaN 1.022483991754004 1.0397540030484773 1.0532744666743648
1044 NaN 1.0115227411361005 1.019801733965597 1.025932270135045
793 NaN 1.002647200216173 1.0003179973009404 0.9965601403714908
1792 NaN 1.0102541609024842 1.0183868310782678 1.0248628770337866
1540 NaN 1.0178555902409834 1.0257177923160619 1.028659710002727
543 NaN 1.0066481143703632 1.0130004168457463 1.0184712354369265
794 NaN 1.0078461364087186 1.0139316567469994 1.0187846160440688
294 NaN 1.0048561410911772 1.0078311200977825 1.0094008054653756
1793 NaN 1.011712016890731 1.021937885689574 1.030533722436877
44 NaN 1.0062211376406078 1.01034548994247 1.0131519673911757
1541 NaN 1.0081698704429605 1.0151386336072095 1.0209332897919816
1045 NaN 1.0103502787237992 1.0178426584076703 1.0235827262479076
544 NaN 1.0144301144962307 1.0259444589785705 1.0350630093905482
1290 NaN 1.0041330887803166 1.0021362089615449 0.996504296276899
795 NaN 1.0065300036596314 1.0116706647862652 1.0158247910594302
45 NaN 1.009894549438589 1.0190712258880106 1.02694481719772
1794 NaN 1.0141757344077562 1.027156468505709 1.0385221412076169
295 NaN 1.0096419352716344 1.0165154259218585 1.0216038201715543
545 NaN 1.0087809220106294 1.0159115282088351 1.0214730912712242
1046 NaN 1.0111046873153084 1.020927371082618 1.0288701496459314
1542 NaN 1.0143799131187203 1.027555459773076 1.0389423769194315
1291 NaN 1.0149671315123967 1.0282059270863746 1.0394843495301045
296 NaN 1.007681164749013 1.0140367614819101 1.0191839383309396
46 NaN 1.0166618459907368 1.0309201239664982 1.0428232011360377
1047 NaN 1.0088715457170536 1.0159822325995784 1.0213145451961836
1795 NaN 1.0140693689017537 1.0262373883329146 1.0362863296539404
796 NaN 1.0140297628265487 1.0291927399384868 1.0429865251149104
546 NaN 1.0117604303478311 1.0212561288059023 1.0289862111273815
1543 NaN 1.0077268574957747 1.0140973430251259 1.0194188870958623
1292 NaN 1.0115347525453022 1.0218786977293013 1.0308980360389295
547 NaN 1.0129655471851249 1.0244637176904794 1.0341467128079491
1796 NaN 1.009912273653614 1.0167114031878401 1.0216113585944142
297 NaN 1.0143047593894219 1.0266532456884585 1.036853241559435
1048 NaN 1.0101953224034224 1.0200084654616932 1.028515926072311
1544 NaN 1.0114106472076327 1.0214772058356931 1.0297905227352864
797 NaN 1.0118824479034687 1.0210451855550435 1.0280170523734433
548 NaN 1.0099244445709343 1.0176676412684371 1.0236635496360247
47 NaN 1.0089341054038758 1.0180666168213934 1.026236660963252
1293 NaN 1.0185758846184474 1.0342220137148141 1.0472332994970561
1797 NaN 1.011461110115817 1.020862681814129 1.0284824144769553
798 NaN 1.0097208879537376 1.0176994273737408 1.0241403475520843
298 NaN 1.0127414900729876 1.023903661416858 1.0331139018477753
1545 NaN 1.0057132486776665 1.010056256385588 1.0134715838764043
799 NaN 1.008333978094765 1.0152532391000593 1.0208678935624036
1294 NaN 1.007690378048872 1.0138059441632228 1.0185208126911625
1798 NaN 1.011555874272814 1.0207669882933612 1.0282208791358027
299 NaN 1.0109753504320538 1.0196291738046184 1.0264896734679427
48 NaN 1.0125665980535026 1.0232060526925217 1.031863833724427
549 NaN 1.01195589258301 1.021223301027643 1.0286092522274688
1546 NaN 1.0030073091273974 1.0046615109143586 1.0055623688092425
1049 NaN 1.0136445334958701 1.0261084764181494 1.0363436379918622
49 NaN 1.008797686280549 1.0160852400762226 1.0219523079926025
1799 NaN 1.0100390114781554 1.0179189053537003 1.0241302593698811
800 NaN 1.008106404737955 1.0120760856176019 1.01395694582664
1295 NaN 1.008503022397886 1.016758844500739 1.023934605135736
1050 NaN 1.0077662436529993 1.0139734725704488 1.0187103902329444
550 NaN 1.0107618937477678 1.0204700359732393 1.0286494386139684
1800 NaN 1.0078342649202476 1.0147836110055997 1.020601078841673
1547 NaN 1.004775315260687 1.0091123939644109 1.012765578313466
801 NaN 1.0035547715864384 1.0062083057108409 1.0079988963634365
300 NaN 1.00827344838159 1.0131164741930672 1.0159891409022623
1051 NaN 1.0103566920736984 1.019047368638153 1.0261040382913535
50 NaN 1.0129919894008643 1.025415186222487 1.0362840028956442
1801 NaN 1.0086626055436878 1.0159956612002965 1.0220805381515512
551 NaN 1.0130128245942198 1.0239595426430579 1.0329278554406918
802 NaN 1.008088220770276 1.0141300224695122 1.018709889870893
1548 NaN 1.0055641967980258 1.0103806970541926 1.014383810168995
1052 NaN 1.0086178583466554 1.0155722644930518 1.0211418850261877
301 NaN 1.0086803476838933 1.016537427688751 1.023201556958436
1802 NaN 1.0093821515950878 1.0178793154430554 1.0251427923026508
1296 NaN 1.01644844294791 1.02918132157272 1.039019309879931
803 NaN 1.0069660930834239 1.0130143060233536 1.0181875481137626
552 NaN 1.018707163456991 1.0323720388467799 1.0429872204873194
1053 NaN 1.0122657696113124 1.0218341515858125 1.0292013930029091
1297 NaN 1.0087652558052278 1.0159933158062242 1.0217651244361925
51 NaN 1.005105487250174 1.006889467990871 1.0072946591692842
553 NaN 1.0083254145285894 1.0159381981630808 1.0224738605443089
1803 NaN 1.0047106747602628 1.0076944781707258 1.0090938422552664
302 NaN 1.0017554352115507 1.0025266769186572 1.0031939063007187
1549 NaN 1.001813789132142 1.002598804878701 1.0032157563292214
52 NaN 1.0102149415603978 1.0180579072052278 1.0242102933259258
1054 NaN 1.0101206996567935 1.017533388569294 1.0232357804125727
554 NaN 1.0120708979143256 1.0216828165103868 1.0293366843525729
1804 NaN 1.0100266573905994 1.01822803772603 1.0247715085176998
303 NaN 1.006290485993208 1.0114361673723313 1.0155637498869539
53 NaN 1.0085245386775155 1.015929963777216 1.0219633705631352
1055 NaN 1.0101422407059042 1.0180943976620254 1.0244548239179823
1805 NaN 1.0063267556290514 1.0108223291063148 1.014026254334818
1550 NaN 1.0088975469885495 1.0159503982083298 1.0216215823836916
54 NaN 1.012355357218309 1.0224855424383612 1.0306842384177768
1298 NaN 1.027082273891331 1.0507598861520258 1.0709113034645361
1056 NaN 1.0086787796642886 1.0152784472503253 1.0200109966576247
1551 NaN 1.0077445240709486 1.0141637283137743 1.0192239902716194
555 NaN 1.0036028465388993 1.0062574932846686 1.0084767103475711
304 NaN 1.0255757024647205 1.0474983992137497 1.0658493685371784
1057 NaN 1.0150577319096044 1.0276421351122418 1.0380867932428424
1299 NaN 1.0111438724538249 1.019654056816677 1.0265404145892754
1806 NaN 1.003544912875142 1.006076840840911 1.0074609657858122
804 NaN 1.022217541655157 1.0425213420157697 1.0604912253825416
55 NaN 1.0149473318520126 1.0285365231717292 1.0399068326615934
1552 NaN 1.007863627027018 1.0148710034063253 1.020472379788748
305 NaN 1.0089430761080362 1.0162904184657215 1.022153367141275
556 NaN 1.0079118304162753 1.015753066898551 1.0227058773683055
805 NaN 1.0092631066849793 1.0170953045580278 1.0234385841663922
1300 NaN 1.002816445244918 1.0055907628066882 1.0078718684113337
1058 NaN 1.0078981537178082 1.0153764218766848 1.02181488226015
557 NaN 1.0147540488953275 1.027342398892401 1.037510522915072
1553 NaN 1.0081717633823841 1.015085056692298 1.020914354709264
306 NaN 1.0057826661740303 1.0096439357582394 1.0124359339216538
806 NaN 1.0086236810597153 1.0184669333767746 1.027794993266182
1807 NaN 1.0031581973431811 1.005465883109365 1.0072746573166451
56 NaN 1.0141520636434673 1.0263529971721348 1.0364273700413287
558 NaN 1.0033871509862384 1.0066744149835614 1.009474402155286
1301 NaN 1.0093056295634977 1.0165098298171054 1.0220088963456064
1059 NaN 1.008477602758186 1.0145370555361324 1.0190721415466661
1554 NaN 1.0116283125053984 1.0206489185070555 1.027401789781096
807 NaN 1.0055094401346965 1.0093476438648892 1.011950565239667
57 NaN 1.0098785237934722 1.0181391363540393 1.0249256721284195
307 NaN 1.0121891448637494 1.0217746045945504 1.0293823401182916
559 NaN 1.008717855911846 1.0150290264271697 1.0196443814280711
808 NaN 1.011077690164767 1.0197513658312578 1.0265967221178183
1555 NaN 1.0126186478398314 1.0220605723557157 1.0294253923433536
1808 NaN 1.0131225249234632 1.0254190779187198 1.0360278911342804
58 NaN 1.0167829342600114 1.0306105062650115 1.0420148158095799
1302 NaN 1.0122668535975616 1.0226117780216155 1.0307993494641228
1060 NaN 1.0063023735011831 1.0121537224361057 1.0174796887694115
560 NaN 1.0063560529326232 1.0124128139809956 1.0176151523453483
308 NaN 0.99898145336344 0.9985201528383497 0.9983500416567489
809 NaN 1.0035109926186951 1.0070469066185257 1.0100798464606342
1809 NaN 1.013812586649892 1.02486477988911 1.033802320241111
309 NaN 1.0100525721868356 1.0176946916990464 1.0234980279491959
810 NaN 1.009052590973586 1.0164720364587276 1.0224611388217286
1061 NaN 1.0114623488784897 1.0215718945231846 1.0300300049615156
1556 NaN 1.0159988617252909 1.0269637296607603 1.0349757508175756
59 NaN 1.0146299072364164 1.02672816298785 1.0366827988860072
561 NaN 1.0044734909638904 1.008524407643279 1.0117927020235835
1810 NaN 1.0100018874874659 1.018259937747397 1.0249473161110298
1062 NaN 1.009120318427002 1.0165040229782707 1.0224337373447028
310 NaN 1.0069996731679098 1.0131865436711038 1.0183948747202476
1557 NaN 1.0070514366718473 1.0137687926658123 1.019452134186349
1303 NaN 1.0215157153242682 1.0389337519589643 1.053025939946405
1811 NaN 1.0092425063685142 1.0186968651558832 1.0273968288736557
562 NaN 1.0121461598469963 1.0220387617766518 1.0300989860212069
811 NaN 1.0061053816890384 1.0127205594438318 1.0186093801707738
60 NaN 1.0024609383425807 1.0044558542701139 1.0057620182158096
1063 NaN 1.0038056182667976 1.007946481403676 1.0116014252467924
1304 NaN 1.0142432935903485 1.0261233528817781 1.0357594447578664
1558 NaN 1.0130659040001417 1.0223727031063121 1.029065241665993
563 NaN 1.0060383067647745 1.0108615834955819 1.014360868778646
1064 NaN 1.0061087258223618 1.0108383994175663 1.014535110386318
1812 NaN 1.0037090244384452 1.0066310560043497 1.0086839515197454
61 NaN 1.0130390449036766 1.024008142357458 1.0328641349162602
812 NaN 0.9928065632173912 0.9896856626426724 0.9887044907404352
1813 NaN 1.008436684353994 1.0155048038555976 1.021226839369786
62 NaN 1.0110491817851008 1.019980535669087 1.0271555600872246
564 NaN 1.0036161452269028 1.0061866849399501 1.007813238891345
1065 NaN 1.0086268436710502 1.01487305009636 1.0197596058268208
1814 NaN 1.0140961934105797 1.0254583457670516 1.03453962852599
1305 NaN 0.9960659407853871 0.9916662986104101 0.9872777152759538
311 NaN 1.0326511251915536 1.0613161950215826 1.0860869170317258
1559 NaN 1.0038801667110635 1.0055321384499734 1.0064525654802108
63 NaN 1.0142074492196755 1.026817895264882 1.0375576105292792
565 NaN 1.0115941067385075 1.0223235954937149 1.0313768306055848
1306 NaN 1.0090861633089043 1.0160076689572264 1.0212012405394597
1066 NaN 1.0162078973182025 1.0322479775396414 1.0464055378821997
64 NaN 1.00849145909571 1.015522539364959 1.021165463381488
312 NaN 1.0131761992683586 1.0248420649093708 1.034214170893794
1815 NaN 1.0101590793741047 1.0176832834417413 1.0233484151437704
566 NaN 1.0101691121595486 1.0189763530943463 1.026204481903739
65 NaN 1.0096763926657615 1.0172666486142992 1.023173620428062
1307 NaN 1.0118645087472824 1.022019485784152 1.0304149216556167
313 NaN 1.012957191442469 1.0235884703222609 1.0321280628641527
1067 NaN 1.0094679802065456 1.018280954515648 1.0257567724909349
567 NaN 1.004537638071561 1.0081951964292524 1.010837294353544
1560 NaN 1.008876522500183 1.0124987281696647 1.0138044324293327
314 NaN 1.0102848591625757 1.018503954877953 1.0248668738501434
1816 NaN 1.0092506175522866 1.0184051186803345 1.026486037128275
1308 NaN 1.009209469308219 1.0172184581990888 1.0238116512873832
813 NaN 1.031389270016113 1.0626886359951788 1.0918070354312335
1068 NaN 1.0068533053602675 1.0123921510186424 1.016838592264209
1817 NaN 1.0087705616523717 1.0159541247576165 1.0216008442977493
315 NaN 1.0103403916218812 1.0189679770958116 1.0257793051426691
1561 NaN 1.005476019475323 1.010032588517562 1.0137031110075518
1309 NaN 1.0078758744758536 1.0142471737215837 1.0191831143433705
66 NaN 0.9933284656970295 0.9879379165209634 0.9833145324292291
814 NaN 1.0076214369192824 1.01405561195494 1.019234644559641
1818 NaN 1.0155166540188147 1.0286644311357365 1.039298320649613
1310 NaN 1.0095555712818216 1.0172964546199277 1.0234592269795455
1562 NaN 1.0082369206814639 1.0148337605721813 1.0199713085311541
1069 NaN 1.0090191425008324 1.0152268157893556 1.0198647213385557
568 NaN 1.003342816671666 1.0038513501640496 1.0034209017514637
1311 NaN 1.007335933102986 1.0139875245670118 1.0196161024250685
67 NaN 1.0120142251412372 1.0221807710995994 1.0304624893151
1819 NaN 1.0113696797867555 1.021865966339156 1.030794919110954
815 NaN 1.0067722443493532 1.0126573388307845 1.0176929183572516
1312 NaN 1.0085909281930279 1.0157964276725875 1.0216613466912354
1563 NaN 1.0080689249164525 1.0139262466910144 1.018370654505116
316 NaN 1.018810627191355 1.0338945817562726 1.0462075624201737
1820 NaN 1.0064026929590737 1.0120754657771398 1.016692877619956
1070 NaN 1.01016223661865 1.0206960639179485 1.030131740184022
816 NaN 1.0035494885558245 1.0066941506789935 1.0093363236334743
569 NaN 1.0064289302336968 1.0095622230159382 1.0107958475338361
1313 NaN 1.0103762168132528 1.0201573218486457 1.0285435083196452
317 NaN 1.0125804944219403 1.0233400213506245 1.032121934693848
1821 NaN 1.0087631161570776 1.01625105058041 1.0223546675170019
1564 NaN 1.013694885001723 1.0238090341845356 1.0314303398842304
68 NaN 1.0127708046198205 1.0249524007825626 1.0352917097485737
1071 NaN 1.0047923939393328 1.0099802635180408 1.0148129737656575
570 NaN 1.0136013184844546 1.0244410029224034 1.032796347092199
1314 NaN 1.006113215358274 1.011698418969033 1.016279360529252
1822 NaN 1.006069732708774 1.0120513825743915 1.017354530032132
1565 NaN 1.0066332763497914 1.0127895851056516 1.0180749762750216
817 NaN 1.00929495811614 1.0155717690523858 1.0199326066791798
318 NaN 1.0087459173814675 1.0150007056341326 1.0193569488997698
69 NaN 1.0044370103375384 1.0088596620907755 1.0127379106995749
1566 NaN 1.0077792289261327 1.0142918032667487 1.0195734801454996
571 NaN 1.0063520946857534 1.0107225138419096 1.0138204429979907
1823 NaN 1.006195581330826 1.0103641051284171 1.0134082378734444
1072 NaN 1.0015656093206817 1.001649105992154 1.0008947870340064
1315 NaN 1.0070880808283096 1.0133880254799412 1.0186262230933054
70 NaN 1.00360660601077 1.0061798464906457 1.0079117084013556
572 NaN 1.0111035026422877 1.0203618529551493 1.0279136776134639
319 NaN 1.0126330768736764 1.023215934007879 1.0319296995160336
1824 NaN 1.007067636203265 1.013269411333704 1.0182360187645745
1316 NaN 1.0077628341582354 1.01411227133291 1.0191984112721157
71 NaN 1.0047273773239236 1.008294313863662 1.011182431068796
320 NaN 1.004535916733155 1.0078572869539817 1.0103784523392176
1825 NaN 1.0117898170424868 1.0217824506881115 1.0298926684166723
1073 NaN 1.0000374638201366 1.000207711544481 1.000013531076635
573 NaN 1.0106350388143293 1.0179084242892937 1.023156076869424
1317 NaN 1.009356058433436 1.0170247081188428 1.0233642391303241
72 NaN 1.009865274830256 1.018427394929313 1.0255133271074546
321 NaN 1.0111549809395348 1.0203293413640802 1.0277217284981446
1567 NaN 1.0136990648333541 1.0267395489982882 1.0379896506231687
574 NaN 1.0120010332653266 1.0225384716234798 1.031446875463533
1074 NaN 1.0111564303074163 1.0191343868207552 1.0250086088183428
818 NaN 1.0236565399766373 1.0445037174351555 1.0621764593619987
1318 NaN 0.9994188002872232 0.9996698521015062 1.000060561713183
1568 NaN 1.0055442605639453 1.0106685007654668 1.0149461557006978
575 NaN 1.0105928963012996 1.0188355519366665 1.025015959320508
1826 NaN 1.0064889407571909 1.0101354107150127 1.0123674050823337
819 NaN 1.0091114448146261 1.0158677993637684 1.021047283494024
1319 NaN 1.0094676809846677 1.0176707322853324 1.0246348696619665
1827 NaN 1.0089804829759188 1.01637247797863 1.0223299393768028
820 NaN 1.01335134932315 1.0242562795598091 1.0332058829751984
576 NaN 1.0053278240107537 1.011452096877343 1.016922859850232
1075 NaN 1.0124222445967315 1.0235315576603206 1.032614775404452
1828 NaN 1.0064596571011792 1.0114894486591384 1.0155215339180967
1569 NaN 1.0187130772898774 1.0348144096438852 1.0487022460810829
73 NaN 1.020090417828456 1.03603638177673 1.0481631868797807
821 NaN 1.0111587880337278 1.0206556564993208 1.0283664704441915
577 NaN 1.0063533803956002 1.0119329296092539 1.0164311703299438
1076 NaN 1.0084824056842583 1.0145742063205883 1.018999737827738
1320 NaN 1.0194719217140167 1.0324070238612564 1.0415950926826867
322 NaN 0.9883278736575304 0.9770519116793857 0.9677377091444098
1570 NaN 1.0084656126951796 1.0161248607502062 1.022550126482466
578 NaN 1.0102497420358212 1.0184303150101452 1.0248075362824005
1077 NaN 1.0069004951410723 1.0128819285762025 1.0178110031336725
1829 NaN 1.0112478821050916 1.0197478594864686 1.0259317551042224
822 NaN 1.004611620270579 1.0090137668663233 1.0129491374692008
74 NaN 1.0109520806112846 1.0209651489063065 1.0292995683689583
1321 NaN 1.013782732599336 1.0250649353071817 1.034173440491652
579 NaN 1.007534578549951 1.0137466676920246 1.0187225147819787
1571 NaN 1.0051988908747964 1.0094944287567544 1.0128917508965558
323 NaN 1.0084067796235854 1.0162607096396048 1.0230957910812641
823 NaN 1.0038420992130344 1.0064010973032376 1.0077444078790234
1830 NaN 1.0108096873472927 1.0205036415811928 1.0286412836408836
1322 NaN 1.0074628093534737 1.0136597648906662 1.018589762752989
75 NaN 1.0028907200692352 1.0049671098830173 1.006552240225562
324 NaN 1.0107048652363912 1.0195919055829865 1.0268235011561544
580 NaN 1.0068192756781686 1.0132334090219528 1.0187052441376503
1323 NaN 1.0084260814709856 1.015473749765798 1.0211687469707815
1831 NaN 1.0110536523761864 1.0202562129580262 1.0277209386036499
1572 NaN 1.01237041918398 1.0220474072909145 1.0292975427449569
76 NaN 1.0101948188376257 1.0183392951590593 1.0249324922454843
325 NaN 1.007329089745316 1.0136492113725917 1.0187378028100267
1078 NaN 1.0105380767814907 1.0207978865206484 1.0298333834186577
824 NaN 1.0036538775053645 1.0081351101111833 1.0118389666473233
581 NaN 1.0058119580463742 1.0103303266106198 1.0139117751989923
1079 NaN 1.0083483363446317 1.015392472924873 1.021006172287857
77 NaN 1.00499502086853 1.0096131382699296 1.013521365563868
1573 NaN 1.0207478569926443 1.0391955555710277 1.05518787146522
1324 NaN 1.0063056792475666 1.010653983291533 1.013808227450169
326 NaN 1.0069303501560543 1.0147712051937567 1.0220348621763369
1080 NaN 1.0121548046695679 1.0224439441564126 1.0308716415958714
1832 NaN 1.0076885529658308 1.0121299059774163 1.015325326596328
78 NaN 1.0090130172762815 1.0173789217787592 1.0246650015251983
825 NaN 1.0044255191763336 1.008366459500235 1.0119868678254385
1325 NaN 1.0110175252115057 1.019868073227617 1.0269731669442428
79 NaN 1.0078780793578628 1.0146456730043074 1.0201306226284341
1081 NaN 1.0052970710351603 1.008887231992283 1.011126617372036
826 NaN 1.0143497082250068 1.0272369701201305 1.038463667047349
1326 NaN 1.008380827528178 1.0152180321269297 1.0205994286950681
1574 NaN 1.0070604283490796 1.0103881125309522 1.0120777895176032
327 NaN 1.0174230015188268 1.0326312898455405 1.0454563347077663
1833 NaN 1.0043918215447822 1.0073158954358212 1.0094511144398228
582 NaN 1.0153352418648514 1.030251745559273 1.0432951271641706
80 NaN 1.0134673883038978 1.0241562487033795 1.0323929129781246
1327 NaN 1.0082392820339305 1.0154523816452614 1.0215073947116882
1834 NaN 1.0082638629559093 1.0157092782903459 1.0220963797809384
827 NaN 1.006158979084745 1.0109600516070834 1.0147214808215868
1082 NaN 1.0065418924295026 1.0119245165455562 1.0160811058863415
1575 NaN 1.0112823401835678 1.0196737072703554 1.026041558565261
81 NaN 1.0078505028766183 1.013911024831303 1.0185668203489546
1083 NaN 1.007607430172582 1.014572494816512 1.0207806022472035
328 NaN 1.0049083345124332 1.0076229274250073 1.0097323411102255
82 NaN 1.015327837176547 1.027767075816829 1.0377932099350708
1835 NaN 1.0020513888865512 1.0035197082668141 1.004561942660049
583 NaN 0.9995907095598828 1.0027592220037849 1.0064976239965766
1328 NaN 1.020904117625189 1.038400409279818 1.052214196568063
1576 NaN 1.0073704446612064 1.0138705600623565 1.0196221325999018
329 NaN 1.00912233654097 1.0166428831947465 1.0226140875130227
1084 NaN 1.0096172360342925 1.0178543289270217 1.0247071660896436
83 NaN 1.0109487846801117 1.0191695765160849 1.02535226781081
1836 NaN 1.0116531082310851 1.0206042454043256 1.0274390866816272
584 NaN 1.0101850660703418 1.01838917589675 1.0247957388724538
1085 NaN 1.010522580078037 1.0184678570793526 1.0246972246349952
1329 NaN 1.0106808872754882 1.0206551771344348 1.0291407858988741
84 NaN 1.0078677012457733 1.014091858491006 1.0189865154691324
1837 NaN 1.008647237838578 1.0159917039817736 1.021894296335846
1577 NaN 1.016368842377012 1.0333367694646083 1.0492430926310148
585 NaN 1.0044862976921967 1.0078737098232842 1.010498646879323
330 NaN 1.0037255343043734 1.0067779494737885 1.009212852006568
1086 NaN 1.012989944520239 1.0244195267489482 1.034052254640585
828 NaN 1.0347821881241441 1.0666573204774317 1.094091978022054
1330 NaN 1.0113112439380954 1.0216328595573516 1.0305905549998837
1578 NaN 1.0127909143852118 1.0235206243737889 1.032321421583019
586 NaN 1.0095153991936223 1.0178696359207946 1.024770555222205
85 NaN 1.0098486932591328 1.015996500904762 1.019696264345659
1087 NaN 1.0089040731353145 1.0155827494152154 1.0205007991481687
1331 NaN 1.0101458765481264 1.020149692259739 1.02898604242896
1579 NaN 1.0107512177402005 1.020163051983263 1.0282550831007535
587 NaN 1.0105048866554172 1.0192603779463896 1.0265274565472866
331 NaN 1.0108854824865505 1.0214123468836656 1.0304292334546503
86 NaN 1.0099696772486284 1.0182864436340395 1.0249845368034998
1838 NaN 1.0028792364718724 1.0048708888082214 1.0063642896114604
1088 NaN 1.0099663554134766 1.0194515950092695 1.027787018748022
1580 NaN 1.0086202121819967 1.0150690105923064 1.019956246858395
829 NaN 1.0189012856550892 1.0330186323970698 1.044005306838731
87 NaN 1.0132456605666356 1.0249312974829867 1.0349186371194943
1332 NaN 1.0123545577885038 1.0233227872264765 1.0324724283782483
1581 NaN 1.0040162563762505 1.00686039921968 1.0089155123445521
1089 NaN 1.0057940822320275 1.011072367885889 1.0150096028325202
332 NaN 1.005817995213662 1.0101589155620603 1.0135253975738494
1333 NaN 1.0045092466514314 1.0090637461261296 1.0129433043015021
830 NaN 1.009216688758585 1.016559040919413 1.022350291891744
1839 NaN 1.005354798804714 1.0083369559417095 1.010174004602896
1582 NaN 1.0072067621076282 1.0131698765785155 1.0179802556832194
831 NaN 1.0087165013202477 1.0152416809967293 1.0201394022559023
1334 NaN 1.0050036937509343 1.007928853915706 1.0095229815576225
333 NaN 1.0115128054556375 1.0210337782039227 1.028578449216477
1090 NaN 1.0108042705393836 1.0199498266248943 1.0278147796389863
1840 NaN 1.0085481029509873 1.0154094643945966 1.0210423228146588
1091 NaN 1.0093705982585668 1.017456320495353 1.024171069587215
1583 NaN 1.0131842882104032 1.0221042245657153 1.0284086511009651
1335 NaN 1.0116726951994126 1.021730903312434 1.030155954177906
832 NaN 1.0107025470330127 1.0220454088954993 1.032334905416453
1841 NaN 1.008117028792398 1.014533724131928 1.0195346006449348
1092 NaN 1.012456795832897 1.0231466556456563 1.0319739232772431
1584 NaN 1.0051435869836913 1.0095711560801446 1.0129933487819607
833 NaN 1.0121297908257414 1.0226006701197186 1.0313848646187842
88 NaN 1.01757964887485 1.03380786791175 1.0480339093840498
1585 NaN 1.0102067474398542 1.018347801772674 1.024661509693758
1336 NaN 1.00435286723589 1.011704898740173 1.0193071591439404
1093 NaN 1.0125665713835081 1.0245904356469333 1.0347253983833913
834 NaN 1.0056309575602793 1.0104389353811059 1.0145245274518926
334 NaN 1.0017886982024156 1.00239434131403 1.0023996475524908
1586 NaN 1.008629550910129 1.016230637297341 1.0225551164297704
89 NaN 1.009009290048949 1.0178282758301112 1.0256307615392282
1094 NaN 1.0052755294159557 1.0115402909975577 1.01730864064687
1337 NaN 1.0184309357891435 1.0349751128563704 1.0496882825815046
835 NaN 1.0095973911103737 1.018464447179483 1.0258457664765197
1095 NaN 1.0125534857019374 1.0231635498599043 1.031879807529423
1338 NaN 1.011828234990764 1.019394656190607 1.0245351351492131
90 NaN 1.0098722547415229 1.0197140142306145 1.0286416943653263
1842 NaN 1.0129852513809312 1.0224605972505116 1.030891218941328
335 NaN 1.0038048354330011 1.006124121384852 1.0073606534566086
1096 NaN 1.0044227200488343 1.0091819774110087 1.0132950294433467
1339 NaN 1.0099183969714796 1.0188551533968107 1.0263790585638064
836 NaN 1.013939269574255 1.0260717285629792 1.0361586541926595
1587 NaN 0.9965621600892898 0.9932305483471001 0.9906222690024986
336 NaN 1.0098808544908608 1.0174763548685721 1.0234409872270251
1843 NaN 1.0124709323801764 1.0243263836727432 1.0347730979371634
1340 NaN 1.01189519668868 1.0217283637490444 1.029708716223053
837 NaN 1.0125174631080467 1.0228552850803447 1.0311750408374194
1097 NaN 1.0030852193557152 1.0048171052909651 1.005582947288157
1588 NaN 1.0064780357313738 1.01026443224554 1.012540773990466
91 NaN 1.0030939221972452 1.0073446962168178 1.011801206888133
838 NaN 1.004717399566749 1.0088879709740772 1.0122976918048754
1844 NaN 1.0176217879156786 1.0332457589108128 1.0465758391670281
1341 NaN 1.0036040118689005 1.0071925139583007 1.0103767716696836
1589 NaN 1.0062131913036145 1.012013404615575 1.0170110834247943
1098 NaN 1.0088219738151754 1.0170670481991082 1.0241658313839421
1342 NaN 1.0111227971532235 1.020181786964421 1.0273828873103839
839 NaN 1.0093865999845169 1.0180938556913444 1.0255783629757225
1845 NaN 1.0109499969590747 1.0194330040230228 1.0260675270044473
588 NaN 0.9489104140135127 0.89846795874875 0.8520202099099696
92 NaN 1.0080524517749052 1.0168553426222497 1.0249335662814532
1099 NaN 1.0116401476761387 1.020872047295198 1.0282052267061663
840 NaN 1.0047696695939698 1.008303700999448 1.0109331409178826
337 NaN 0.9910973187369089 0.9834305952131597 0.9771154747357182
1846 NaN 1.0129573093043638 1.0228472942572007 1.0305313036435957
1590 NaN 1.0078990862860895 1.0121006729396418 1.0144502127707187
1343 NaN 1.0136233618262207 1.026702808370428 1.0381429435299694
93 NaN 1.0091513869472137 1.0163436117365627 1.0220097990058579
589 NaN 1.007255725657328 1.0147125031612387 1.0212872216537892
841 NaN 1.0087821098866814 1.0157968770609396 1.0212800146449008
338 NaN 1.006692990725649 1.0116287594273208 1.0154186210421803
1847 NaN 1.011227756113987 1.0202604026893602 1.0273812639952173
590 NaN 1.0098747823530885 1.0184884997782717 1.0257044174196108
1100 NaN 1.004552107901812 1.0079358870202553 1.0103807358713142
1591 NaN 1.004652394525511 1.0090152208580792 1.0125106005532856
1344 NaN 1.018252490021911 1.0346054220571346 1.0486326474215781
591 NaN 1.0097938440681231 1.0179497631075898 1.0244479067569283
842 NaN 1.0044512327903128 1.0090094723242642 1.0132167911623875
1592 NaN 1.0086620987302255 1.016525521945419 1.023334014615347
1345 NaN 1.0069951843467617 1.0128884965576057 1.0176767965032911
1848 NaN 1.0188937827265836 1.0355323393479452 1.0498042582135128
94 NaN 0.9978460692498583 0.9953826081401895 0.9928036579902608
1593 NaN 1.0055891339382237 1.0096504252576846 1.0125244944553426
592 NaN 1.0048946338679752 1.0078880313697245 1.009919848761719
1346 NaN 1.004994201150686 1.0092400409749473 1.0126139774774399
1849 NaN 1.00962678421786 1.0171791399023182 1.0228591515625347
593 NaN 1.0100777384212496 1.018877715355329 1.0263045930824195
95 NaN 1.0111625203501438 1.0204912405618558 1.0281365248722885
843 NaN 1.002715270005852 1.005681147989183 1.0086517730128406
1347 NaN 1.0095874933779043 1.0183431760879924 1.0257683619150708
1850 NaN 1.0111304063896027 1.0171761590128416 1.0204360008369262
339 NaN 1.0497246416724106 1.0903657538711853 1.1239363727187754
594 NaN 1.010467197483229 1.0199011005795422 1.0280896087620974
96 NaN 1.0116236876949294 1.0222161227845241 1.0313247557658214
1101 NaN 1.0220055850489522 1.0452509400361936 1.066674955652345
844 NaN 1.0102696604100503 1.0190793153167483 1.0264543333389957
1851 NaN 1.0073253097475408 1.0128436615633065 1.0170127886317863
340 NaN 1.0177474321336328 1.0317838477702572 1.0429646583087178
845 NaN 1.0078549426638317 1.0148188013183228 1.020718416797906
97 NaN 1.0076435468157072 1.0157549494495994 1.0230994129796804
1348 NaN 1.0089277172751536 1.0183560165400167 1.0272322617570788
595 NaN 1.005868434673172 1.0110677234196233 1.0155198915381216
1594 NaN 1.0114467088420824 1.025940126406348 1.0403532143895664
846 NaN 1.012743739886331 1.0238956769564669 1.033384723806014
341 NaN 1.008958117952792 1.0157711427927207 1.0208188098518687
98 NaN 1.0117847131193811 1.0215498370745928 1.0294103391633806
1852 NaN 1.0102007443240177 1.018767915122775 1.025990381471736
1102 NaN 0.9993339401525735 0.99708354474568 0.9941422349141692
1595 NaN 1.0046490245833428 1.0087931937209527 1.0122240158718752
596 NaN 1.0117186713745474 1.0210332324852185 1.028518781689581
1349 NaN 1.0090909874389624 1.0187175567823463 1.0276679906594663
342 NaN 1.0117254929419783 1.0212047419828536 1.0286691958370306
1853 NaN 1.0097263516978048 1.0179565185209234 1.0246455982745857
847 NaN 1.0045260099801046 1.008139932745143 1.0109694929675737
99 NaN 1.0065921160887072 1.012052857834924 1.0163031614781288
1596 NaN 1.0110216154073368 1.0201815203405062 1.0274567572940012
1350 NaN 1.007957441702872 1.0145954938601482 1.0199403659753474
1103 NaN 1.0033998782836184 1.0057509097997024 1.0070667779883276
1854 NaN 1.0110795803558599 1.0209220083688113 1.0291470727442056
1597 NaN 1.010476120557958 1.0193798155150517 1.026542889099047
343 NaN 1.0053916402917928 1.0092086715645197 1.0115642326453702
848 NaN 1.0199435477102359 1.0368531925227131 1.0511491394135861
597 NaN 1.0124397056976069 1.0234920077758534 1.0330367688950568
1855 NaN 1.0073911496323213 1.0142966421918644 1.0202617200868311
1598 NaN 1.0054175743512648 1.0095687385041834 1.0126233640480635
1351 NaN 1.0020787453871067 1.0012603962512125 0.9992930345016443
1104 NaN 1.0070924685308744 1.0151323221397026 1.0224152269789826
849 NaN 1.0061261280024492 1.0106419811420009 1.014131813918155
100 NaN 1.0126058467586065 1.0219921946426476 1.0298864496028926
1599 NaN 1.007774015686568 1.014503805310872 1.0201294585228078
1856 NaN 1.0131161590272324 1.023597541125919 1.0319985992430851
344 NaN 1.0087837329205627 1.0141297421368207 1.017279224237022
598 NaN 1.007345762839801 1.0123151618648216 1.0158831290689028
850 NaN 1.0065885512547394 1.0118289104694635 1.0158628378034715
1352 NaN 1.0003145455760365 1.0017040712512257 1.0029367653898988
345 NaN 1.0136374022090797 1.0234691334482493 1.0309346016927787
101 NaN 1.0172696702642563 1.032619024572664 1.0454912594148924
1600 NaN 1.0147316833070015 1.026394774267329 1.0355949634231834
1105 NaN 1.0017686371713155 1.0031612578398874 1.0040492322376797
599 NaN 1.0047158434607488 1.008272282964055 1.0106233998603997
102 NaN 1.008558308100834 1.0156984315212387 1.0214635246239636
346 NaN 1.0160485382404725 1.029182177889128 1.039973398499245
1353 NaN 1.0093218978830467 1.0155928403331254 1.0199603322511652
1106 NaN 1.008341237576763 1.0159284662247667 1.0222991079599155
1601 NaN 1.0085987258316271 1.0155011848462905 1.0207273221454107
600 NaN 1.0060496321752204 1.0118098972441978 1.016818645114102
1857 NaN 0.9949266529316128 0.9936447347907409 0.9942343067479604
103 NaN 1.0101812353444923 1.018627818531408 1.0254625893543603
347 NaN 1.0124217709950847 1.0225458187402885 1.0307443820961695
1354 NaN 1.0139503921401114 1.0258423726143158 1.0357810059659536
1107 NaN 1.0074214151114043 1.012932061488623 1.017041415747368
1858 NaN 1.0126169843954573 1.0230815760740446 1.0313815319728679
104 NaN 1.00967580097711 1.0172728388427787 1.0232084095315384
105 NaN 1.0116149469353088 1.0208441242938606 1.0281795922677928
348 NaN 1.0085646243395245 1.0150319776938304 1.0199617485884276
1355 NaN 1.0131495441089708 1.0237851681897199 1.0322420852564191
1108 NaN 1.013587938801147 1.0256346247524115 1.0358052117858776
1859 NaN 1.0154337833626808 1.0295280587629339 1.041472371195722
1602 NaN 1.0182875911049762 1.0356155753224394 1.05096270370618
851 NaN 0.9942800568352321 0.9871922318616678 0.981423578480547
601 NaN 0.9936881754113759 0.9911081207610576 0.9897147951067224
349 NaN 1.0147527122819164 1.0273414254456614 1.0377585977531847
1109 NaN 1.0083769040954467 1.014768674943524 1.0197377693604197
1860 NaN 1.007478716022 1.0127385612708337 1.0163546288587035
852 NaN 1.0128387673365955 1.0236440494213341 1.0325119795179523
106 NaN 1.0091980078648943 1.0153821737943225 1.0197581505880984
1356 NaN 1.0113011175917668 1.01901847172529 1.0246746769934254
602 NaN 1.0091422592229113 1.0167261994083072 1.022884024370209
1110 NaN 1.0084084105494435 1.0149737231904565 1.0200588319859876
1603 NaN 1.0092643284608669 1.0148469594183367 1.0182623765680376
1861 NaN 1.0069477913967475 1.0124141869726269 1.01682398446187
1357 NaN 1.0042463623825308 1.0072387979202224 1.0093769238341248
107 NaN 1.0128312189350241 1.026300293082826 1.0387234354435813
853 NaN 0.9971220632728999 0.9951928467533409 0.9941062083606677
1111 NaN 1.010884251021468 1.0202515611767462 1.0284042821735904
603 NaN 1.0146715425311106 1.027508969319679 1.0379571492068957
1604 NaN 1.0043340069634845 1.0072305126628067 1.0091186257404614
1862 NaN 1.0064584690020686 1.011662508875666 1.015930595553208
1112 NaN 1.0102937607381917 1.017990891852157 1.0238289024404656
1358 NaN 1.0079188288262346 1.0154619528008453 1.0218910977413656
108 NaN 1.0108898014654615 1.021123876897066 1.0301084294937812
350 NaN 0.9884074072765018 0.9783697148198868 0.970268027998964
604 NaN 1.012110469159099 1.0211874994041523 1.0282072299092828
854 NaN 1.006895530402905 1.0121008086264485 1.0159114115352
1113 NaN 1.014011881058669 1.0259413942976632 1.0357561671056303
1605 NaN 1.00988680891873 1.017071046625218 1.0224589684608862
1863 NaN 1.0080127691335654 1.0147713416281787 1.0199143226180385
1359 NaN 1.0131397876711659 1.0221432977177844 1.02855194998939
855 NaN 1.016112177533047 1.029802480799159 1.0411155014445808
1114 NaN 1.0079052823591212 1.01558554450706 1.0222651201450355
109 NaN 1.01148939711945 1.0226927343866172 1.032594124883995
351 NaN 1.0054144600777124 1.0094132768506183 1.0124220575118423
605 NaN 1.0069543229221878 1.0118520903508474 1.015310001569242
1606 NaN 1.0130032747997448 1.0241344120706821 1.0331928383539386
1360 NaN 1.0059046617743423 1.0099415071865703 1.012751911200336
1864 NaN 1.0057956291165804 1.0109161986822899 1.015117501941337
856 NaN 1.007605995012972 1.0136971706376012 1.0185218710126025
606 NaN 1.0112905813872883 1.0201823632116818 1.0271288652598178
110 NaN 1.0078208893850464 1.015146413453026 1.0213819214338433
352 NaN 1.0049907545129746 1.0093118452308163 1.0128344908500995
1115 NaN 1.0077059812619058 1.0129134944572105 1.0163914320281566
1361 NaN 1.007545456121849 1.013875588001559 1.018820770065483
1865 NaN 1.0064225769436514 1.0116669390552697 1.0157789818770095
1607 NaN 1.0128418447115801 1.0245965175083727 1.0345603054189716
353 NaN 1.0080924324399378 1.0145220743197905 1.0196972256369017
607 NaN 1.0073240178989609 1.0140135778933668 1.0195100282189977
111 NaN 1.0079834430308994 1.0131944872924352 1.0162812503465597
1866 NaN 1.0100311627200338 1.0182607563366488 1.0249658906105532
1116 NaN 1.0078186745125897 1.0146847230338447 1.0205955077680007
1608 NaN 1.0013950855279141 1.0034724309038137 1.0055448032524459
1362 NaN 1.0041803686877777 1.0062561865295592 1.007358861107868
1867 NaN 1.0076475468391917 1.0127366353603953 1.0161925550025976
1117 NaN 1.0097424645421709 1.0179765633422095 1.0247112526070192
354 NaN 1.0105535849835012 1.0186452571101778 1.0248916813503333
608 NaN 1.0065596694624013 1.0108040911785459 1.013606299339494
355 NaN 1.0111942851677298 1.0199355733258686 1.02673573961827
1118 NaN 1.0076903293273145 1.0139313937446643 1.0189534729847314
1363 NaN 1.0059578064565373 1.0115220085537537 1.0161737937636675
112 NaN 1.0149922224469627 1.0289034531927974 1.0410491278336362
609 NaN 1.0080303932213088 1.013975116270349 1.0183139502030305
857 NaN 1.0186253928810658 1.0396913690368066 1.0601432854245612
356 NaN 1.009975217937592 1.0176470794207344 1.0234379341852156
1609 NaN 1.0223691123415675 1.044727145030492 1.064909217442283
610 NaN 1.006565988184296 1.0112841163399335 1.0146136825806555
357 NaN 1.0080444284706331 1.0149962076007144 1.020728224471637
113 NaN 1.0082078428161085 1.0147947854920862 1.0201179659677664
858 NaN 1.010087569211497 1.0192027224169389 1.0268753241891235
1364 NaN 1.0077222350226265 1.015005852695723 1.0217414388294481
1610 NaN 1.0074822668586803 1.0136328299760573 1.0184783843908745
358 NaN 1.0091584192109584 1.0163646061409919 1.021977373770859
114 NaN 1.0098454080632095 1.0180570646982645 1.0246607244757595
1868 NaN 0.99553299491726 0.9878079376866622 0.9795339467503645
859 NaN 1.0040713930572966 1.007088084902931 1.0092851562880785
1365 NaN 1.0100698453851533 1.018015382064134 1.0242191431348258
1611 NaN 1.0118349249290022 1.0208700924564194 1.027721532892721
115 NaN 1.0112951405581831 1.0215144219482792 1.0303102593996378
359 NaN 1.011652714878578 1.0219626970545845 1.0307187263846418
1119 NaN 1.0390407506581727 1.0732573763826925 1.1026187095633193
611 NaN 0.9976206883286918 0.9946313518608793 0.9914863757328375
1612 NaN 1.0074163532927833 1.014209213021952 1.019957344493095
1869 NaN 1.0092007015066602 1.0154715250314295 1.0197924888597976
860 NaN 1.0172645038690884 1.0323646212163913 1.0448416210783171
360 NaN 1.0134835025013673 1.0231772232366625 1.0304171080945528
612 NaN 1.003503721621443 1.0056927622410587 1.0070637347357752
1366 NaN 1.0185345894927966 1.0344224552352717 1.048175883413441
1613 NaN 1.0005821663382115 1.0010175283203746 1.001282297956351
861 NaN 1.005362811572384 1.0119426763407906 1.0184701197632122
116 NaN 1.0118769043059088 1.0225898490223286 1.0315213511328463
361 NaN 1.0076685405809334 1.0132351512307536 1.017383951871509
1870 NaN 1.0071724327534914 1.014358664492208 1.0212072740873837
1120 NaN 1.0295185420772768 1.0585154367039618 1.0845696305808301
1367 NaN 1.0116461507177814 1.0209954515288513 1.0283211221288626
1614 NaN 1.009762690361949 1.01833370805586 1.0254157216386066
613 NaN 1.0080641938535146 1.014827372943864 1.020127604431183
862 NaN 1.011571393556111 1.0206068121877927 1.0277352620782112
1871 NaN 1.0082640206860851 1.0158653971361955 1.022409954913688
117 NaN 1.0129355341705393 1.0248691161754762 1.035252270339865
614 NaN 1.0114012725229289 1.0204746842562626 1.027724603130345
863 NaN 1.0114629441813239 1.0210380455329466 1.0288508384968735
1615 NaN 1.0065530457562342 1.0120772929981825 1.0164745178333454
1368 NaN 1.0116179672137198 1.0195928930955798 1.0253460658139546
1121 NaN 1.0137824467262742 1.0258726718677758 1.0361327405403575
1872 NaN 1.0131871546873945 1.0243076344433408 1.0335162124608872
118 NaN 1.009502319110896 1.017955673863358 1.0250991090244446
362 NaN 1.0114331499563924 1.0196328908101389 1.0254580698408955
1616 NaN 1.008589764612982 1.015828142196068 1.0215858572744028
119 NaN 1.007788780289802 1.0140264954339107 1.0189721688306799
615 NaN 1.0115249259634538 1.0208792498074966 1.0284066122670663
1873 NaN 1.0093756731085388 1.016766188111246 1.0225420165429702
1369 NaN 1.0033940073720158 1.0071073732443507 1.0104681600552223
864 NaN 1.0066841689252672 1.0118944637968972 1.0161501427020756
120 NaN 1.0073014831963114 1.0131914667106032 1.01791163948268
1122 NaN 1.0163686351008616 1.0302172387060315 1.0417787455447898
363 NaN 1.010531040886355 1.019482518342383 1.0270315997129342
1874 NaN 1.0104126113829208 1.0196197550838764 1.0273862661235345
616 NaN 1.0063988717807801 1.0124395512547997 1.0178506706113495
1370 NaN 1.0057333871265326 1.0105122637988915 1.0142289152488764
121 NaN 1.0081676260041712 1.0146013323182457 1.019676856212191
364 NaN 1.0102054671136482 1.017954185781726 1.0239928914191605
865 NaN 1.006765834376367 1.0134697273370734 1.0189636522150134
1875 NaN 1.012516252596056 1.022748332719187 1.0311199962484265
1617 NaN 1.0104338223761336 1.0181583633554487 1.023672877540407
617 NaN 1.008040443384531 1.0146348072390166 1.0198639896108601
122 NaN 1.0113366041952219 1.0210915948120391 1.0294006342858064
1371 NaN 1.0065998234570992 1.012300831691121 1.0166517054468274
1123 NaN 1.0032579517429476 1.0046370712187014 1.0046298124325865
1876 NaN 1.0084849518403707 1.0159571248500066 1.0223814782656928
365 NaN 0.9993946010595366 0.9987203376212134 0.9981241966072568
1618 NaN 1.013950744257617 1.0259040066060703 1.0357194253201942
123 NaN 1.0083409593678796 1.0151822234173933 1.020874007845646
1124 NaN 1.0055825876234492 1.0102321246398334 1.0138808383529856
1877 NaN 1.0061654787475562 1.0122097940759924 1.0173015525113125
618 NaN 1.011789390308367 1.020867887688694 1.0276443783724372
1619 NaN 1.0100087573380947 1.0183618537423584 1.0250813103037553
1372 NaN 1.0150055025220315 1.027369279628893 1.0372738877742338
124 NaN 1.0055692727005334 1.0098143152141683 1.012757452463518
1125 NaN 1.0124246930719836 1.0229269824962028 1.0314606400161512
619 NaN 1.0091449784113802 1.0167427514306817 1.0229073363528116
366 NaN 1.000069007516902 0.9992473993895772 0.998005003295217
866 NaN 1.0021917306823087 1.003526575973451 1.0039699793677468
1620 NaN 1.0122999028845787 1.0230920932755685 1.0321689194700088
1878 NaN 1.0153925506313415 1.029300111861512 1.041263510460326
620 NaN 1.0091455332683572 1.0159236144951374 1.0210575840849174
1373 NaN 1.0186977269048587 1.0336625153694385 1.0458401573461433
1126 NaN 1.0081992049043167 1.015658450317565 1.0218225514798014
125 NaN 1.0036708944060644 1.0059245161319206 1.0069452918771102
367 NaN 1.0128411155791306 1.0239805958012398 1.033281029314741
1621 NaN 1.006454588285577 1.012680617580232 1.0178081665375227
621 NaN 1.0078758799672143 1.0139752187488167 1.0185292231717753
1127 NaN 1.0101168086255372 1.0188535280276896 1.0261189941736515
1374 NaN 1.0061039766378264 1.0095580972842433 1.0114986819157865
126 NaN 1.0095765081474792 1.017730122576911 1.024326373032197
368 NaN 1.0103494490701788 1.0183260768761904 1.024620528601069
1879 NaN 1.0118756234574202 1.0224170930318452 1.0311370016522068
1622 NaN 1.0115367328317286 1.019556601928277 1.0255072849047446
1375 NaN 1.005532547590987 1.0103474482145933 1.0142905482582747
1128 NaN 1.0074959929136051 1.0133027188865686 1.0176520202961616
622 NaN 1.0074085927158416 1.0131666657727936 1.0173353107380911
369 NaN 1.0103505301897284 1.0185394327399175 1.0249585996245496
127 NaN 1.0160851485729474 1.0284165838993367 1.038022836679281
1376 NaN 1.0075117585872222 1.0136633346529185 1.0185459415899596
1623 NaN 1.007491271604948 1.0130003954491755 1.0170544436144544
1880 NaN 1.0043058588298452 1.0085803915111362 1.0121781159092058
623 NaN 1.0093669879017533 1.016797206857094 1.0226522219421676
1129 NaN 1.005329476409369 1.0111622019038746 1.0163387932624504
370 NaN 1.011100280616045 1.0204514609831201 1.0281083783560983
128 NaN 1.0090463982373115 1.0177959758717348 1.0255314315567694
1377 NaN 1.0094045661075761 1.0171975765186645 1.0234165600301957
1624 NaN 1.0065043421860227 1.0124794479303367 1.0173934975631074
624 NaN 1.01021984343662 1.0187816635612357 1.025598221486043
867 NaN 1.0107755480474871 1.0210105318464822 1.030291255350129
1881 NaN 1.0143165454344978 1.025562542070212 1.034303209477346
1130 NaN 1.009927821483509 1.017128282618096 1.022463129473626
129 NaN 1.0071167613864827 1.0128976187035774 1.0174217582086706
371 NaN 1.002659499677541 1.0043431333517483 1.0054460013044806
868 NaN 1.0042632766625907 1.0081349552809236 1.0113336290646437
1625 NaN 1.0089178412333204 1.0160679508716126 1.0219516321677513
625 NaN 1.0101317302182495 1.0182971462960955 1.0246541222832293
1131 NaN 1.0049908844235658 1.009623521126082 1.0135690718215093
130 NaN 1.0069675186782414 1.0128093467230996 1.01748549726255
1378 NaN 1.0137832398644078 1.0240080512096141 1.0317860410168092
1882 NaN 0.9998302218825298 1.0014294963794639 1.003246573595792
1626 NaN 1.0082978025522693 1.0152386509219333 1.0209341307818294
372 NaN 1.015269332739486 1.02818019464491 1.0389838772854647
869 NaN 1.0099326848202543 1.0188506191332922 1.0263157571373782
626 NaN 1.004753882850798 1.0079603055840918 1.0101244860869
131 NaN 1.0103842888917303 1.0176097124858827 1.0227803973178424
1132 NaN 1.0079669617108322 1.0144191121171595 1.019242078840606
1627 NaN 1.0100329971899078 1.0192524119532425 1.0270363552107804
870 NaN 1.0088390625595063 1.0161806441896648 1.0221264855808854
1379 NaN 1.010542757715685 1.0164911080381176 1.0203218668101237
132 NaN 1.010371718436317 1.0188154320145175 1.0255352749095596
373 NaN 0.9957492504288413 0.9930683422077157 0.9908983462653314
1133 NaN 1.0106158182209906 1.0195099748326868 1.0267891072597364
374 NaN 1.0065865584187987 1.0117437478885962 1.0155753177866598
871 NaN 1.0071278063788913 1.0126370475503614 1.016726668116545
1628 NaN 1.0141582041992505 1.0249550740089608 1.0331159637211382
1883 NaN 1.0212086527503217 1.0400659314299803 1.0560960400168526
1380 NaN 1.0125409643683514 1.0217443535544715 1.0288603448005487
627 NaN 1.0180039377804966 1.0332654739087985 1.046309732642921
133 NaN 1.0165297604860997 1.0303201914282143 1.041589652460699
872 NaN 1.0116535926256918 1.021422853844123 1.0294095314083873
375 NaN 1.0074021125301862 1.012737709350868 1.0167933160400597
1134 NaN 1.001734793006504 1.0039071494471286 1.0059203061367252
1629 NaN 1.0059397618812649 1.0106830468435006 1.0143370093925483
628 NaN 1.0100099504969882 1.0174448687598738 1.0231612232743614
1884 NaN 1.0087328506820001 1.0133613860371444 1.0158440696678122
376 NaN 1.006955318157138 1.0130665454917693 1.0181317245967723
134 NaN 1.011042221655124 1.0207340653544488 1.0288828580005946
1135 NaN 1.0118554991526394 1.022435349384207 1.031600975162069
873 NaN 1.0075493433193772 1.0128695106574048 1.0168649198025042
377 NaN 1.015172355807317 1.027652906025461 1.03785323359579
629 NaN 1.0079408826134897 1.0137738965917908 1.0182588846490128
1630 NaN 1.0093303567127732 1.0147290774618607 1.0178152497208581
135 NaN 1.0161708181302018 1.0273679800867255 1.0354655482171526
1136 NaN 1.009976208620653 1.0176749557733757 1.0236263399664578
1885 NaN 1.003435000009347 1.0065578960176982 1.00962105166281
630 NaN 1.0121801485321065 1.0216022465796855 1.0289328959120863
1381 NaN 0.9978446481455369 0.9945049713142722 0.9906092195086901
1886 NaN 1.0057511833795272 1.0106425194358621 1.0146291948083446
378 NaN 1.0046717572164399 1.0107114106800823 1.0165270565388556
631 NaN 1.007963568546336 1.0135107276310267 1.0174111108750274
1631 NaN 1.0122844697842217 1.0227866557164533 1.03166975843045
136 NaN 1.0129100783072225 1.0231993938200636 1.031193804896802
1887 NaN 1.0064081061245964 1.0125286125680522 1.0178240550891338
874 NaN 0.9798072457747478 0.9621656964630864 0.9469703893845511
1382 NaN 1.007603566417713 1.0119190065740489 1.0144784552621218
1632 NaN 1.0124867366739467 1.0222902773824643 1.0297386305076794
137 NaN 1.0099872070392244 1.0182171359784673 1.0249796448793678
1137 NaN 1.0110898352247282 1.0166284245695367 1.019546828930992
875 NaN 1.0078144587350688 1.0148674735649654 1.0208948098270454
1888 NaN 1.0120148515067362 1.0213161863865894 1.0285411370539355
632 NaN 1.008966137115043 1.0147878878490537 1.018631114809437
1383 NaN 1.013095343466644 1.0231978338636274 1.0309207554237614
138 NaN 1.0107866376974421 1.020682406938566 1.0291572766036257
1889 NaN 1.0104275798052305 1.0191828589510659 1.026326931111131
1633 NaN 1.0105075464118323 1.0191160391048593 1.026209412885755
633 NaN 1.0061375665883971 1.0125038283441474 1.0180159743992405
379 NaN 1.0097345386238943 1.018738027783008 1.0267343272992695
876 NaN 1.0102357866394918 1.0180308528514301 1.024123779477819
139 NaN 1.0103127454769847 1.018762947783389 1.0255594838203004
380 NaN 1.0140218393709468 1.0271725743421887 1.038351899811526
1138 NaN 1.0073225202138185 1.0125124580402949 1.0165297914112528
1384 NaN 1.0179458960402008 1.0332792208200938 1.0458803789072206
1634 NaN 1.0041558293427753 1.0074509177466817 1.0099793191791744
140 NaN 1.0144535263198051 1.0268049292479364 1.037438839732068
1890 NaN 1.0110897908479102 1.0233705713450305 1.034618349825977
877 NaN 1.0073436231321145 1.0122446792963906 1.015699953007614
1635 NaN 1.0113466769340493 1.0197391809849958 1.0261197574686873
1385 NaN 1.0118564433016461 1.0218375076244843 1.0300521983417974
141 NaN 1.0066528615507753 1.0123556895438828 1.0168948748984177
381 NaN 1.0059858151145011 1.0104891173303647 1.0140535055192912
1891 NaN 1.000908249473124 1.0022038913100082 1.0031931255147035
878 NaN 1.0134025129571984 1.0250153618001516 1.0348323636999697
1139 NaN 1.0097818444760296 1.0174061169499575 1.0230809606253735
1386 NaN 1.0096829513652257 1.0175807649474213 1.0238244992094745
142 NaN 1.0170191180310926 1.0310615168721127 1.042423939933298
382 NaN 1.0085856212757036 1.0147203554124653 1.018860052255031
634 NaN 0.9940043176951425 0.9894282680135483 0.9852694640390722
1892 NaN 1.0058901672917262 1.0113383727400158 1.0159202025107839
1387 NaN 1.0127001394618733 1.023743777765649 1.0327498851630221
1140 NaN 1.0083547895361331 1.01444122707421 1.019046462554832
1636 NaN 0.9989205963865625 0.9977386901054366 0.9961099621431669
383 NaN 1.005468100675271 1.010264757165194 1.014280010746541
879 NaN 1.0115203402297792 1.0204404509090355 1.0271606961914546
1893 NaN 1.0085870242868427 1.0157268571603197 1.0214073356290403
1388 NaN 1.0092151131373137 1.0167864643916165 1.022859775908614
1141 NaN 1.0053106589787326 1.0097200289566262 1.0132243972412573
1637 NaN 1.008407339896254 1.0142426234682367 1.018411930949767
635 NaN 1.0207795774635833 1.0404344261490464 1.0579724747823342
384 NaN 1.0050753002455532 1.0094646309488868 1.0129374928640027
143 NaN 0.9989248802821751 0.9957098364166015 0.9921530718803094
1894 NaN 1.0040784832858145 1.007625530734103 1.010267791720538
636 NaN 1.0105407255390129 1.0192127080827835 1.0261554857139759
1389 NaN 1.0039873423416057 1.0063407932836017 1.0078607614194501
880 NaN 1.0136127889136828 1.0250899454331643 1.0344579273967984
385 NaN 1.0049706173997617 1.0092815946216815 1.012751427681797
1142 NaN 1.008013992300651 1.013390565920107 1.0172943063906217
144 NaN 1.0047319493577003 1.0087794362810283 1.0122277849316563
881 NaN 1.0089955545264864 1.0161839313720835 1.02184509916621
1390 NaN 1.0069931643725356 1.0130794143285082 1.0181236907403617
1895 NaN 1.0085893961050734 1.0176752997775418 1.0259720201854112
386 NaN 1.0057916593267573 1.012269328194924 1.018293329772251
1638 NaN 1.0020521092765344 1.0065553630746853 1.0114724664930024
1391 NaN 1.0112809031050294 1.0208319951868046 1.0286003970357847
882 NaN 1.0100602543165058 1.0186347982700121 1.0256406398608313
637 NaN 1.0140279232291936 1.0263880910652694 1.036769334146878
145 NaN 1.006140014917731 1.011005440087184 1.014701877942481
1896 NaN 1.0155265243390086 1.0273168563835284 1.0365399241527995
1639 NaN 1.0093546486408116 1.0163087239782982 1.02151822923532
1143 NaN 1.0113083957591127 1.0201653945725857 1.026725126316564
883 NaN 1.012407131832925 1.0218020907521836 1.0291046204958925
387 NaN 1.0129696983307892 1.02378776936733 1.0326879474614974
638 NaN 1.0168509627897995 1.0306973247714843 1.0419937722676584
1392 NaN 1.006352969076365 1.0099906517269501 1.0122541652784842
1144 NaN 1.0041896975041211 1.0088697306265797 1.013040649028342
1897 NaN 1.0035529613929821 1.0079036415299434 1.0119365393622126
1640 NaN 1.0108929423199435 1.019726012595286 1.0267575769368518
388 NaN 1.006833913176625 1.0118877431166682 1.0157532969895886
1393 NaN 1.0110237634478725 1.0211576797553292 1.0298930175102654
1145 NaN 1.0066121070120582 1.0121104593551637 1.0166285631437533
1898 NaN 1.0053038017858111 1.0088163168998976 1.0111580338687054
1641 NaN 1.0037521698961205 1.005785754271885 1.0066792948519663
389 NaN 1.0047381749597522 1.008538459543321 1.011675436641434
1146 NaN 1.011512599746818 1.0209440976276245 1.0286743506457963
639 NaN 1.005405892194328 1.007681637541473 1.0088827244981
884 NaN 1.0269578333192153 1.0532978227840692 1.0766955420580613
1642 NaN 1.0045135790932787 1.0086794639734742 1.0123217172979535
390 NaN 1.0084162528608756 1.0159384716386548 1.0222534421290541
1394 NaN 1.0125897209307557 1.0248828517886506 1.0358617845730371
1147 NaN 1.010662506000274 1.0200522122922668 1.0280640876593095
1899 NaN 1.009854483500882 1.0168162245595602 1.0217065871980584
885 NaN 1.005690081657601 1.0097091841697434 1.0124642078779782
1643 NaN 1.0124149405655976 1.022223762634535 1.0300935815840466
640 NaN 1.0053594661856924 1.0112756113479835 1.0169390942164016
1900 NaN 1.0081867375151685 1.0148460069012102 1.0202368435967355
146 NaN 1.0363565660119372 1.0667025550059033 1.0913703421512306
1395 NaN 1.0063172226884214 1.01174360678743 1.0164095657172894
1148 NaN 1.0079677269774017 1.0132780178123661 1.0170334818953404
641 NaN 1.0060109731996643 1.0114199974849 1.0161171733698646
1901 NaN 1.009040136222523 1.017487173331928 1.0247208434648494
1149 NaN 1.0063269946637476 1.012137941845422 1.0171396069667393
642 NaN 1.0103009853757463 1.019252865799966 1.026769709547703
1396 NaN 1.011823686234572 1.0218609271725774 1.0299509672979326
147 NaN 1.0174146393182462 1.0313787723728256 1.0429800436886758
1397 NaN 1.0082671580919638 1.0150692497972604 1.0205222777183303
886 NaN 0.9958061606506332 0.9878211786295302 0.978844939334113
1150 NaN 1.0113137467678786 1.021189332456346 1.0293047911799014
643 NaN 1.005528804425775 1.0097559833597225 1.0131807337051668
1902 NaN 0.9989614049408825 0.9971165053359202 0.9947113948372599
887 NaN 1.009610743406145 1.0173986254873815 1.0235328722601906
148 NaN 1.0088412279570036 1.016161873921661 1.0219307666149098
1398 NaN 1.0116245768195093 1.0213941251276173 1.0293488383758151
644 NaN 1.0067408538880513 1.0123647815136272 1.016826792998397
391 NaN 0.9982094753239946 0.9979980571851245 0.9982108137539725
1151 NaN 1.006922998233373 1.0125631374019497 1.0170400050677542
1903 NaN 1.0182984454908548 1.0336445033694603 1.0461799644899243
645 NaN 1.006773438955804 1.0124911955277753 1.0170846251987165
888 NaN 1.0120207631162301 1.0223178906315058 1.0305911369596623
1399 NaN 1.0108863811602036 1.0196682961196977 1.0265810840686747
1152 NaN 1.0056100366721377 1.0097991804042785 1.0128342959177454
149 NaN 0.9923164796453908 0.989022942477619 0.9874992213323753
1400 NaN 1.0065546743477878 1.0116499866894775 1.01543804277613
1904 NaN 1.0059227302018874 1.0104949337627127 1.0140791685794608
646 NaN 1.0100590714204736 1.018510222008054 1.0252642456981584
392 NaN 1.010219557293481 1.0186594648332297 1.0252853730961726
150 NaN 1.009338383377244 1.0163650435081633 1.0217642483883826
1153 NaN 1.0093098898966155 1.0169550963980007 1.0231336135304099
1401 NaN 1.0132574855592351 1.0237338528886102 1.0320506911425225
1905 NaN 1.0069783048217398 1.012885679163218 1.0175693409461308
393 NaN 1.0050131745600426 1.0102789959106753 1.0149373086916118
151 NaN 1.0138913807924428 1.0254982564659867 1.0350417305267017
1644 NaN 1.0619012004217756 1.1241576563053222 1.1826132713786885
889 NaN 1.0239201809433802 1.044867900312145 1.0627046350738192
647 NaN 1.007903046600266 1.016301474275666 1.0238101843275187
1906 NaN 1.0067262614483774 1.0126743159280327 1.0176863173576887
1154 NaN 1.0007149819987837 0.9999393301751224 0.9986367222095766
1645 NaN 1.010463761566278 1.0186146982967768 1.0249908539988404
1402 NaN 1.0065620146843768 1.010303375834202 1.0126282571029204
152 NaN 1.0143656539157333 1.0248274471238512 1.0323468594829195
394 NaN 1.013723659548502 1.0256673803156746 1.035909831325004
648 NaN 1.0048372297005108 1.0073730093435056 1.0090339085253774
1155 NaN 1.0050386286075166 1.0106088525913743 1.0157076966558876
890 NaN 1.002228855928775 1.0044188308766155 1.006453684660352
153 NaN 1.0068524432537904 1.0137476657764384 1.0199632607957452
1403 NaN 1.0065379334997515 1.0124598763115384 1.0171833551671987
1646 NaN 1.0079715192224905 1.0134601341468865 1.0172578238216088
395 NaN 1.0007472598468508 1.00293159503667 1.00516823970608
891 NaN 1.0084219416155038 1.014473022954481 1.0188660602395612
649 NaN 1.0107194492538667 1.0194912932941567 1.0264251945597989
1907 NaN 1.018524325463198 1.0339613382006054 1.0471765317022044
154 NaN 1.0072757430052746 1.0125802539418471 1.0166115621831586
1156 NaN 1.0096411849756426 1.0183087183553245 1.0253776079482047
892 NaN 1.0153432364397645 1.0277377584066847 1.0379916120254253
1908 NaN 1.0063099065556151 1.0108776055694852 1.0141792188035983
650 NaN 1.0119265281917258 1.0217924656787147 1.02978852287603
155 NaN 1.0105188257888313 1.0196452561033338 1.0271378189110154
396 NaN 1.0059677764264854 1.009788847628837 1.012327651623111
1647 NaN 1.0061889687555214 1.0141491025959415 1.0217296156774962
1404 NaN 1.0178557928654635 1.03384114307007 1.0475539224790595
651 NaN 1.0098640318716525 1.0171643901869698 1.0227351348777323
893 NaN 1.0049618117890757 1.0098219695011383 1.0138974108397645
1157 NaN 1.0131478904314748 1.0213940562195802 1.026618727799534
397 NaN 1.0123783759367433 1.0229882273558182 1.0317213039241326
1648 NaN 1.0090075782725696 1.0170383719385407 1.0238809280996328
652 NaN 1.0086964311312263 1.0161955898019523 1.0223140117589178
894 NaN 1.0119361102267947 1.0210273287741785 1.028073659858921
1158 NaN 1.0076697737156908 1.0150098448948792 1.0213694830290037
398 NaN 1.0093398704553427 1.0166716443574146 1.0224262667089612
653 NaN 1.0084091921762988 1.0150673458473645 1.0204133109823346
1649 NaN 1.0117977380314631 1.0207271498418917 1.0274922327030453
1909 NaN 1.0145478602646862 1.0277130555711138 1.038977320978643
895 NaN 1.0098563651891161 1.0179306178194438 1.0244065824028599
1405 NaN 0.9973065909766008 0.9959361234900262 0.9950728666960597
1650 NaN 1.0095609395597522 1.0170845672152213 1.0228577279632511
156 NaN 1.0265095249843839 1.050752986397422 1.0719393402180097
1910 NaN 1.0179329688394587 1.0316517951415745 1.0424561257305835
399 NaN 1.0157893834696488 1.029529387030514 1.040821259786699
1159 NaN 1.008409827766017 1.0167730168173237 1.0242836845139371
896 NaN 1.0075909089242583 1.012816858884827 1.016694572617001
1406 NaN 1.0099868680854929 1.0163652563111591 1.0206878183663137
157 NaN 1.0090713339356345 1.0170976074235047 1.0238684744051236
1651 NaN 1.001171272923433 1.0032564701744973 1.0050692926081752
654 NaN 1.0171195684563925 1.03216399533991 1.0451843218778962
1160 NaN 1.0128355312113544 1.0213520658777766 1.0273886501793137
158 NaN 1.0116848474905293 1.0197157491631705 1.025461832464075
1407 NaN 1.0177258726314569 1.0346344722223968 1.0494757045570324
400 NaN 1.004885463148699 1.009736897504469 1.0141621456013887
897 NaN 1.0053333859143536 1.0097912050573195 1.0135125035523775
1652 NaN 1.0069693250349248 1.0124774254603826 1.0165854517878097
1161 NaN 1.0116755235609514 1.0216845066572484 1.0298803848715652
1408 NaN 1.0102644018027207 1.0194281877874598 1.0273509387277748
1911 NaN 1.0215828213377474 1.0405177137877422 1.0569453850043606
898 NaN 1.0104048273921098 1.018645773604658 1.0252481133286746
655 NaN 1.010357092267913 1.0179016365525348 1.0236188295528938
401 NaN 1.0035622720973456 1.0062791503239386 1.008337607623461
1653 NaN 1.011057745006969 1.0215616973520734 1.0307122594467413
159 NaN 1.016397289371482 1.0309597616340327 1.0434547008040662
1162 NaN 1.0060325752481785 1.0102553892249804 1.0131749714723017
1912 NaN 1.0088364216315502 1.0158679974863103 1.0213579687187102
1409 NaN 1.0136155696680327 1.026282602153366 1.037174458759565
656 NaN 1.0064513451776715 1.0119042966329856 1.0164152896242873
899 NaN 1.0080937313254708 1.0141295747776555 1.0186556840732615
160 NaN 1.0101555370736364 1.0175708157468255 1.0228666924393364
1654 NaN 1.0034151420936344 1.006571827396665 1.0091172954720293
1913 NaN 1.0065886531540802 1.0111105694045093 1.0144087630994663
900 NaN 1.0082167287348487 1.0149400004505604 1.02029508016374
1163 NaN 1.009178191440353 1.01755567785901 1.0244541078138354
402 NaN 0.9992285520979458 0.998402112925329 0.9975826057718745
161 NaN 1.0105302134091083 1.0190301342116337 1.0257185408912173
403 NaN 1.0085550473650222 1.0157927179395914 1.0216437970564107
1914 NaN 1.0123210463930483 1.0216721067658918 1.028891845459238
657 NaN 1.01091689661298 1.0177753540367784 1.0221205582389223
901 NaN 1.0051106797018685 1.0099408019892269 1.014344452195339
404 NaN 1.009620051020243 1.017220476223634 1.0231643209466221
1410 NaN 1.0046160346936974 1.0076833049401759 1.009909225791652
1655 NaN 1.0045508776994347 1.0077146017236516 1.0096809791852783
1164 NaN 1.0014055836091857 1.0020363321903765 1.0022106029839017
1915 NaN 1.0105949928516949 1.0192762358015062 1.0261034347326285
405 NaN 1.0090698827755324 1.0162397170338198 1.021770821421895
162 NaN 1.0052786758802517 1.0087297230068797 1.0109680149603215
1916 NaN 1.0083416098961728 1.0142615791400837 1.0186039480281122
406 NaN 1.0075656949039717 1.0141547115379947 1.0195611023109568
1411 NaN 1.0109489950235784 1.0189432443546622 1.0250792577446646
902 NaN 1.003927786280912 1.0049693438394518 1.004928763510204
658 NaN 1.0206317950050514 1.0367672554854568 1.049591834988671
1412 NaN 1.0102670761900736 1.018695902136942 1.0253930501521193
407 NaN 1.011191530997993 1.0200695697682034 1.0270122472335814
1656 NaN 1.0000415341332425 1.0018138714028724 1.0038995323111992
163 NaN 1.0019356605459182 1.0031629592054339 1.0036496129141645
1413 NaN 1.0080160305426349 1.0149083718962346 1.020522018001292
903 NaN 1.013025096496029 1.024303906885005 1.0336208891423546
904 NaN 1.009336771354176 1.0172483618033619 1.0237337323037778
659 NaN 1.0019003500815906 1.0039576783315785 1.005493944496348
1414 NaN 1.0094806801247855 1.0180984236127295 1.0252634487295114
1657 NaN 1.0098476073134486 1.017819062890305 1.0242487183025244
1917 NaN 1.025302933659425 1.0459457595878634 1.0620633479505972
1165 NaN 0.9996356662466191 0.9958385167809627 0.9915542855688959
905 NaN 1.0070465432882072 1.0128394230730302 1.0174974642566843
408 NaN 1.0005644301868628 1.0028419347076667 1.0050498674766326
164 NaN 1.003481654665203 1.007581526965039 1.0118310616136255
660 NaN 1.0072827836085907 1.0148830429474243 1.0217702496717567
1415 NaN 1.013008053566197 1.0216563732709096 1.0278327592146894
906 NaN 1.0088875494677083 1.0165194476004225 1.0227908726112345
1166 NaN 1.009757248124756 1.0174445500081508 1.0235878336930568
661 NaN 1.007728392063643 1.0145014006564237 1.020129719243021
1918 NaN 1.0132089530340833 1.025146672237722 1.0353353764880322
165 NaN 1.00321068068774 1.007583901731598 1.0118196854522412
1416 NaN 1.008566835050791 1.0156482619171754 1.0214715633640017
907 NaN 1.006935973004806 1.0134590979401006 1.0189037894122204
1167 NaN 1.0098181734341192 1.0176067557324233 1.0237182280549995
409 NaN 1.013789703954394 1.0262499622693644 1.0367053521038252
1417 NaN 1.0059452928012071 1.0110574817427538 1.0153594447593335
166 NaN 1.0127565335892947 1.022436782328053 1.0300753402540945
1658 NaN 1.015937804344503 1.0332577813319523 1.0495994353134923
1168 NaN 1.011869378875248 1.0226644420861892 1.0320210544194377
662 NaN 1.0163622830518033 1.0314941315464456 1.0444096172243327
410 NaN 1.0112508367049626 1.0196285688000568 1.0259313293707881
1919 NaN 1.0001530054191343 0.9992948408420089 0.9983930595657236
1418 NaN 1.003144968055583 1.0057364478401418 1.0078741516403946
908 NaN 1.0068291332167232 1.014777349117126 1.0220633939301556
167 NaN 1.0088500583347189 1.0164396368275068 1.022458385572464
1169 NaN 1.0040008874298914 1.0065643774110131 1.0083664918798572
663 NaN 1.0059410152148296 1.01210487243395 1.0171176318465556
1659 NaN 1.0103785385736093 1.0169575718219754 1.0216478067238997
909 NaN 1.0153099790293392 1.0275293715906484 1.0372329401141762
1419 NaN 1.0147135143627057 1.027517384594173 1.0381286840237878
168 NaN 1.0062966495964725 1.0120829627769528 1.0169628568269047
411 NaN 1.0175731294845773 1.0324704715528434 1.0448201722513195
1170 NaN 1.0156238060592817 1.0286954930680032 1.0396866771037439
1660 NaN 1.0066906651108445 1.012686756248902 1.0177073057361197
1920 NaN 1.0064379835929085 1.0101609154921136 1.013027017290071
1420 NaN 1.0078576232781318 1.0134754682655966 1.0177700654603992
169 NaN 1.0075115474916294 1.0131423374963375 1.0172661238816696
910 NaN 1.0110997758442828 1.0205424056215213 1.0281666326170322
911 NaN 1.0098430195899808 1.0179048698211457 1.0243831462701662
1171 NaN 1.0143580097054439 1.0254248891084592 1.0341327266592233
170 NaN 1.0109950269200687 1.0203870980335568 1.0281420691547192
1421 NaN 1.0080581095062788 1.0158092823570983 1.0225874571333824
412 NaN 1.0187082403615262 1.0339663403608166 1.046418421219458
1661 NaN 1.0082331938305893 1.0144105646612613 1.0189539867610344
1172 NaN 1.0085928433861922 1.0157732718180714 1.0215715507836483
912 NaN 1.0125133716802441 1.0232645270809706 1.0321660203964824
171 NaN 1.012167179935382 1.0231461171107261 1.0327064715848497
664 NaN 0.9975844252763528 0.994668643896039 0.9920335643334736
413 NaN 1.010692597534346 1.0202637388278846 1.0283880767875204
1662 NaN 0.9981515263964041 0.9974977224005265 0.9970172314609616
1422 NaN 1.0180678299944024 1.0333625830424793 1.045911159387252
665 NaN 1.007024047719782 1.0120354496252149 1.015679297694944
414 NaN 1.0053375551715384 1.0084222209449787 1.0099997983188147
172 NaN 1.0097974779912255 1.018287580182955 1.025449980747876
1423 NaN 1.0083299586712364 1.015636342307982 1.0218822058774097
1663 NaN 1.0028359857131406 1.0036696854126486 1.0041975309619675
913 NaN 1.0173926638576587 1.0329676148138924 1.0459016723474845
415 NaN 1.0091853949879517 1.0181454711928215 1.0260739069565699
1424 NaN 1.0067138058643135 1.0118930040314917 1.0158850370621395
1664 NaN 1.009243264662828 1.0167649547543969 1.0227712577395442
914 NaN 1.009428878653482 1.0163016272822007 1.0213010506679137
1173 NaN 0.9922165774349828 0.9846299588287404 0.9773815158782203
1921 NaN 1.0228048771492964 1.0458562070687376 1.066565063935445
666 NaN 1.0153251425115688 1.027226810108455 1.036235510380517
915 NaN 1.0100839939121473 1.0181524987856012 1.0245470968114463
1665 NaN 1.0107712457863984 1.019417666031217 1.0262690809594175
1425 NaN 1.0082522877228928 1.0153732363097965 1.0211094157095915
1922 NaN 1.0046911023099834 1.0079296882421807 1.0101849572118176
1174 NaN 1.0105193537391894 1.020172652288206 1.0283909611805055
916 NaN 1.0084150820783135 1.0149282291117305 1.0199897552219375
416 NaN 1.0028125113066761 1.003265014208052 1.0022288274964575
667 NaN 1.0029927212145797 1.0071883655658296 1.0113439307976984
1923 NaN 1.008035478873436 1.0154279499515444 1.0217525105071883
1426 NaN 1.005182264117833 1.0096774352999514 1.0133374459555473
668 NaN 1.0091491510467687 1.0168680704499797 1.023121868488204
1175 NaN 1.0086300569031692 1.0157342529895947 1.0212266181635665
1666 NaN 1.0086385106130797 1.0179741454640077 1.0266529737548338
173 NaN 1.0162144366368455 1.0300997685211948 1.0407261279570943
417 NaN 1.0142260584901817 1.0279330344658069 1.0399376609674464
1667 NaN 1.0076348137327968 1.0136956067368736 1.0183137288438335
1427 NaN 1.0065467518099718 1.0117987148846912 1.0159250897364307
1924 NaN 1.0128635223661744 1.0233120303062668 1.0315177632658852
1176 NaN 1.0074603572521286 1.0126609946278724 1.0162877243544766
669 NaN 1.0139156046861426 1.0249418117297586 1.0338911204389443
1668 NaN 1.0085155858752246 1.0156456083533627 1.0214592927407955
917 NaN 0.9968900524703951 0.9952798663708065 0.9946023515475959
1428 NaN 1.0103364056583377 1.0171832414523165 1.0217372360782864
1925 NaN 1.0079077650462416 1.013606139386727 1.0178062367586778
174 NaN 1.0131902878406647 1.0247140587971473 1.0342211290929986
1177 NaN 1.0101942148154186 1.0183896111467432 1.0247782205172866
418 NaN 1.005831327772915 1.010631490797867 1.014720204687762
670 NaN 1.0031757215526178 1.0063516044804155 1.0090827260614534
1669 NaN 1.010158560468344 1.0186500884388097 1.0256882805990897
175 NaN 1.004692531620645 1.0094183904150917 1.0137166680580314
918 NaN 1.0102269631649365 1.020118117689277 1.0283921896870245
1429 NaN 1.0123960792584443 1.0224528257234122 1.030460670309226
1670 NaN 1.009405159924592 1.0169932516210465 1.0230548278210987
1430 NaN 1.0098037618006324 1.0178981335131478 1.0244314200117282
176 NaN 1.0067309406055243 1.0123308400352156 1.0168181079222391
1178 NaN 1.0033636830527664 1.0055384576367568 1.0070197529402667
419 NaN 1.0119287906788044 1.0234933845776402 1.0335868289884569
671 NaN 1.0175938301860519 1.032495993039369 1.0444890065611956
1671 NaN 1.003356227062424 1.006348213391462 1.0087920340475955
1926 NaN 1.0080113355518014 1.0131311643792877 1.0157847931349957
420 NaN 1.0100201385495227 1.0179172429250856 1.0241121959780004
1431 NaN 1.008721538544853 1.0173036719473834 1.0249424997872536
672 NaN 1.008021766288354 1.0134245473366412 1.0171592203652275
1672 NaN 1.0097182209549695 1.0176935364833046 1.0238961313359567
919 NaN 1.0160537038850277 1.0307998525762159 1.043485891933525
1432 NaN 1.011683497398813 1.021666718582978 1.0298538357249207
1927 NaN 1.0115618904969048 1.0226237528924038 1.0323628625226635
177 NaN 1.0031926519854086 1.0069342956282414 1.010157161795081
1179 NaN 1.003525073004248 1.0054360489814076 1.0063767109240624
1673 NaN 1.0061180236102014 1.0118384454605454 1.0167178005000534
1433 NaN 1.0071198582447256 1.0122220650938105 1.015867148273971
421 NaN 1.0023913020302198 1.0059928275350647 1.0088974101586632
1674 NaN 1.013185032528098 1.023474337240699 1.0314455450271327
673 NaN 1.00342207851889 1.0055962187445338 1.006453276162018
920 NaN 1.001905136139791 1.0048933528755082 1.008270894498559
1180 NaN 1.0076152592125223 1.0138131211560049 1.0189990496840065
1434 NaN 1.008128668907984 1.0151515562022175 1.0209538874852768
1675 NaN 1.0079572560179537 1.0144574053424187 1.0196430513594894
1928 NaN 1.0144559293384112 1.0252986864031057 1.034411822063284
921 NaN 1.011463795434746 1.0205371413243058 1.0276910151161642
1181 NaN 1.006643086823798 1.012464862752026 1.0172129762058486
674 NaN 1.012720415669164 1.022637817239029 1.03019402163916
1435 NaN 1.0103808215087218 1.0194044335048507 1.0269679241713585
1929 NaN 1.0066677741708352 1.0122982759389791 1.016652980513277
178 NaN 1.0095535486743679 1.018537606657972 1.0261508502360341
1676 NaN 1.007634664168528 1.014902957578515 1.0216152476366613
1182 NaN 1.012679041802686 1.0234173317736337 1.0324388213410571
922 NaN 1.004542264600156 1.0079867220792524 1.0105556431279819
675 NaN 1.009600688569423 1.0177647750595988 1.0246626142669304
179 NaN 1.0075731636599232 1.0131563751328447 1.0172107179115255
422 NaN 1.021008276053454 1.0449296508876524 1.0673231513236592
1436 NaN 1.0055883143726898 1.009302653900799 1.0116522144788158
1183 NaN 1.013876160884707 1.0258850611473678 1.0358504005721327
676 NaN 1.009204513176195 1.0173601787527478 1.0242893233280934
180 NaN 1.005579908452647 1.0103998568194645 1.014237845141439
1930 NaN 1.0139211996809376 1.023694884780225 1.0309449366612178
923 NaN 1.0115572419715426 1.0215783817726645 1.0300465678673416
423 NaN 1.0088613751521731 1.016366408587292 1.0226139004168402
1184 NaN 1.0079506242477383 1.014153135966385 1.019010489591124
1437 NaN 1.0211211969802032 1.0383758134775027 1.0522398713467915
677 NaN 1.0075654204586393 1.0132143924292363 1.0175931555653634
181 NaN 1.0058343166222659 1.0103869899982831 1.0139945919935869
924 NaN 1.0100797331336686 1.0185154706356536 1.0252384647656636
1931 NaN 1.0146128547769198 1.0251054434009799 1.0327917855806195
678 NaN 1.0092894836887178 1.0169470183381357 1.0230300053635732
1438 NaN 1.0053668694521178 1.0095301037733204 1.0126761872389185
1677 NaN 1.002370529260732 1.0043476059931833 1.0061581158843682
1185 NaN 1.0150891719904072 1.028472559407626 1.039830312488523
925 NaN 1.0087464038674987 1.0161630503018682 1.022269559850949
1439 NaN 1.0084305053820195 1.0164484583375402 1.0235980949607073
1932 NaN 1.0091521864736395 1.0164314223306201 1.0221615698752275
679 NaN 1.00368445227135 1.0070142214674889 1.0097041778277194
1678 NaN 1.0067688936892099 1.0134069409309718 1.0191640717491823
1186 NaN 1.0105743115814316 1.0184600932465213 1.0245141008543632
424 NaN 1.0133320788289024 1.0292643142953817 1.0447034871748277
1933 NaN 1.007941924376345 1.0150387519035802 1.0207974935757433
1679 NaN 1.0084381858384694 1.0154199031657294 1.0209782956479514
680 NaN 1.0078967385632593 1.0152331647407404 1.0214361193143282
926 NaN 1.0133035316162604 1.0236445527488753 1.031991012608726
1440 NaN 1.0045743309754702 1.0080306908125436 1.010561305338632
1187 NaN 1.0045360415053364 1.0079425795701642 1.0105071134604975
182 NaN 1.0094393801731278 1.0183102796490158 1.025590366794006
425 NaN 1.0022879491279124 1.0054650116716597 1.0085184498096607
1441 NaN 1.0120382679745392 1.0217876040788898 1.0296003578719088
927 NaN 1.010110517890817 1.0193713930873387 1.0274141297462367
1934 NaN 1.004883138795875 1.0087772146995158 1.0118153073595344
681 NaN 1.0087769187399809 1.0160284436709992 1.021823024827681
1680 NaN 1.0041773282888586 1.0060676831971722 1.0067824050511511
183 NaN 1.0128636652074428 1.023471822176322 1.0319863429519593
1188 NaN 1.00757892330959 1.0143245713817737 1.020070464592089
928 NaN 1.003414754908136 1.0070161541220952 1.0100074682577134
1935 NaN 1.0085597125029635 1.0167429758876356 1.0239407658580162
682 NaN 1.005450373828276 1.0098865506633155 1.0134728826991486
1442 NaN 1.0177556978830156 1.0331151330401283 1.0460376095632975
426 NaN 1.008860089624535 1.0181629905338159 1.0265583077159308
1681 NaN 1.0214503969661515 1.0376716921184361 1.0502484995011516
1189 NaN 1.0040723505273916 1.0071462002576685 1.0093273393596025
1936 NaN 1.0099405158858006 1.0184724856078804 1.0254396051646422
184 NaN 1.0104065671158369 1.019259253695429 1.0263495297789758
683 NaN 1.0084788162257694 1.0153212386027564 1.020629036055912
1443 NaN 1.0062562539366238 1.0115678679633464 1.0157879315697267
929 NaN 1.005830448413158 1.0096186592262932 1.012211515560979
427 NaN 1.0068503596406884 1.0134898350891657 1.0192562836245196
1937 NaN 1.0086508588871073 1.0154535696486091 1.0208487569058702
684 NaN 1.0131164299656774 1.0238566454984244 1.0325104444538842
185 NaN 1.0095605960307554 1.0190091035674662 1.0274573798264792
1444 NaN 1.0118897905378679 1.0212721337785649 1.0287241352911287
930 NaN 1.0065430121464503 1.012197004289803 1.0167748139360855
685 NaN 1.008082861069608 1.0150813235642269 1.0207154938192995
1190 NaN 1.0006511185609777 1.001539400332369 1.0024033976178643
1682 NaN 1.022637820113712 1.0404401254957023 1.0549315221655287
428 NaN 1.0106740210033847 1.0188261156584708 1.0253184415017542
1445 NaN 1.0069220831800132 1.012707801512656 1.0173861731177418
1191 NaN 1.0087549935695572 1.016828499591951 1.0236462014269276
931 NaN 1.0100756974989877 1.0172523022429 1.0226261022251173
1683 NaN 1.0059692548019288 1.0107113206405223 1.0143200612277974
1938 NaN 1.0085308122253374 1.016137668438039 1.0227484811845524
186 NaN 1.0058183958397167 1.0083281668311654 1.0089557870213852
429 NaN 1.0081323476088362 1.0148567026900213 1.020333762241574
1684 NaN 1.0051869247946223 1.0101885835951345 1.0148580485692913
686 NaN 1.0038217090669987 1.0064285137478501 1.0082616094938333
1192 NaN 1.0054036860706286 1.0087555201739227 1.010941546587576
187 NaN 1.0095103699082242 1.016868298906108 1.0224485898375348
1446 NaN 1.0056182187075202 1.009320035962487 1.0121728822071172
1939 NaN 1.0074368755103442 1.014047997394863 1.019591054287799
932 NaN 1.0067324351448106 1.0113616615837953 1.0139407120264796
687 NaN 1.00547250710648 1.0100756166079954 1.0137296499830315
933 NaN 1.0099703349670168 1.017186624922477 1.0224769802497453
188 NaN 1.0127383294679067 1.0229750916817155 1.0312692418888603
1685 NaN 1.0128415288263077 1.0221917102190174 1.0290719949229075
1193 NaN 1.0115984403251441 1.02228631529863 1.0312058807271811
1940 NaN 1.0080605372107838 1.0142680370762516 1.019299192581664
430 NaN 1.0034173394386683 1.0071494150065812 1.010712580709873
1447 NaN 1.0158818120958182 1.0293226880465587 1.0406230372556386
1194 NaN 1.004434761768948 1.0073806661780564 1.0092323939933665
934 NaN 1.0048362713566776 1.0094596762969168 1.0134669275531234
1686 NaN 1.0069618773245894 1.0138993588559162 1.0200035315098326
1448 NaN 1.0064150949253348 1.0109961540318413 1.014312721670083
688 NaN 1.0086036985851883 1.0176797215666231 1.0258257451326707
189 NaN 0.9946048041725084 0.9925204807077609 0.9917269924335912
1941 NaN 1.0148405422111146 1.0276728319646051 1.0382017009328528
1449 NaN 1.0070159476757505 1.0122457571532237 1.0163127400163883
1687 NaN 1.0058823911638306 1.0110400350494342 1.0151879957219607
190 NaN 1.0108399908785108 1.0201042525865762 1.0276841359644555
1942 NaN 1.0055434122206226 1.0105397459747554 1.0146980918822983
1195 NaN 1.0148460340921441 1.0300695724855566 1.0436456685567879
935 NaN 1.0134514391965412 1.024189569281102 1.0325591372374792
1450 NaN 1.0092978923044615 1.017790553235069 1.024951536705753
689 NaN 1.0188726098641996 1.035271942310391 1.049803638330755
431 NaN 0.9917638228853768 0.9849140222327775 0.9796576668479051
1196 NaN 1.0050186218879669 1.0090604210534604 1.0121779966774385
1943 NaN 1.0087380575465632 1.016806859016322 1.0235785868925258
1451 NaN 1.0095594649177448 1.0174681644373695 1.0239541262131573
936 NaN 1.0078347979542768 1.0139332827037066 1.0185956236793612
432 NaN 1.0074517798166798 1.0130013719302187 1.0171344367258792
1944 NaN 1.0066207809957695 1.0115587374670247 1.0152493140165937
1688 NaN 0.9869106964144541 0.9761932721456972 0.967050689445147
690 NaN 1.0126952899871209 1.0239505352257676 1.0334437987708849
191 NaN 1.007421411548151 1.0114355913173518 1.013997048152483
937 NaN 1.0031117495022654 1.005992590824368 1.0081139820755063
1689 NaN 1.011105476854044 1.0193215154631334 1.0254668283650228
1945 NaN 1.0091285780802761 1.0155397728867388 1.0203553052657088
1452 NaN 1.0200482352415392 1.0377606053989141 1.0525878491351488
1197 NaN 1.0038653425189785 1.007937776760089 1.0115809815924934
938 NaN 1.0055112757867168 1.0102186629806045 1.014070032478069
433 NaN 1.0048087012102858 1.010698936319954 1.0164395227025556
192 NaN 1.013188711540206 1.024752244479674 1.0346758888923535
1946 NaN 1.0119335617670617 1.0224733849841028 1.0314365757199955
1690 NaN 1.0199385892569788 1.0354728474770567 1.0477714459826284
1453 NaN 1.0068885805553232 1.0134369703788364 1.0190756425406051
691 NaN 0.9993601639863058 0.9994821891567831 0.9997157842883501
1691 NaN 1.0073436029749538 1.0137327081950103 1.019186677636737
939 NaN 1.0137375248720149 1.0260604712211674 1.0367915102490395
1454 NaN 1.0077463650960763 1.0137204473198163 1.018342672529232
1947 NaN 1.0125699639964814 1.0231344127714905 1.0321953209971892
940 NaN 1.0101083306115621 1.0184593190690248 1.025225286432451
1198 NaN 1.0023544286615642 1.0027458945277297 1.0016468967791974
1692 NaN 1.0101311070600958 1.017851465531533 1.023933277834888
692 NaN 1.0127302312298274 1.0214568577217282 1.0278035729140917
193 NaN 1.0012787497534192 1.0024907341816554 1.0036655419265288
1948 NaN 1.0093503880093624 1.0169713295722624 1.0229996424425314
1455 NaN 1.0117552293867047 1.0218837159304945 1.0303190563093207
941 NaN 1.00873594290803 1.0162414662774217 1.0224791553900108
693 NaN 1.0094674240069812 1.017726172817302 1.0245141493379124
1693 NaN 1.0086720176816801 1.015557833169164 1.0209470208565719
1199 NaN 1.0101369805135567 1.0182564632872673 1.0245828557989403
194 NaN 1.002651011406895 1.0053254735792045 1.0077791778997014
1949 NaN 1.0091960697333004 1.016583832184222 1.0226590393189456
694 NaN 1.0041483125506345 1.0080714143457739 1.0114013107825024
434 NaN 0.9981859654858232 0.9992210294058782 1.0013358540958326
942 NaN 1.0059165847870255 1.0107278770181427 1.0147025268625474
1456 NaN 1.0111699986512355 1.0211003985913345 1.0294074486389042
1694 NaN 1.013702512970151 1.02506580471839 1.0345059718915883
195 NaN 1.0067008929923194 1.0128504280382296 1.0180782509153694
1200 NaN 1.01201914023688 1.0203671200969262 1.0261538729473956
1950 NaN 1.0096129574398192 1.0162539426987092 1.0209069663643298
435 NaN 1.0083817719162411 1.0159457649125487 1.0221974457891125
943 NaN 1.0050078257466106 1.0100374706028405 1.0144929271234548
1457 NaN 1.0095452203852573 1.0176760531614164 1.0245264060544266
196 NaN 1.007427139969733 1.0138706069469423 1.0192937822577293
695 NaN 1.0161262249727905 1.030488018886342 1.0425156258413726
1201 NaN 1.009909556185077 1.017494931177079 1.0233830294686888
436 NaN 1.0068633539528489 1.0129014232888685 1.01754029661391
1695 NaN 1.0087829330551203 1.0184587905982057 1.0273828610888585
197 NaN 1.0071857367555894 1.0123179996179064 1.0160977063970806
1202 NaN 1.0088606953957635 1.0168180448162185 1.023425661305036
1458 NaN 1.0073012898919511 1.012870076272057 1.0167732278813273
1951 NaN 1.0003583899318493 0.9990893845518011 0.9970895723125768
1696 NaN 1.0073382109122444 1.0136627559058353 1.0188905043696508
944 NaN 1.0073322784104262 1.0118726314797837 1.0149486904817506
437 NaN 1.0063358802769553 1.0129066753184202 1.018878576931791
1952 NaN 1.0082285072396526 1.0144969340046965 1.0192859665104481
1203 NaN 1.005324619415482 1.0093145495395015 1.0121003797559733
1697 NaN 1.0061796213110077 1.0125335078958875 1.0182134198149244
1459 NaN 1.00677430509527 1.0137775286650266 1.0197780409090857
1953 NaN 1.0088643446432277 1.0159549048323 1.0215599800260284
198 NaN 1.010407431933891 1.0171155703197594 1.0215515902074057
1698 NaN 1.0114108986431092 1.020831770594161 1.0284797666160306
438 NaN 1.0096120983844301 1.0159521538971823 1.0200537552196718
945 NaN 1.0082543690225645 1.0183474667986552 1.0279949384832365
1204 NaN 1.0116158306246388 1.0215114642789975 1.0294537824584653
1954 NaN 1.0106902598701633 1.018594572777253 1.0245043724946077
199 NaN 1.014760480132628 1.026532379902195 1.0358811245191326
696 NaN 0.9998664771819222 1.001796681184689 1.0044602688541902
439 NaN 1.0106324460854283 1.0189052880808416 1.02518744076543
1699 NaN 1.0101357189598432 1.0197373640024863 1.027856270789761
1205 NaN 1.009360130185956 1.0169969939301842 1.0231436673279262
200 NaN 1.0117348786586848 1.0216024482911528 1.029656377209728
1955 NaN 1.0047345799049057 1.0096141472632587 1.013721133806355
946 NaN 1.011638027054752 1.0208031669487336 1.0282252439351258
440 NaN 1.0095587985896428 1.0170838336344707 1.0228944136747034
1460 NaN 1.0053847666329805 1.007154963824182 1.0074352119138361
1206 NaN 1.0097560816121736 1.0179994417020897 1.0247564878988673
1956 NaN 1.0120506018048256 1.0210898857574735 1.0280529859876237
697 NaN 1.0087893504258207 1.0170805845348874 1.0240763037879386
1700 NaN 1.0076789741715386 1.015739295560136 1.023105045510328
201 NaN 1.0106485034868256 1.0201895790642024 1.0281598305734767
1461 NaN 1.0123107636962776 1.023258656256236 1.0323341675434767
1207 NaN 1.0057709367972836 1.0097691174273333 1.0126041437301223
947 NaN 1.0136498315805016 1.0247150126650926 1.0338313444441989
1957 NaN 1.0105341001840347 1.0190568370032842 1.0259669283716477
202 NaN 1.0099246121482806 1.0180019987569024 1.0244644363711373
698 NaN 1.0067248921975531 1.0114449601635798 1.0148721482930887
441 NaN 1.0202566316001747 1.038074807857092 1.0531916475858318
203 NaN 1.0082268849842229 1.0144996320001325 1.0192677161217987
699 NaN 1.0119656851639753 1.0222134929790445 1.0307161031929775
948 NaN 1.011419471501289 1.02037988910257 1.0275502915615684
1701 NaN 1.0075735344272696 1.0129390482354157 1.0170849214523898
1208 NaN 1.009535790524653 1.0157436395467565 1.0199416554575234
1958 NaN 1.007465360847055 1.0131157654470533 1.017794270099133
204 NaN 1.0091589173000186 1.015539202095301 1.0202359457695018
442 NaN 1.0119311122702566 1.0208032677835177 1.0273846567568146
949 NaN 1.0064427552708075 1.0104502956079298 1.0129602169653598
1702 NaN 1.0052203766929626 1.0093489820482024 1.0125441226735488
1209 NaN 1.0118730407249132 1.0215030407099088 1.029058093046488
1959 NaN 1.0100373649503882 1.0180505971689338 1.0243808386014945
1462 NaN 1.0116396689295244 1.0204485993795014 1.0276417248482543
1210 NaN 1.009472007855771 1.0172030040238218 1.023315778683491
1463 NaN 1.006241878519385 1.0126664353974766 1.0184386153892406
700 NaN 1.0008737122010676 1.0011056649819914 1.0014005685758847
205 NaN 1.0080142406271133 1.0153726381421102 1.0220196579102425
443 NaN 0.9973272208413929 0.9939825808142096 0.9905809384052121
1703 NaN 1.0075640303985673 1.0154220990891294 1.0223116791288698
1464 NaN 1.0013639472852278 1.0019448489014082 1.002063322106952
206 NaN 1.0127935750428454 1.0224620410404275 1.0298723757619264
444 NaN 1.011102979469377 1.0202671668029872 1.0276603407253104
1211 NaN 1.0135537820831908 1.0238974816295452 1.0322570710663883
950 NaN 1.009366080505643 1.0177076417004496 1.0242038195127237
1960 NaN 1.0178931850455466 1.0327635206840895 1.0445406066866818
1465 NaN 1.01739185789473 1.0319480286118583 1.043571672485003
701 NaN 1.007267644694451 1.013161191112814 1.0179107884011278
445 NaN 1.0113111015251064 1.0198168811456974 1.0264504498372784
1212 NaN 1.011837254016305 1.0227258122383116 1.0321543549205885
1961 NaN 1.0125535556284875 1.0228124392494566 1.0310747969813034
207 NaN 1.0159307461746854 1.0278338547237345 1.0369382132537919
951 NaN 1.0134955946868405 1.0246136820815819 1.033312660786923
702 NaN 1.0105023539855218 1.0184216928551093 1.0245041878166743
1962 NaN 1.0107600530606697 1.0188292503474008 1.0249839215596257
1466 NaN 1.0137834311706715 1.026212465059318 1.0368036427102942
208 NaN 1.01181328626049 1.0211502107131283 1.0282794103024746
952 NaN 1.0121299791108354 1.0224851277844762 1.0310491541803481
703 NaN 1.0067462455031966 1.0118727665987841 1.015804084635639
1704 NaN 1.003749641825269 1.0097935929537032 1.0160375525964498
446 NaN 1.0017420655630387 1.0050435507878526 1.0085873158379102
209 NaN 1.0097458640951338 1.0174522340887378 1.0233803548563307
1467 NaN 1.0115066344173222 1.0219762158991519 1.0307355970962502
953 NaN 1.0120065011375257 1.0212452754167969 1.0283772059380096
1705 NaN 1.0075632852323004 1.0140901040576085 1.01957872537303
1213 NaN 1.0285390506147167 1.0532117902374738 1.073925251263745
210 NaN 1.0139762259532126 1.0254182608056435 1.0346102124040855
1468 NaN 1.0088743441397667 1.0162398019911538 1.0221657136956928
1963 NaN 1.0087293787362495 1.0153354700534194 1.0209395788168705
954 NaN 1.0104913699937037 1.0193826861881545 1.026648024488204
704 NaN 1.015143521617607 1.0259910999930772 1.033971113257731
1706 NaN 1.0086896705974984 1.016272374054538 1.0225615001086352
447 NaN 1.005400361704554 1.0113856282233336 1.0173891884430402
211 NaN 1.0131688858297927 1.024249675452681 1.0334356656873085
1469 NaN 1.0128214914765998 1.0231318992095644 1.0315862515706438
705 NaN 1.007950061988793 1.0148478084357264 1.0204052699259138
1964 NaN 1.0058847287282013 1.0102736582576695 1.0134486681031458
448 NaN 1.0073840188440786 1.0133983207554569 1.0181736584873702
1707 NaN 1.0065894905664465 1.0131289630667724 1.0189490542343778
1214 NaN 1.0108635240585238 1.0190270877477552 1.0246391664897372
955 NaN 1.0160395048390742 1.0297163849306443 1.041123634066005
1965 NaN 1.007439819245423 1.01256587055797 1.0162129490201393
449 NaN 1.010940657698038 1.0199790014185133 1.0273307527017022
1708 NaN 1.0100414653711707 1.0184208339790972 1.0250796878509634
212 NaN 0.9948902185757245 0.9897074241315613 0.9850954329028484
706 NaN 1.0138435473620637 1.0254597387381124 1.0345493362804672
1215 NaN 1.0083920673346 1.0159096403169297 1.0222757999892962
1470 NaN 1.0042982362560948 1.0059733684916667 1.0061155060310756
1966 NaN 1.00670087681484 1.0121738113908132 1.0165298574526154
213 NaN 1.008903939337413 1.0166588782874106 1.0231218867850835
956 NaN 1.0136796698491053 1.0251028590818252 1.034512309231873
450 NaN 1.0145928487540086 1.026967659048726 1.0368244669799587
1471 NaN 1.0042667711623257 1.0091712745494834 1.0136667514870392
1216 NaN 1.0053713608921835 1.0090435476767403 1.0112728880515633
957 NaN 1.0050979051624938 1.0097830084612969 1.013791469641523
1967 NaN 1.0092127586043316 1.0170728033771448 1.0234475689856
214 NaN 1.0080091883755655 1.0145466940656904 1.0196116490439
707 NaN 1.0169383196413584 1.0297005973812374 1.0395791100609861
1709 NaN 0.9991040864765638 0.9999785762432003 1.001186244608733
451 NaN 1.010525045845271 1.0196549064573117 1.0272669003797437
1472 NaN 1.0108124808490142 1.0193222036109488 1.026069099319219
1217 NaN 1.0102797530329481 1.0187401730977519 1.0257388690771232
1968 NaN 1.0115318066624177 1.021311566323603 1.0294097358459025
215 NaN 1.007164200290638 1.01365966399103 1.0192220044119606
958 NaN 1.0049818699846227 1.0092053531999055 1.0124144193064788
708 NaN 1.0034703150929654 1.0059002325784694 1.0075538954710916
1969 NaN 1.0103781622349433 1.0190909867683222 1.026167376866774
452 NaN 1.0088600628128745 1.0152105669245117 1.0198027468382889
216 NaN 1.0075767372009303 1.0147246559202636 1.0209540465744218
1218 NaN 1.0063350288577073 1.0121582789471224 1.0171398205013946
1710 NaN 1.0047689057297158 1.0077891289455756 1.0095508427171225
1473 NaN 1.0020785376003065 1.0051886613966965 1.0081807153158118
959 NaN 0.9999224874964711 0.9996706113602613 0.9991232641901924
709 NaN 1.0093130456784165 1.0167175038226028 1.0226205217410582
1970 NaN 1.0108218988356397 1.0202344158080836 1.0279396045025577
1711 NaN 1.011791701304985 1.0209804512175493 1.0282606958068559
217 NaN 1.0031269114206174 1.0051162167917103 1.006110100474119
1474 NaN 1.0161392736844688 1.0300558749941577 1.0415375898230461
453 NaN 0.9938233969108773 0.9874761638262486 0.981660754760083
960 NaN 1.0150564731098641 1.027086509540127 1.0365939225868896
1219 NaN 1.0095847812724106 1.0183536052857909 1.0258048496418546
1971 NaN 1.0090971175148296 1.0163830749083307 1.022139701487007
1712 NaN 1.0082888179154625 1.0149449061985165 1.0202051184720244
454 NaN 1.0135176755793278 1.0247165103841984 1.0338266141861578
218 NaN 1.013894402717335 1.0241258983791688 1.0321927465370324
1713 NaN 1.0099236019304125 1.0182318189669588 1.0251394679046328
710 NaN 1.0072039291658608 1.0116555732924257 1.0143680109183675
1972 NaN 1.0088445540517084 1.0161112392747698 1.0220099000768197
961 NaN 1.0152769633222998 1.028528168237249 1.03947716946254
219 NaN 1.0103430529644344 1.018561275290453 1.0250497148218711
1714 NaN 1.0100700221813765 1.0188311888569808 1.0261565191334379
1220 NaN 1.0076127250702007 1.0141319218690865 1.0198316297445982
711 NaN 1.0123076666157433 1.0220000049300986 1.0297119927492637
962 NaN 1.012722614482346 1.0236564976736993 1.0327856920387612
1973 NaN 1.0093041678004036 1.0174979414696677 1.0246430800231556
220 NaN 1.0156730161689218 1.0284019628572738 1.0382844083337104
712 NaN 1.010719342460688 1.0200806657519679 1.0279028147992322
1974 NaN 1.007388430768931 1.013658189511034 1.0186944445921153
455 NaN 1.01496358299495 1.029458571125582 1.0418906973809294
1221 NaN 1.004218265472809 1.0083795896077625 1.0116979812093851
963 NaN 1.0073061992170087 1.0158670947450694 1.023865911442703
713 NaN 1.0133729288869597 1.0228522264274686 1.0297371031926104
1475 NaN 1.000413787028007 1.0018326445178758 1.0033392994271875
221 NaN 1.011153497461164 1.0209175538030033 1.029547613269446
456 NaN 1.0098591296580137 1.018209217160345 1.0253027433932183
1222 NaN 1.0060623234060542 1.0114350647548238 1.0158890346954241
714 NaN 1.0099335378152494 1.0182935819415464 1.0251675162713478
1476 NaN 1.0064838547531654 1.0118999448334542 1.016188244907745
964 NaN 1.0074620878672562 1.0130621347963742 1.0173405833841327
1223 NaN 1.006760346848625 1.0129200108445087 1.0180573527233576
222 NaN 1.0147092687900718 1.0271137526046652 1.0374746958416083
457 NaN 1.006017635305206 1.0104264800431872 1.0136056419968944
1715 NaN 0.9962162589548801 0.9949822669909875 0.9950754351505345
965 NaN 1.0108676220025663 1.0198587617477646 1.027124474612058
1224 NaN 1.0126937239305163 1.0233031959300263 1.031897360864927
1477 NaN 1.0057466105335044 1.0105271729105747 1.0145094358161262
223 NaN 1.0099958968487073 1.0184719776980475 1.0254457293821575
458 NaN 1.0085517605475116 1.015641891443407 1.021508880010942
715 NaN 1.011154722055985 1.0195948888560296 1.0263918625105843
966 NaN 1.0110904694817977 1.0200137924648354 1.026958167754053
1478 NaN 1.0085152556923664 1.0149687595022072 1.019695636824764
459 NaN 1.0071052509569798 1.013035593171595 1.0177671686725018
1225 NaN 1.0061139843642934 1.0117860395945515 1.0165211306990105
1716 NaN 1.0110809565414975 1.0209667894316234 1.0294476854052825
716 NaN 1.0134736407981981 1.0247407580796697 1.0340043928241813
967 NaN 1.0050165959774318 1.00848410973624 1.010863645273095
224 NaN 1.0190864987147326 1.0362907553181127 1.0512411738243066
1717 NaN 1.0131361191704014 1.023468478182964 1.0315686016887515
460 NaN 1.010563727514063 1.0187802383366151 1.0251521560859802
717 NaN 1.0036270450402303 1.006645354805884 1.0088466882209202
1479 NaN 1.0109355065904189 1.0198113561873021 1.0270536674870205
1226 NaN 1.0159793969914614 1.031590457515307 1.0454485012976176
968 NaN 1.0058274992756413 1.0097798039528758 1.012435596262944
1718 NaN 1.0101912614804085 1.0191514795098526 1.0265996598610345
461 NaN 1.011074196488403 1.0210235273020851 1.02929616002917
1480 NaN 1.011406229615427 1.0210146320348854 1.0289689226399965
718 NaN 1.006595484141819 1.012448581273842 1.0170495223994716
969 NaN 1.0079884679214388 1.0153058745832286 1.0214216570115686
1227 NaN 1.0103575831644338 1.01862045761541 1.025366619804286
1481 NaN 1.0086646961946313 1.0152090881944704 1.0200738917391277
719 NaN 1.007110452841277 1.0130696600040385 1.0180025431485642
225 NaN 1.0132278830485688 1.0227380800526276 1.0298561667097816
1719 NaN 1.0102994299982135 1.0191893229782942 1.0261949535307797
1228 NaN 1.0087731020357824 1.0163868850536641 1.0227692323511615
970 NaN 1.0032457079101116 1.005219131833746 1.0067325696534564
226 NaN 1.006032528473942 1.0102589559843622 1.013062717707158
227 NaN 1.0109005869787495 1.0203708168076053 1.0282211067386842
1720 NaN 1.01490729201104 1.025152703235038 1.0320591103061774
1229 NaN 1.0147314991125338 1.0259223269101088 1.0342288587919983
1482 NaN 1.0039464758203518 1.0061249162870998 1.0077557206829888
971 NaN 1.0069873565892529 1.0108353981745386 1.0130178470300095
462 NaN 1.0302157354757642 1.0534549701231808 1.0714381001853128
1230 NaN 1.0091113291244735 1.0157995134666002 1.020983457362494
972 NaN 1.0128012859764728 1.0234495588012995 1.032140787094908
1975 NaN 1.0654315004741532 1.1298041654922044 1.1873442009597703
1483 NaN 1.0085736593643602 1.0154473660481766 1.0209833998558657
720 NaN 1.0217551227445147 1.0431327646729336 1.0623037819891885
463 NaN 1.0049696259539402 1.0091837340472387 1.0125613658968258
1231 NaN 1.005264666810542 1.0091709377794125 1.0119799655164123
1976 NaN 1.0028030918230808 1.0044215501408584 1.0052967348974087
973 NaN 1.0074856135366828 1.014280367011156 1.0200739972283557
1721 NaN 0.9993603466654738 0.9991634408155895 0.9988543512771407
464 NaN 1.0086820867750212 1.0154268568268563 1.0207334046129206
721 NaN 1.006185430850587 1.011784697799786 1.016461372036422
1232 NaN 1.0065303173162905 1.010922021932175 1.013830956676752
1722 NaN 1.0099299525983398 1.0183548008051027 1.0252904885371563
1977 NaN 1.0087634918991797 1.0151047102744277 1.0198512007845335
228 NaN 1.0283284278348483 1.0521255753125924 1.071513176197756
1233 NaN 1.0116027963483412 1.020784164655704 1.0280121441323644
465 NaN 1.0158715452383464 1.0296884221770797 1.0415884017474015
1723 NaN 1.0132677506123378 1.024420592106909 1.033577073294168
974 NaN 1.0177606014554594 1.032894001518325 1.0452528369015568
1484 NaN 0.9945294113894106 0.993282348654384 0.9940459921439894
722 NaN 1.0127464698647115 1.0235449419293814 1.0324434670790725
229 NaN 1.0085792731748844 1.0173775594331196 1.0254889316293827
1978 NaN 1.010510066963307 1.0175026791989978 1.0225096972464232
1724 NaN 1.0092175249453412 1.0169839611914109 1.023247690444937
1485 NaN 1.0092199294550257 1.0165814491395624 1.0223121261918102
466 NaN 1.0098375254356495 1.0169724821910604 1.0224615769618144
975 NaN 1.0086324073195363 1.0154393327914535 1.0206524192023005
1486 NaN 1.012944846067505 1.0235525228121423 1.0321194784225842
467 NaN 1.012345632464097 1.0219184382706026 1.0295430400097927
976 NaN 1.0090168064480185 1.0162247238500435 1.0219552728766568
723 NaN 1.018299177406262 1.0357980881684987 1.0511664902594762
1979 NaN 1.0115500424526502 1.0201265583166226 1.0265440694563064
1487 NaN 1.0086165865598093 1.0153916590254588 1.0205598659074997
1234 NaN 1.0000930245046342 0.9970755030628029 0.9934262722663748
1725 NaN 1.0164336261673395 1.03268953509974 1.0477013930609784
468 NaN 1.0079275591970311 1.0149447693782907 1.0208182470544123
1980 NaN 1.0095726331565857 1.0174898898195301 1.0239310671286768
977 NaN 1.015891845541335 1.029028235425971 1.0397797876414432
724 NaN 1.0068557708724395 1.0126584625033976 1.0172815025040838
230 NaN 1.029580806396794 1.0540090361306371 1.073729694907226
1726 NaN 1.009143805970376 1.0163222631461748 1.0219835704943931
1981 NaN 1.0080023004784135 1.0143940617111027 1.0195677902791451
1488 NaN 1.0136547700691312 1.0259936724214618 1.0363879443821222
469 NaN 1.0129582771429968 1.0243494903485175 1.0339758793190945
978 NaN 1.0086135317178322 1.016203634187656 1.0226205803099773
1235 NaN 1.0192215733485355 1.03333093153152 1.0439164177553835
231 NaN 1.010370922607705 1.019291328504871 1.0264693423029538
979 NaN 1.0034579449095564 1.0065739919237835 1.009061805618584
1236 NaN 1.0082687201390095 1.0149421845953401 1.0200591320380792
725 NaN 1.0153796185841597 1.0256355081296202 1.0328370110682332
1489 NaN 1.0109855181647838 1.0219255137432157 1.0317466478699389
1727 NaN 1.000428658978056 1.0013732316905304 1.0025519923854291
1237 NaN 1.009997978161123 1.0186038153867285 1.025576419286322
232 NaN 1.0131336824260115 1.0255748762865664 1.0366413091002777
980 NaN 1.0096548127768445 1.0187490008513156 1.0268719065630714
1982 NaN 0.9980738593207846 0.996346148661045 0.9944082253225881
470 NaN 0.9947432337398938 0.9900712724237593 0.986342547987775
726 NaN 1.0107928051442565 1.0201480748027754 1.0278383747415736
1728 NaN 1.0206961178021834 1.037587397687674 1.0513512009923214
233 NaN 1.0073182104420213 1.0140511996223922 1.019599306403253
1238 NaN 1.0148460535935109 1.026427873260203 1.0355820458190699
471 NaN 1.0051444184586646 1.0088586988309698 1.011608060666454
727 NaN 1.0099905849564503 1.0185471350000828 1.0256677172317343
1490 NaN 1.0204357098405146 1.0382942337138203 1.0531376393320586
981 NaN 1.015001540444824 1.0270807104132917 1.0366021521907778
1729 NaN 1.0161700816833399 1.028704106323748 1.0387513494688856
1239 NaN 1.0081721828245702 1.0157035054402674 1.022178480920402
472 NaN 1.0139393568327346 1.025812730933359 1.0356084059551796
728 NaN 1.0100802132968116 1.018126156618193 1.024543189799995
1983 NaN 1.0101783862077138 1.0194638966598086 1.0275614361125471
234 NaN 1.001859728812787 1.0056541575497984 1.009250448368346
982 NaN 1.0092677318324688 1.0167852819698284 1.0227288016723888
1240 NaN 1.0113629288675097 1.0204275101923448 1.0275932625838744
473 NaN 1.011481450449124 1.0201502757500733 1.0269657237010743
1491 NaN 1.0026777991928397 1.005540596559841 1.0080607294083626
983 NaN 1.0083014504320358 1.0153081476397188 1.0209884532773714
235 NaN 1.0080037337737056 1.014381711483483 1.0193783377250456
729 NaN 1.0057250468897223 1.0095054976432416 1.0121808634063552
1241 NaN 1.0089285694888495 1.016358450445623 1.0223838199941637
1984 NaN 1.0089361771001661 1.0147306084769785 1.018714772412668
474 NaN 1.0094097430772087 1.016995635693283 1.0230664831154017
984 NaN 1.0089131067937478 1.0169971923799734 1.0238555367394013
1242 NaN 1.0122736812199569 1.022883747948376 1.0318903546950602
236 NaN 1.0153858253839705 1.0280695334874919 1.0384730211947732
730 NaN 1.0132127655373506 1.024882579428972 1.0346352368388663
1730 NaN 1.0193164035307296 1.0370634885993024 1.05214888042951
1985 NaN 1.007330083265079 1.0131177395199344 1.0176201320694527
1492 NaN 1.0125878352108881 1.0186813847485099 1.0216755212316406
475 NaN 1.0097867807465293 1.0181903506654268 1.0252144922782904
1986 NaN 1.0103254567471813 1.017858002960248 1.0234814406730777
985 NaN 1.0042259581188098 1.0083036456619452 1.0116899892769768
1243 NaN 1.0117782634778103 1.021435530569529 1.029511938898814
731 NaN 1.0119835072681371 1.0205933040415562 1.0269692168722233
237 NaN 1.0110530850923753 1.020715995725493 1.0284291869954936
1987 NaN 1.0081974823985385 1.0160118761444614 1.0229473585578626
1493 NaN 1.0013830281296887 1.0014450035992657 1.0008514906870225
1731 NaN 1.0176495594967592 1.031997613505826 1.0439959773883494
986 NaN 1.0074291511300617 1.012624022140358 1.0162061204452821
1244 NaN 1.004572345543068 1.0091203668231499 1.012990664625906
238 NaN 1.0093987757633314 1.0172962427574612 1.023793690674022
732 NaN 1.016606479393119 1.0312794884232608 1.0436546033061367
1988 NaN 1.0139507255632567 1.0265267551943338 1.037279047116354
1245 NaN 1.009863239634202 1.0185111196798229 1.0256497902611923
1732 NaN 0.9973926796371748 0.9955925212261432 0.9941850985113398
987 NaN 1.0072240545766777 1.0131643644187516 1.018051471665965
1494 NaN 1.0088531605300244 1.0179947120337909 1.0261417441912761
476 NaN 1.0020249006605144 0.9998627051994943 0.9965258100498413
239 NaN 1.0107312499132914 1.01900527589413 1.0255112342003392
733 NaN 1.01196399391463 1.0224647838833845 1.0313202600275175
1246 NaN 1.0100944474392877 1.0187336374769376 1.025927972426201
1733 NaN 1.0095071541988103 1.017590677988166 1.0242969320438378
734 NaN 1.0106597524859608 1.019541269016002 1.0268197223135054
1495 NaN 1.0091486796237912 1.0169886032454498 1.0232541318636397
477 NaN 1.0096593841749784 1.019873909181372 1.0290345763493722
240 NaN 1.0075010038842203 1.0152453339784873 1.0222995940940736
1247 NaN 1.0070749001020556 1.0128076732914812 1.0171798264482208
1989 NaN 1.0075189240446143 1.0149685619539464 1.0220730258251414
1734 NaN 1.0095608694068274 1.0181844279158372 1.0256451414153636
988 NaN 1.004851279051484 1.0094731687641532 1.013529379515658
735 NaN 1.005160113119197 1.0097657340127404 1.0134741930984543
478 NaN 1.0069714620784862 1.012617580884104 1.0170489662177373
241 NaN 1.0108974671898363 1.0202465321031293 1.0279380192089427
989 NaN 1.0082106826685764 1.0141590192227676 1.018569838417958
1496 NaN 1.0203591005636607 1.0382249556857626 1.0529955909343869
736 NaN 1.008534296890526 1.0146803877505597 1.0192312544398165
479 NaN 1.0099942839885325 1.0180347479800507 1.0243295584179353
1248 NaN 1.0134585641657383 1.0249007402179449 1.034363036193909
737 NaN 1.0104376779078303 1.019428715793622 1.0268518016972872
1735 NaN 1.0186412882735085 1.0356032214663315 1.050037120795688
990 NaN 1.0093906131068302 1.0174388466063378 1.0241745851418844
242 NaN 1.0181282162108976 1.0327242346905028 1.0445275884157608
1497 NaN 1.0107216824532048 1.0193896803551592 1.0260440792913692
1990 NaN 1.011468390229639 1.020001051676235 1.0267195197765941
1736 NaN 1.0098964139039346 1.0182180173047586 1.025029246002214
738 NaN 1.0065990960675713 1.0119142995459316 1.016164324374869
243 NaN 1.0104958161334412 1.018675201500536 1.0250147883846212
1249 NaN 1.0041348348645036 1.0071249454436964 1.0097890106554723
991 NaN 1.0138412107406365 1.024773110201106 1.0333783602768616
1498 NaN 1.0110974638886243 1.0187834183850744 1.024311765306779
739 NaN 1.0102274561386142 1.01872203955998 1.0256088024046692
244 NaN 1.0062456461695883 1.0110118424334649 1.014603322782642
1250 NaN 1.0083848849131896 1.0151231524425575 1.020636854545392
1737 NaN 1.0064147314165761 1.010559982910864 1.0132600428423162
992 NaN 1.008739249335763 1.0159686363922167 1.021831545673484
1738 NaN 1.0111553657236838 1.0202204348952488 1.027568874916641
480 NaN 1.0152659959838322 1.0303356726821822 1.044317758335363
993 NaN 1.0082705956639932 1.0154426778905998 1.0212595148184456
1739 NaN 1.0097317811423339 1.017789292649866 1.0241690214586618
481 NaN 1.0096112199579053 1.017501491421919 1.0238257361535048
1499 NaN 1.0097754153360325 1.0188773912845235 1.0266827399500282
1740 NaN 1.008862144675203 1.015295677032275 1.0201087611204167
1991 NaN 1.0161411169023224 1.0305577222006428 1.0426724147141926
482 NaN 1.0064110004685964 1.0107365924655711 1.0137810935761702
245 NaN 1.0056666753926273 1.0079018227557563 1.0082170662459353
994 NaN 1.006666830355734 1.0133412950936762 1.0192307270905696
1992 NaN 1.0064176918546885 1.011268906195835 1.0149013317933857
483 NaN 1.0136526265745267 1.0246530855751244 1.0333434232489749
1500 NaN 1.016225619797601 1.029750558039024 1.040431141530498
995 NaN 1.0088900842567023 1.016627567163643 1.0229679524702442
1993 NaN 1.0139570467974335 1.0259650612597446 1.0357563995992662
246 NaN 1.019615339651756 1.0365827626428203 1.0507854733123674
1741 NaN 1.011266716934633 1.0189920753311947 1.024497480973829
996 NaN 1.0065696301492053 1.0112982659638454 1.014668092228791
1994 NaN 1.0064330969697841 1.012513860572123 1.0176417144659666
484 NaN 1.0153756140405188 1.0270732922553065 1.0361757222537922
997 NaN 1.0126647049171733 1.0217162794396466 1.0284616179077286
247 NaN 1.0090775802124559 1.0135590985535508 1.0161495302240346
485 NaN 1.0070752948811017 1.0129187537135764 1.0176978066084341
1742 NaN 1.0167736116441133 1.0304794694621853 1.0415081316729617
1995 NaN 1.0064092273433027 1.0121851417579315 1.016918564638576
1743 NaN 1.0086707612160029 1.015892370810832 1.0216166787801606
998 NaN 1.0072446191472402 1.012127666618125 1.0155030298597112
486 NaN 1.013100840893972 1.0239492901093379 1.0328900320151195
248 NaN 0.9972256167359005 0.9937873776679316 0.9903310398981929
1744 NaN 1.007348910995711 1.0137759493201792 1.0189247547836924
999 NaN 1.008658261859606 1.0162981281487415 1.022745975408778
487 NaN 1.0164250529814105 1.0293275850437564 1.0397151655509533
249 NaN 1.0106339808709817 1.019659128658329 1.0271452547192061
1745 NaN 1.0111661990274745 1.0203636831013618 1.0276798883799443
1000 NaN 1.0091001974076288 1.0171543065111632 1.0239036401918713
1996 NaN 1.024262087215269 1.0457159485964318 1.0638989470597002
250 NaN 1.007733116099762 1.0154298941260793 1.0216929127176273
1997 NaN 1.0037253529934398 1.0070795637595404 1.0097482475142328
740 NaN 1.0442402844307679 1.091209494030143 1.1346043482523887
1746 NaN 1.002867804290099 1.005380234594806 1.0074013209817134
488 NaN 1.0153440593308256 1.0294724913217783 1.041804771461307
741 NaN 1.0082254051255775 1.0151901283695777 1.0209101458958278
1998 NaN 1.00412263272054 1.0071353876347844 1.0091641070488193
1747 NaN 1.0068086672206904 1.0116032494869682 1.0148223445202276
742 NaN 1.0077842341171475 1.0140556188884744 1.0190907226254222
489 NaN 1.005753916581721 1.0100646480109394 1.0135021657337953
1999 NaN 1.0073365680223239 1.0129780828230532 1.0172671510001554
743 NaN 1.005959905733019 1.0104633395540228 1.0138322917981408
1748 NaN 1.0155595238605333 1.029882008876158 1.0421726858758091
490 NaN 1.0037051562702062 1.00658377055857 1.0088166706098325
491 NaN 1.0105927696252766 1.0196076383229304 1.0269771472658944
744 NaN 1.0070706211122378 1.0129790745809863 1.0179208812781608
745 NaN 1.0091320419733254 1.0164958938232476 1.0223226578153066
1749 NaN 1.011099590245643 1.0185476187329017 1.0240913148290678
1750 NaN 1.009416419272286 1.0171103093704374 1.0233383178422149
492 NaN 1.0172839387489419 1.0320333267899928 1.0443037135759838
746 NaN 1.0034608141096288 1.0066191544310583 1.0091384872617697
747 NaN 1.0023986243765075 1.0043804870782664 1.0058422007565038
493 NaN 1.0082076479099769 1.014023394580244 1.0182844967537088
748 NaN 1.012797137525468 1.0248200131618277 1.0351834537155413
494 NaN 1.0100252906960223 1.0171137830604087 1.0223494466756005
749 NaN 1.0160675684567138 1.028756054379521 1.038851401614851
495 NaN 1.001055345139297 1.0027208180283171 1.0043918192785724
750 NaN 1.0071899492103582 1.013157729654892 1.0178691842287146
496 NaN 1.0051182126883325 1.0078890986919187 1.009360360707627
497 NaN 1.0125019854130708 1.0234920403159333 1.0327075211610905
498 NaN 1.015992097748185 1.026949273371125 1.034792396923651
499 NaN 1.0070760260459337 1.0116572662948313 1.0147477531500093
500 NaN 1.020259186987185 1.0390976668994552 1.055551015836578
