751 NaN 1.0125344144928765 1.021102715276921 1.0276591015473509
1251 NaN 1.0118772334172679 1.0211053485196233 1.028608139321118
1001 NaN 1.011173469885882 1.0205072237258732 1.0280383708249852
1 NaN 1.0089942346891105 1.0143279346746998 1.0178318476477108
1751 NaN 1.015287111669865 1.0280400896218544 1.0387397399712177
1252 NaN 1.011826883518098 1.019956382714574 1.0259103027175183
501 NaN 1.0108625427193296 1.0168654415507743 1.0203703594907438
251 NaN 1.0061422786916394 1.0093289818262117 1.0112169337765973
752 NaN 1.0207677570314697 1.0351777850375625 1.0460183566864252
1501 NaN 1.002875101722804 1.0073296013409807 1.0120001847313498
1752 NaN 1.0186159791715188 1.0320199726444252 1.042173273765498
502 NaN 1.0134988762512416 1.022837126068476 1.0295898892621216
1253 NaN 1.0108017106843183 1.0170588225611872 1.0207179510834732
252 NaN 1.0102881975292952 1.019239245099266 1.0271303787630128
1002 NaN 1.0071409359733936 1.0114674693924648 1.0138867633066868
1502 NaN 1.0100552291142297 1.0180511752705659 1.024400032802458
503 NaN 1.0069325469133001 1.0126598434021605 1.0173133348023455
753 NaN 1.0111524858806584 1.0193939135341001 1.0259746853781193
2 NaN 1.0267913457930096 1.0467701647982541 1.062910479140992
1254 NaN 1.002007813307136 1.0044797231828597 1.0070468196012423
504 NaN 1.0147485218000967 1.0252463711197428 1.0331630253159505
754 NaN 1.0117195803017962 1.0210085941435967 1.0283503423919786
1753 NaN 1.0157815743940053 1.0312714156445508 1.045090747963985
1503 NaN 1.0063296041803786 1.0092581316963254 1.0106282167147522
1255 NaN 1.0115076965560679 1.0194148100083793 1.0252018781211993
755 NaN 1.0124181858175028 1.0220488229624305 1.0296919686966726
1754 NaN 1.0086558781657537 1.0153000358470243 1.020499458915234
1003 NaN 1.0089307275989843 1.0166882538520239 1.0229714227608762
1004 NaN 1.0074371475312776 1.0131019604446518 1.0175469859009618
505 NaN 1.0134464501370863 1.023632264528732 1.0317806427799583
1755 NaN 1.0087069242975015 1.0159088103783969 1.0217508864137737
1504 NaN 1.0120840303127068 1.018826231965644 1.02270308477014
253 NaN 1.0226121769052339 1.0372717971675587 1.0469285479014556
1256 NaN 1.0072563860100487 1.0114794466544947 1.0139455242520874
1756 NaN 1.0109736145304362 1.0181196096629557 1.023183591960347
756 NaN 1.0152250292950775 1.0262004186817837 1.0344086530321077
506 NaN 1.0163244223567862 1.0281779514497815 1.0371971162096334
254 NaN 1.0107947730335924 1.0192848536440446 1.026015962562738
1757 NaN 1.008684537228734 1.0139324578524787 1.0172048833057796
1005 NaN 0.9998515463303487 0.9991301163650734 0.9980654546822887
3 NaN 1.0093742605299407 1.0177009993502397 1.0249690882841287
1505 NaN 1.0107325635346316 1.0197837366158442 1.0267224071851564
757 NaN 1.0130057173556586 1.0220782937758148 1.028780051412653
1758 NaN 1.0131691152244886 1.0237660206329755 1.0323034060165146
255 NaN 1.0120708120049748 1.0210244876878978 1.0278321700241222
256 NaN 1.0106128439525566 1.0181731489200196 1.0238150694502026
1759 NaN 1.0144393667018603 1.0255606671334807 1.0342116590198227
1006 NaN 1.0098730684667114 1.0157395781136798 1.0194905874158509
1257 NaN 1.00963222640327 1.0160172374880518 1.020843782803213
4 NaN 1.0138351681532178 1.0238811235099228 1.0316659786495552
1506 NaN 1.0065126873459118 1.0120969289574837 1.0169533612162673
507 NaN 1.010684151998387 1.0176473412537215 1.0224292400335684
1007 NaN 1.0126733801969927 1.0220918585016783 1.0294901039902513
1258 NaN 1.0135884097459233 1.0233020793370005 1.0304514848288637
257 NaN 1.008465302330528 1.0144391559267245 1.0185088219585643
1507 NaN 1.0054731533471226 1.0095398103065447 1.0129573619150951
1760 NaN 1.0070207500969288 1.011625520588561 1.014751059139951
758 NaN 1.0018701673193524 1.0035239585931743 1.0051686890736948
1259 NaN 1.0085708777678173 1.015115748172268 1.0200174829252766
508 NaN 1.016000386427869 1.027821975983079 1.0368473689383384
5 NaN 1.0046267872805166 1.00910455932877 1.0134741420646753
1508 NaN 1.0156590051190626 1.0280844155952702 1.037974633361021
1260 NaN 1.013795774994111 1.0235917622616253 1.030953226156359
6 NaN 1.010957310268993 1.019084141753353 1.0257363384708682
258 NaN 1.0072594601883604 1.0103906540062455 1.01159498024628
509 NaN 1.0099050488427328 1.0177373362580886 1.0240551630630286
759 NaN 1.0083948874198865 1.0155622825279063 1.0218789986366332
7 NaN 1.0124051652319346 1.0215324560176235 1.028331273161308
1761 NaN 1.021600514997784 1.037363767117715 1.0496868903254544
1261 NaN 1.0050416261073258 1.0083093268569514 1.0107310390934505
1762 NaN 1.0072575796092593 1.0128169942101193 1.0174949239818787
1763 NaN 1.0089233486593856 1.0157611454683622 1.0209352821461741
1262 NaN 1.0048744956115154 1.0089897953403404 1.0123479473149244
760 NaN 1.0112905057379986 1.0207818932740695 1.0286988657995404
1509 NaN 1.0028619950475253 1.0077835783118065 1.012435770588016
1764 NaN 1.0092489726405764 1.0153543118921886 1.0195994477422095
1510 NaN 1.0094846621484685 1.0167454920579473 1.0223969407791
8 NaN 1.0170170968527177 1.032955810771511 1.047036120818719
510 NaN 1.0234356105760811 1.0412173355471872 1.0549636687174802
1765 NaN 1.0148377974978957 1.0274379286893347 1.0379011209969529
1263 NaN 1.0092378705883147 1.0157229748567693 1.0207158912430463
1766 NaN 1.0109876049013191 1.0196911378853515 1.0264952084159957
259 NaN 1.0161587866346726 1.0290878893720259 1.0397279207095433
9 NaN 1.0187245869585844 1.032783232330742 1.0436102927472295
10 NaN 1.008806788567079 1.0142565816878244 1.0179709222868358
1511 NaN 1.0147170861825239 1.0258042931769369 1.0349033902871272
1512 NaN 1.014903655819827 1.0268771336578806 1.0365713772373224
761 NaN 1.0135562659132495 1.023229695115551 1.029644779472925
11 NaN 1.011520166083988 1.0205914256864004 1.027751583316529
1264 NaN 1.011093756421333 1.0201773400572836 1.0277643324621482
260 NaN 1.020743710432562 1.0365044864767805 1.0487875189875357
1008 NaN 0.9967422082282665 0.9891760299189266 0.9800852552949827
1513 NaN 1.0119966815952437 1.022537202311838 1.0312870886632464
762 NaN 1.0150475408967614 1.025800129432406 1.033642523744537
511 NaN 1.0075014813242529 1.012906614803798 1.0175211623829563
261 NaN 1.013804090265387 1.0244987382226243 1.0330280094406878
1265 NaN 1.0135332233153038 1.0243399792223267 1.0328091121387601
12 NaN 1.0026878414396827 1.0036386431575257 1.0036813267750433
1767 NaN 1.0140905118801753 1.0282963078825365 1.0411910578888142
1266 NaN 1.0100801587011299 1.0178223539978557 1.0237895875467535
763 NaN 1.0123889071276346 1.020777357899518 1.026706902324103
13 NaN 1.0117899693244867 1.0195044487557812 1.024963979054785
1514 NaN 1.0086411847001482 1.0146437673106605 1.0194569145157546
512 NaN 1.009351151841562 1.0173802033558637 1.0242728259209724
14 NaN 1.0104250515220954 1.0185179891666636 1.0250418730378068
1267 NaN 1.0070773209112747 1.0130721773997646 1.0181664605996532
1768 NaN 1.0097092787279351 1.0186357089649125 1.0264358719095494
1515 NaN 1.0076071052965214 1.0137900920403706 1.0189155349234202
262 NaN 1.0110836002215369 1.01827784789583 1.023352854461986
1268 NaN 1.0134921237138521 1.0224818850755353 1.0290662568518716
263 NaN 1.0087827478914413 1.0139805769558932 1.0172907594104845
15 NaN 1.006289256205637 1.0094928652918431 1.0110905409944206
1269 NaN 1.0124773237658768 1.0201798200944323 1.025019371350254
1009 NaN 0.9892389603232429 0.9826970924958224 0.9781527568753287
1270 NaN 1.0147728655507149 1.0258251936900664 1.0345095557447332
264 NaN 1.0134843989314746 1.0244077116417585 1.0331216154072702
513 NaN 1.0060123482178391 1.0115596870227335 1.0162282740181585
16 NaN 1.0131706964557663 1.0222804146953917 1.028884481785967
514 NaN 1.0138132366914825 1.0241903542713107 1.0322976632348975
1769 NaN 1.0058740469284653 1.0103359878857752 1.0133808478930828
1271 NaN 1.0123431133908676 1.0216828925137433 1.0288616331697238
17 NaN 1.0178256359163909 1.0321776307551311 1.0437403634147397
1516 NaN 1.007125429334756 1.013341211185418 1.0186153542828804
265 NaN 1.0069026988142062 1.0114270856121288 1.014752367356966
1770 NaN 1.015885407557933 1.0277520164995018 1.0368880254523785
266 NaN 1.005787132954114 1.0078986651408564 1.00836057397047
764 NaN 1.0251928831993364 1.044215706652989 1.059212022752476
1771 NaN 1.016648557834784 1.028999750002156 1.0385831213057308
1010 NaN 1.019625809740935 1.036895872936494 1.0520543233257882
1272 NaN 1.0133801086245648 1.024112733778355 1.0324476531094107
765 NaN 1.0091531354856902 1.0165028261552045 1.022399023887993
18 NaN 1.0069701282889412 1.0108441854291106 1.0131809977674509
1273 NaN 1.0136349829092755 1.023726576098545 1.0315663631846337
766 NaN 1.011399903252175 1.0191195018167112 1.024612014477258
267 NaN 1.013122531001781 1.022544207246462 1.0297330764137285
515 NaN 1.003390128668854 1.0066516765534814 1.0094878692971039
1011 NaN 1.0141954116225484 1.0248439221309524 1.032936481149081
1274 NaN 1.0140933380394859 1.0240723821198336 1.0316326322971385
1772 NaN 1.014053933212793 1.0240942011748928 1.0318183898382955
19 NaN 1.0065264047012268 1.009939821414373 1.011672619855212
1275 NaN 1.007308031342018 1.0130386691930935 1.01742314929286
1012 NaN 1.0110227999584587 1.0198209778927423 1.0268112787419907
1773 NaN 1.0083684577949839 1.0148284143325614 1.0199455903929842
767 NaN 1.0108835126225908 1.0183972299422477 1.0235769236045364
1517 NaN 1.0055519609694747 1.0133510756210335 1.0215046878450071
268 NaN 1.0213600160896463 1.0378387762987482 1.050811223925487
1013 NaN 1.0107980598149442 1.0189164958456327 1.0250090625685608
768 NaN 1.0136491677100334 1.0236384344647744 1.0311612948917581
20 NaN 1.015143069544949 1.0259609064656279 1.0339587832664523
1774 NaN 1.0003230639446936 0.999098860632584 0.9975954716579988
1014 NaN 1.0147963861691631 1.0257994395532948 1.0345792969313832
269 NaN 1.012145090345122 1.020997888556915 1.0276888350080688
1276 NaN 1.0151557091355188 1.0270644309251868 1.0364669027616336
1015 NaN 1.0110783277799196 1.0185578666979092 1.0239355021930563
1518 NaN 1.0065072220209852 1.0087853370214284 1.0096123920309532
270 NaN 1.009473519688403 1.017403854574097 1.0238164176797921
1519 NaN 1.0086664714377902 1.0164520396703316 1.023209509036432
1277 NaN 1.0158297909947025 1.02723892237077 1.0360950959896913
21 NaN 1.0202502260366475 1.033777454836288 1.0434877648461043
1520 NaN 1.0079432197316422 1.0142807702788452 1.0190939111371982
1775 NaN 1.0066678622157186 1.0085065923801242 1.0080054117927286
1521 NaN 1.011951747623757 1.0205044872032913 1.0269332796910058
769 NaN 1.0114070386888978 1.0201831724577808 1.0267989637697725
22 NaN 1.0142956837886352 1.0244181972784623 1.0318983418392664
1278 NaN 1.015440331234738 1.0251585036616697 1.0315037924565464
1016 NaN 1.008724429122054 1.0117535052827782 1.0114723112497375
271 NaN 1.0122457882859845 1.0229824208417682 1.0322974265040605
516 NaN 1.0000226031732389 1.001389237797472 1.0036690658236964
1279 NaN 1.0132345177939015 1.0229676071370715 1.0305467749622332
1776 NaN 1.0084860119304955 1.0149550133921716 1.0199978396921525
272 NaN 1.0129003280468611 1.0219461995823598 1.0288447854469338
1522 NaN 1.010515159520602 1.0180960860109531 1.0235879844149303
770 NaN 1.0174764954718927 1.0298534419826004 1.0392840903714269
1017 NaN 1.010260905983985 1.0180279292765915 1.024125378433519
1777 NaN 1.0079032057022423 1.0132921743181356 1.017203150987177
517 NaN 1.013453959742299 1.0231174819114806 1.03056718718204
1778 NaN 1.009466674217064 1.0166293384410403 1.0221062237342422
1018 NaN 1.012913196312512 1.0210998233177926 1.026573627937241
23 NaN 1.0175864261553207 1.0313897391491167 1.0424809125834595
771 NaN 1.012316449596008 1.0195627589031766 1.0241213124291342
518 NaN 1.0096704533796323 1.0170518709334861 1.0227928826949746
273 NaN 1.0149963624528695 1.0261256624522852 1.0348866271908361
1280 NaN 1.0172080969732218 1.0282767864023252 1.0358848899139304
1523 NaN 1.002547301239627 1.00511462555808 1.0070073983009988
274 NaN 1.0106497406990373 1.0190235803897796 1.0257235731412273
1524 NaN 1.0092426104253154 1.016030914896043 1.0211561049236946
1281 NaN 1.0156058322619914 1.0264133721717508 1.0343582203779058
519 NaN 1.0161201792090866 1.028315743811591 1.0378396959790421
275 NaN 1.0114206799857797 1.0202057097712456 1.027141978496234
1525 NaN 1.0078621799840122 1.0134917006312896 1.0175635393815088
772 NaN 1.0110042539180948 1.0204239922650784 1.0286961390756932
1019 NaN 0.9990915832151589 0.9972023355937842 0.9954464060076713
1282 NaN 1.0103862149622203 1.0180333915368414 1.0237872807401986
1779 NaN 1.0147608275041842 1.0275972914247236 1.0385037643202482
1283 NaN 1.0111024064976974 1.0197594809957211 1.0269670080021343
24 NaN 0.9905025147816875 0.9848033617116242 0.9811261832607534
520 NaN 1.0119558375484843 1.020545804897243 1.0268833570985851
276 NaN 1.0136986810362096 1.024868039866516 1.033923912194993
773 NaN 1.0101176931650007 1.0169865388141361 1.0217755198562697
1020 NaN 1.0087833404528372 1.0148993009079628 1.019234771776549
1284 NaN 1.0093654523341307 1.0155634210904898 1.0199292282301002
25 NaN 1.0023122796277386 1.004945821758866 1.0072767099852553
277 NaN 1.0106713102237768 1.0183820544539672 1.0242056884129473
1780 NaN 1.0112611242625054 1.0198239785237524 1.0264371224100355
1285 NaN 1.0089455311220148 1.0151781590621032 1.0196285074108966
774 NaN 1.0082692667594682 1.0133727225752225 1.0163821541228635
1021 NaN 1.0022968762810645 1.0035433031742595 1.0040775780860964
1286 NaN 1.0135510204178453 1.0236647043736826 1.0316087528328972
775 NaN 1.0118085210926044 1.0205460061940936 1.0274115186604351
26 NaN 1.006383740644309 1.0093074877751238 1.0102420715367206
1526 NaN 1.0144468573407783 1.025803017198384 1.035007967582352
521 NaN 1.0039927819081447 1.0067853755858123 1.0087569349492114
1527 NaN 1.014166718041456 1.0239495715473979 1.0310479289455652
776 NaN 1.012732461359965 1.021358926114971 1.027368616843287
1022 NaN 1.0120102713003876 1.0199980754137623 1.0257758952641116
27 NaN 1.0066495852980775 1.011272134532349 1.014551506888603
1781 NaN 1.0000037992969013 1.0007433601968452 1.0020382977949795
1023 NaN 1.0034252840502997 1.0048972880253575 1.005355243406062
28 NaN 1.008738804171694 1.014507774193075 1.0186737845328862
1528 NaN 1.0085158445715434 1.0159850053898105 1.0222775125570962
1782 NaN 1.0145408494067865 1.0245438549477732 1.0320138144490987
1287 NaN 1.0217067902358161 1.0416143180687374 1.0586520690417
522 NaN 1.0161699922253762 1.0300056326849585 1.041550971923985
278 NaN 1.00920076876434 1.0169760588422485 1.0235612477434466
777 NaN 1.017172129455431 1.0282667263515293 1.0360847801434172
29 NaN 1.0020576558927807 1.003386285687131 1.0041888398289225
1783 NaN 1.018836079554423 1.0343211006312343 1.0473181993818788
279 NaN 1.0129747281011572 1.0231454950592462 1.0310501329550876
778 NaN 1.0118626240447188 1.0208698222256527 1.0280094035069332
1024 NaN 1.018310073429729 1.0323346365697 1.0437575441933327
1288 NaN 1.0051610920275 1.008082934139116 1.0094178317088744
30 NaN 1.0072268970793594 1.0126950648749953 1.0167987430512424
1784 NaN 1.0130896111224237 1.0248382958221505 1.034929863029435
779 NaN 1.012009368502098 1.0210824306899726 1.0282974353054204
1529 NaN 1.0075679857395736 1.014020414838136 1.0195021354041087
523 NaN 1.0117903906256138 1.0194768381868389 1.0247863122176522
1785 NaN 1.0123938437134457 1.0213743524315249 1.0281231103479054
1289 NaN 1.0144780961729352 1.0248077282824086 1.032633881305666
31 NaN 1.0125981174851872 1.021289088130388 1.0274621388134788
1530 NaN 1.01125922144009 1.019666795795031 1.0258582150142497
280 NaN 1.0100711238251907 1.0171156748269332 1.022179023739145
780 NaN 1.0125190503094432 1.0211934081370964 1.027398397236191
281 NaN 1.008374102363383 1.01499620690382 1.0202660335920866
32 NaN 1.0120400095397253 1.0208659923902137 1.02751918957063
1786 NaN 1.0117229997450543 1.0198263042804472 1.025811208033853
1025 NaN 1.028278793056235 1.0509457237539281 1.069798494491694
33 NaN 1.0115722889990573 1.0205587298561352 1.0274485024877185
282 NaN 1.0104786530425807 1.0182504916186348 1.0243531392271734
1290 NaN 1.0072317007699696 1.0105652051316973 1.0120551508355664
1026 NaN 1.0161868433509493 1.0279356959028652 1.0367768320233113
34 NaN 1.0052686933228168 1.0096987778454551 1.0133462165208094
1787 NaN 1.0081489365580565 1.0135150620501694 1.0172011800650602
524 NaN 1.008885679394573 1.0165389812799481 1.0230423307483711
1027 NaN 1.013045688695161 1.0220613711476891 1.0287495593756886
781 NaN 1.0055734114295583 1.0081637477497896 1.009222372509685
283 NaN 1.0118249153725314 1.0201574369735127 1.026527251912174
1291 NaN 1.0147893577728084 1.0274663438221936 1.0382103046893247
1788 NaN 1.0066488775643092 1.0111986306430707 1.0143987620428614
525 NaN 1.013479956094003 1.0223698618883665 1.028560587395909
782 NaN 1.0153705906901227 1.0269559236999928 1.0360603615178587
1028 NaN 1.015866613610674 1.0294238181713868 1.0408557625665011
1531 NaN 1.0394108279966008 1.0718841999634297 1.0976249459970056
35 NaN 1.023448002782721 1.0406817938680517 1.0544940711403947
1029 NaN 1.0145549710710975 1.0259005512134491 1.0350148446929008
284 NaN 1.0081600194387406 1.0138567426921417 1.0182167977004675
783 NaN 1.0082957166771942 1.016349865821946 1.0232443601744636
36 NaN 1.0075673882237943 1.0127695680554563 1.016335579543114
1789 NaN 1.008298049335877 1.014679580831469 1.01973720781284
1532 NaN 1.0044183111713674 1.0081510746751348 1.0110812798871105
285 NaN 1.0111046392396237 1.0186712592114417 1.0237984017445492
1292 NaN 1.0124186892058389 1.0224139883828038 1.031089980496174
37 NaN 1.0074633294877147 1.012072275824284 1.015108713114768
784 NaN 1.0082594036895276 1.0138839578523982 1.0178458516299873
1533 NaN 1.0119608523118644 1.0214235663032412 1.0288232786975517
1534 NaN 1.0103794072175103 1.0185531967390404 1.0250459197867572
286 NaN 1.003658377252329 1.0064836144686549 1.0088494794168499
1030 NaN 1.0059025252362175 1.0101594962960463 1.0134786169722894
526 NaN 1.0143758187144756 1.0298496348138317 1.0440410769521535
38 NaN 1.008565829632537 1.0137980482250981 1.017272100288891
1293 NaN 1.0157622604305068 1.0291204574144939 1.0403483085523533
1535 NaN 1.0132721548054442 1.02228079678213 1.029002609717132
1031 NaN 1.0131773283809935 1.0232418527578642 1.0309508295154928
39 NaN 1.013869540321578 1.0244082026799468 1.0326043255258077
527 NaN 1.0107685540191196 1.0185283604370812 1.0242193300058338
785 NaN 1.0104952695613032 1.0192482578177837 1.0266288247328326
1294 NaN 1.0074847974183745 1.012467387742137 1.0158994512282515
1790 NaN 1.0010856185539614 1.0021294105053644 1.0034738946761537
786 NaN 1.0077024798558671 1.0129796257978267 1.0169528952795819
287 NaN 1.0092935169667778 1.013181769645151 1.0145391233750138
1032 NaN 1.0200042284691409 1.0343520895158198 1.0449513628951743
1536 NaN 1.019494810549512 1.0351376047990395 1.0477328426867014
528 NaN 1.013530528202108 1.0248527184280243 1.0341973414480798
40 NaN 1.018564083355394 1.0315963650191702 1.0415178282628228
288 NaN 1.0107434778694901 1.0173746445740126 1.0218798460318117
41 NaN 1.0059531338280532 1.0102390946235515 1.013466161660517
787 NaN 1.0118823301478876 1.0182572166248827 1.0217087260235476
1295 NaN 1.0108066414277115 1.0177496871400373 1.0229731275457228
289 NaN 1.0154927797295494 1.0279153430647932 1.0379663074677816
788 NaN 1.010002433285856 1.0172973850893232 1.022745202310628
1791 NaN 1.0124620581540438 1.0206008949349104 1.0261726131492255
529 NaN 1.010310229890677 1.0186519356114152 1.0253765604217793
42 NaN 1.0084621924391275 1.0133009616478392 1.0163164550843138
1792 NaN 1.0164804422694291 1.0282670773735951 1.0372119812317375
789 NaN 1.0120472836390717 1.0210283242062452 1.027976465831088
1537 NaN 1.0224532172445986 1.0397711271252277 1.053542073161166
43 NaN 1.0123816780327282 1.0231328184055737 1.0321693167084123
1296 NaN 1.010982861317082 1.0174781435671754 1.0215600993301581
790 NaN 1.0139943465354295 1.023489503420791 1.0303351444492237
1793 NaN 1.0116810548614705 1.0214920944909014 1.029690261675855
530 NaN 1.0118740171423681 1.0198030049803881 1.0251816413871564
290 NaN 1.0124830155035 1.0244305147702069 1.0349614174794637
1538 NaN 1.0120077441914381 1.0211437433445267 1.0283007257250714
44 NaN 1.0131369545975655 1.022106170904361 1.0285932796794244
1297 NaN 1.0102510171215493 1.017822787824276 1.0235535075257534
1033 NaN 1.0247526731409884 1.0483633845837776 1.069265717010514
791 NaN 1.0118517866511318 1.0206546686132603 1.0276348151526356
531 NaN 1.011468444656946 1.0194815322409738 1.0254737690529818
1539 NaN 1.0176416506014716 1.0322315611970412 1.0444062509898406
792 NaN 1.0097538588285002 1.0166859120892455 1.0219399455714102
291 NaN 1.0160673541938934 1.028110651914634 1.0376459370703064
45 NaN 1.0119305646919352 1.0216908033617373 1.0297496806651125
1794 NaN 1.0122047898332251 1.0222141815208343 1.0307788982975532
793 NaN 1.0188049406161765 1.031935440900873 1.0415450226051066
292 NaN 1.0049366876793777 1.0080407795306061 1.0102048934944434
794 NaN 1.0103067315620098 1.0173631128205078 1.0226641716249958
532 NaN 1.0132198906688197 1.0238122125014077 1.0323386875982181
1034 NaN 1.0126768382279008 1.0228967647934157 1.0311059544026282
46 NaN 1.0140798361303867 1.0260015153956306 1.0359591833652957
1795 NaN 1.014119420638808 1.026164168746854 1.036084861557457
533 NaN 1.0109237725248117 1.018364575671875 1.0238688931632907
293 NaN 1.0089346216937167 1.0160017373438905 1.0215457142336015
1298 NaN 1.0176727542788793 1.0313872501284713 1.0418978557853278
294 NaN 1.0130151861147285 1.021630026204894 1.0275899754357487
1540 NaN 0.9997297145994745 0.9974948998146083 0.9942583889410541
1796 NaN 1.0142833578016772 1.0232666475952599 1.0293745569397745
47 NaN 1.0067421584812986 1.0122717745743948 1.0167570676960913
1299 NaN 1.0176533011975748 1.0310977977728617 1.0419913388458653
1035 NaN 1.0158736780836128 1.027468902912587 1.0361034258033819
1541 NaN 1.013653590172952 1.0239474347363278 1.0321137617209386
48 NaN 1.0126666468773036 1.0223917007180139 1.030019905189031
1797 NaN 1.0110894701552853 1.019644716593701 1.0263785367265694
49 NaN 1.0063588811045334 1.0119011518643164 1.0164616602986987
1798 NaN 1.0138378639884618 1.0245720133060408 1.0330991460165384
1300 NaN 1.006399865417829 1.0093318777621592 1.0105336736481438
1799 NaN 1.0135925679061941 1.0233585103307983 1.030802455791389
295 NaN 1.027622699517228 1.048484542884296 1.0648799297355689
795 NaN 1.0090744129278542 1.0142907999156408 1.0178431112241382
534 NaN 1.0121689659857893 1.022299677945559 1.0313927800302611
296 NaN 1.010541022267483 1.0180127675788382 1.0236652512317157
796 NaN 1.0074188702138949 1.0140570935864728 1.019387892046922
50 NaN 1.0137003564938531 1.025450710745867 1.035222400141769
1800 NaN 1.0053689762044304 1.0097694214696913 1.013341689355392
1542 NaN 1.0178567869229385 1.0339031946501032 1.048000705515011
1301 NaN 1.0196702848636332 1.0327108303885064 1.0418193523621284
51 NaN 1.0101945570370316 1.0180718206209458 1.0241651000494305
1801 NaN 1.0060612124030224 1.011339136815098 1.0157866988713362
52 NaN 1.0110382218118656 1.019202635234322 1.0255433297822798
1543 NaN 1.0124397483783047 1.021520899052652 1.0287242236466971
797 NaN 1.0085357405052657 1.0156701547495264 1.0212989839822841
535 NaN 1.0033160441584408 1.0074101802148616 1.0113701623463267
1802 NaN 1.0171347126064048 1.0306362036435255 1.0415188688759218
1036 NaN 1.0082199345642853 1.0098005375710026 1.0079211789575269
798 NaN 1.013514430960772 1.0233458824620345 1.0308203680933223
1302 NaN 1.013613396550953 1.0238709031525868 1.0315859939210135
799 NaN 1.011309925117827 1.0190346634520537 1.0247507956326483
1544 NaN 1.0173472745796481 1.030361113201197 1.0404086427383572
1037 NaN 1.0061223592982393 1.0118825818258692 1.0174361745497291
536 NaN 1.0180133679343664 1.0334761152601866 1.046711714488901
800 NaN 1.019439160875928 1.0335191761688525 1.0438682089814086
1545 NaN 1.0152038530994283 1.025846790692463 1.0338768848678732
1303 NaN 1.0256328062093543 1.0456996164776908 1.0617914874095695
1803 NaN 1.0078330398524238 1.0135813877083304 1.0176609749323404
297 NaN 1.001745663027658 1.0032611794002841 1.0048871548767573
1546 NaN 1.0091670405255833 1.0152355752544677 1.0194996234654046
298 NaN 1.0036966539289705 1.007277804923766 1.0104169684922173
537 NaN 1.0050237744296102 1.0081997934780047 1.0107240067551273
1804 NaN 1.0095714941550318 1.017100123351983 1.0229922604141781
801 NaN 1.0067087420986776 1.0100207335837479 1.0115939255931532
1304 NaN 1.0105643575454393 1.0192806457665455 1.0262262930354147
538 NaN 1.0094288837014858 1.016946562030897 1.022930248553629
802 NaN 1.0114614286266708 1.0193807099134597 1.0251247913229409
1805 NaN 1.0111933912909505 1.0186474544784645 1.0239623989086808
1038 NaN 1.0009664077458496 1.001699170874308 1.0025887253098802
539 NaN 1.0157544365673823 1.0281367607223642 1.0381760132223408
299 NaN 1.0150135237699933 1.025814977211847 1.0340736988431278
803 NaN 1.0116632389711717 1.020194741214767 1.0270052124703073
1547 NaN 1.01555013839637 1.025932605897777 1.0336629321488924
1039 NaN 1.0136427585830827 1.0235080159466206 1.0311083164858321
1548 NaN 1.0070376778701942 1.0117147123183672 1.0151191892725184
300 NaN 1.0106534211607896 1.0174433930218587 1.0217768490260113
1806 NaN 1.0056264880971746 1.009314932748767 1.0116493915206302
1040 NaN 1.0071379138683156 1.0121550255932896 1.0158477664522356
540 NaN 1.0008216530977538 1.0000372326001923 0.9986107367436113
53 NaN 1.0284911614263341 1.0474965300089878 1.0612819986575672
301 NaN 1.005937829843535 1.0092147928878479 1.011420274979571
302 NaN 1.0165416444367736 1.0285178270724167 1.0376747665556543
1041 NaN 1.0111600379132912 1.0178251376015026 1.0216275005883526
54 NaN 1.017284775308324 1.0303188011912712 1.0405039509458245
1305 NaN 1.0280479031555314 1.0451290557014983 1.057200949265336
804 NaN 1.0161413961828176 1.0293737870157706 1.040166852544598
541 NaN 1.0133572082857825 1.0232178469308322 1.0312269718178355
303 NaN 1.0077455223684872 1.013214330171177 1.0172942199931407
55 NaN 1.0112863945599468 1.0202380943344853 1.0271580638155935
542 NaN 1.0125123820445108 1.0212383023249234 1.027740740461948
805 NaN 1.0062805942214557 1.0100463478822062 1.0123554836354776
1042 NaN 1.0120375282013243 1.0202155286938002 1.0259790324299631
1306 NaN 1.0094146393070929 1.0155534747621664 1.0196661704719168
1807 NaN 1.0069242219150079 1.0069943386713287 1.0040405485053039
806 NaN 1.0110475129643322 1.0193355171855052 1.025812309144158
1307 NaN 1.007674878740081 1.014962313901934 1.021252783434291
543 NaN 1.0091519384387384 1.014321284498489 1.0173409108513025
56 NaN 1.0143834284612938 1.0249774860880065 1.0325321993973058
807 NaN 1.0077258393255881 1.0123743844081412 1.0152117104631224
304 NaN 1.0112811649119064 1.0216702433682188 1.030822061500661
1549 NaN 1.0231860903267769 1.0402968811436948 1.0535619246333356
1308 NaN 1.0138876191353432 1.0251704750594473 1.0342303119928182
305 NaN 1.0089156392939942 1.0158111013577118 1.0211329973087966
57 NaN 1.010497452121744 1.018661189700625 1.0250686356559437
1808 NaN 1.0124305861130862 1.0232158710007317 1.0322329430231039
808 NaN 1.0155920338690707 1.0267706618443369 1.035319423426859
1309 NaN 1.0062462687251124 1.0116402986995021 1.015858178547736
1043 NaN 1.0102600255474712 1.0182049356709333 1.0241807297766083
1809 NaN 1.0218777705397788 1.0384100906045763 1.0515204740438073
809 NaN 1.011521162060867 1.0187442198119003 1.0237104783567805
306 NaN 1.0095001274136346 1.015948601842266 1.0206582220946374
1310 NaN 1.0109466741451874 1.0190517624971045 1.0252050656588936
544 NaN 1.0253101846303019 1.04476647476966 1.0598197686140873
1044 NaN 1.0136656837098588 1.0230604338349774 1.0298873799702992
1550 NaN 1.0233606339931651 1.0421973569714644 1.0574391627925948
58 NaN 1.019617366052911 1.035183009516279 1.0477621253258613
1311 NaN 1.0062058834436323 1.0115085855446857 1.0159287320956998
810 NaN 1.014528828443177 1.0249900369174287 1.0329381637086008
1312 NaN 1.0098744334687733 1.0173572509216635 1.0232273115695754
1810 NaN 1.0050160981598333 1.0098116592137882 1.0140162830774886
1551 NaN 1.0031221109413753 1.0055083732598329 1.0072786033512489
1045 NaN 1.0182583636260332 1.0306770548056452 1.0397887949687277
811 NaN 1.005876693747954 1.010663618131123 1.014528490919234
545 NaN 1.0090930738435206 1.016013151484134 1.0213746524486438
1552 NaN 1.0089436116786377 1.0160303772202308 1.0214701761688585
1313 NaN 1.0125881646034278 1.022250756722335 1.0299104409183635
546 NaN 1.0094277927249997 1.0167510061998004 1.0225969383908404
1046 NaN 1.0094764077623406 1.0167810029580373 1.0222353576102572
1553 NaN 1.014151287371743 1.0240945581296685 1.0317387313231285
1811 NaN 1.0102857839810344 1.01957640572824 1.0279158641397468
59 NaN 1.013590470114152 1.0261219653470233 1.0369528765764922
547 NaN 1.014152116565887 1.02555522363904 1.0347697281543111
1047 NaN 1.0084856427056412 1.0140416439931457 1.0176864400310377
812 NaN 1.0018711919355086 1.0024049661433698 1.0025725766832483
548 NaN 1.0142266823058985 1.0241586653672912 1.031451143398194
1812 NaN 1.014797454771159 1.0251603355037668 1.032681080464888
307 NaN 1.019521732450262 1.0355657046401847 1.049046864286971
1813 NaN 1.0113477271070295 1.0197728276497648 1.026266822961379
1554 NaN 1.0057288599093228 1.010383573834737 1.0137513212725944
1048 NaN 1.0060926789263522 1.0120825679763983 1.0174056840790682
60 NaN 1.0024543314514782 1.0022823451965899 1.0010931804873253
308 NaN 1.00530871320227 1.0089153006011629 1.011687737075865
1555 NaN 1.0083279141582326 1.014501760555234 1.0194233224789744
813 NaN 1.034511429155237 1.060341761410024 1.0804967703452362
1814 NaN 1.0122189947589417 1.0219312952164534 1.0293784298562556
814 NaN 1.0136194022825273 1.0235376046547888 1.0310960626242136
1314 NaN 1.0122032563103283 1.0188581536823338 1.0225079263844368
309 NaN 1.0065195130156543 1.0112444674472592 1.0146225677269343
549 NaN 1.0233697148796952 1.0392098262925824 1.0507268900419624
310 NaN 1.0095359896490403 1.0162004672470655 1.0212047015882566
1049 NaN 1.0087546602121582 1.0156390011146654 1.021209813157883
61 NaN 1.016475844366318 1.0295939777706875 1.039983209344655
1556 NaN 1.0153791392538738 1.0277142381181474 1.0374476642777173
311 NaN 1.0132288076548277 1.0247372395582284 1.0344898059882415
1315 NaN 1.007229362031676 1.0135776375239212 1.0188806997538784
1557 NaN 1.007725967397618 1.013940325436106 1.0189026803781842
815 NaN 1.0059955884998002 1.010534528587771 1.0144230199555058
62 NaN 1.0078349987457802 1.0137826357322817 1.018373708427021
1815 NaN 1.0022483070721415 1.0047735891833118 1.0070069504496955
550 NaN 1.0064569985264675 1.0133133397071454 1.0193835164109397
1050 NaN 1.0059623481784363 1.0101239450464587 1.0129085792288708
816 NaN 1.005904323834287 1.0095242014839454 1.011993088350042
312 NaN 1.0102796310868485 1.016800231435902 1.0207993343022232
551 NaN 1.0141696862250749 1.025252630012108 1.0340513560369309
1051 NaN 1.008675362314327 1.0154542874976469 1.0207360341112488
1816 NaN 1.0055660287050765 1.010483937396377 1.0146319330099505
552 NaN 1.009305808165719 1.0148054341758312 1.0182435719941927
1316 NaN 1.0161191089415884 1.0289762946407413 1.039234627312422
313 NaN 1.014345693164909 1.0227417144314197 1.0280322772883672
1817 NaN 1.0077793547304192 1.0140077846993356 1.0188497614960443
1317 NaN 1.0131550716476767 1.0229309323864149 1.0306812074520064
314 NaN 1.0095142826565553 1.0167945763950914 1.022326815912486
63 NaN 1.0152354129955392 1.0292044311781288 1.0413188684497126
1052 NaN 1.0149202584436054 1.0250997206117476 1.0326425386473166
1558 NaN 1.01876531944362 1.0326603902301306 1.0431518014477894
817 NaN 1.010431239891674 1.0184287927146345 1.0245270582287573
64 NaN 1.0137804984735679 1.0242150084006503 1.032301123882684
553 NaN 1.0127743760097 1.023862558245042 1.0333070983745511
1818 NaN 1.0030318120370882 1.0045884973525347 1.0050780836478321
315 NaN 1.0135960511936275 1.0239412923816276 1.0318697564962673
65 NaN 1.012996394185129 1.0223323134621851 1.0293110101002008
1053 NaN 1.0118980844610397 1.0199841196152808 1.0256126741824891
1819 NaN 1.0124186420049837 1.0216115748686179 1.028580941256016
1820 NaN 1.0069270758394648 1.0122677395403623 1.016373014903235
1318 NaN 1.002732416713776 1.0047817226177767 1.0065046337153398
1054 NaN 1.0191063271588343 1.0329265726007408 1.0435695392882836
1559 NaN 1.032739048790724 1.0575300105195087 1.0770396463111287
66 NaN 1.008129680643399 1.0113711059724073 1.012574893673547
1319 NaN 1.01132238489289 1.020292908660451 1.0276731806531687
1821 NaN 1.0085912018962762 1.0154383542389191 1.0208976691468743
1055 NaN 1.0134507589905941 1.0234509083460153 1.0313197623203376
554 NaN 1.016912409479777 1.0299646642053046 1.0398875366937619
67 NaN 1.010663302027489 1.0192540649738933 1.0261551028700404
818 NaN 1.0145650024034498 1.0276734094565465 1.0391814363880572
555 NaN 1.0135653223654641 1.0227074928454514 1.029118550953002
1056 NaN 1.007122312090131 1.0119098741135986 1.0148905041450387
819 NaN 1.0106559533090806 1.0178436842757859 1.0231625391006307
1560 NaN 1.0158850603663419 1.0281762043090368 1.0375867305669724
1057 NaN 1.0134428466994698 1.0243542281406937 1.0333342907163647
1561 NaN 1.0091123110643054 1.0156332892052844 1.0205097654759483
1822 NaN 1.005214544541877 1.0098069678643915 1.013602691103044
556 NaN 0.9971251817865087 0.9955893700060618 0.9945057112131268
1823 NaN 1.0091221953418552 1.0148168484251348 1.018725862167038
1562 NaN 1.0077402164162732 1.0135713686244527 1.018045600675766
557 NaN 1.018276774891635 1.0330289624652704 1.0446515793197702
316 NaN 1.0259190991553435 1.0417809777521918 1.0525308075075626
820 NaN 1.0200147717494836 1.0335750397495538 1.0435831965549702
1563 NaN 1.0109576209750624 1.0188280958863363 1.0248811212102766
317 NaN 1.0104853201009145 1.0189425177345799 1.025539682834464
1320 NaN 1.0250489913386456 1.0430952244753828 1.0568245125412836
1321 NaN 1.01265380301709 1.0225105124512026 1.0303146859574612
1824 NaN 1.000882266444588 1.0011417886373633 1.0009842987299316
821 NaN 1.0218608888319398 1.0389514661678803 1.052644754854442
1322 NaN 1.0143002530799623 1.0247454444315125 1.0326504687656737
1058 NaN 1.0130927513457504 1.0242986340792073 1.033822816293272
1825 NaN 1.0110625184983753 1.0200717755784219 1.0272802960566403
1564 NaN 1.016491348110528 1.0281130165008334 1.0368169453916445
68 NaN 1.0207534586156868 1.0368467092404468 1.0493021290586104
1323 NaN 1.008727008486599 1.0152019433628556 1.0201945929644503
558 NaN 1.0096207705462534 1.0153169587209965 1.0194284447218298
822 NaN 1.004330983591118 1.0081259408079628 1.01150541036265
1059 NaN 1.002228345869006 1.0038138254845201 1.0047996836369137
1565 NaN 1.0133676305944492 1.023263827504247 1.031003033043613
559 NaN 1.014501577418867 1.0245084641424749 1.0316933729452813
1566 NaN 1.0098311384854952 1.0177111514846768 1.024044976511926
69 NaN 1.0077218026523975 1.0136220127966857 1.018283210296987
318 NaN 1.0043393305654709 1.005590809866617 1.0054577234460156
1324 NaN 1.0133570763981277 1.023447035400706 1.0313838028261169
823 NaN 1.011219221295166 1.017934206577805 1.022040127080614
1060 NaN 1.0048965538057109 1.008820182418321 1.012421387941261
1826 NaN 1.0116650901351216 1.0220688163806204 1.0308962735581182
1061 NaN 1.0081798270947577 1.014957272985039 1.0205101067604823
1827 NaN 1.010451105511657 1.0183184504404046 1.0244207208861313
1325 NaN 1.0013559156101448 1.0017264295944674 1.0015207282956349
560 NaN 1.0167910346107307 1.0311519477510012 1.0430610076332758
1567 NaN 1.0057023299656411 1.0113002201537165 1.0160585495926298
1062 NaN 1.0120537458697112 1.0208588351424235 1.0276140640781033
70 NaN 1.0074123248414433 1.0129175473064638 1.0175504062961338
1063 NaN 1.0163091817830936 1.030492913642444 1.0426395520223057
319 NaN 1.0046469292805411 1.0082667094795041 1.0111314143120993
71 NaN 1.009691173507506 1.016252087722011 1.021213650923401
1064 NaN 1.0066687784758115 1.010978636423081 1.0140756413228005
1326 NaN 1.0116907563096937 1.0207840224563716 1.027824538703663
561 NaN 1.012914043376368 1.0230332273259415 1.0308946930507843
1568 NaN 1.001442659020333 1.0023747031241774 1.0029156881580963
320 NaN 1.0124531805042718 1.0205748249684417 1.0264388112932543
824 NaN 1.021940459089652 1.0387556761273995 1.0520035917847836
1828 NaN 1.0106238472256306 1.0175945894623417 1.022771288009171
72 NaN 1.0114547229389483 1.0204602662435849 1.0275621136276272
1327 NaN 1.013287288850125 1.0230866300709176 1.0307662103703152
321 NaN 1.0091448136995351 1.0157691989980921 1.0207241453230727
1065 NaN 1.0038265424468358 1.0075320276823085 1.0109480508900677
825 NaN 1.00507370601515 1.0075580188231292 1.0091398661678108
1569 NaN 1.0170812484349285 1.0319036595916167 1.0444685606396245
562 NaN 1.0210607048574454 1.0373718976299349 1.050417237693102
1570 NaN 1.0074765977638327 1.0136258680588728 1.018603135196265
322 NaN 1.0062650770015351 1.008719273346449 1.0096634771522097
73 NaN 1.0220203876656166 1.0376238977677714 1.0490335012110672
826 NaN 1.0107449619699633 1.0211287684213164 1.0307283027179153
1829 NaN 1.0077887200252245 1.0146802725602024 1.01986040384431
323 NaN 1.0007339014362013 1.0020740601816283 1.0036502146885793
1571 NaN 1.0075288317567084 1.0123489476157257 1.0157101432375222
1066 NaN 1.0238660140860987 1.0448602297213974 1.0627226433941739
827 NaN 1.0106768885373199 1.0180049205090982 1.0233982697335073
324 NaN 1.010082101502784 1.017731092025796 1.0237972829605921
1328 NaN 1.0199876498319207 1.0362720746031255 1.0488276965044738
1067 NaN 1.0084002824573564 1.0145334401084793 1.0191983868658148
1830 NaN 1.0146740148674305 1.0267008464171679 1.036518059784661
74 NaN 1.01290547918965 1.023736905451415 1.0323267777408829
1068 NaN 1.0124204498454596 1.02087564064366 1.0271088999443911
325 NaN 1.00952286286414 1.016043017646131 1.0206841344411344
1831 NaN 1.0092592037330865 1.0164021949990019 1.0220415086564585
563 NaN 0.9955033606682077 0.991939069768254 0.9883810867794516
1329 NaN 1.0110399131052334 1.019957752501893 1.026982323006875
75 NaN 1.0059253624462159 1.0094585727612106 1.0118770397046102
1572 NaN 1.0135283215976587 1.023272152874313 1.0303408013130595
1832 NaN 1.0121951265245506 1.0208664238951408 1.0276507747253862
326 NaN 1.0072777436911933 1.0137780882118725 1.019248426243775
1330 NaN 1.0112129397493343 1.0202666282884059 1.0277199125485184
76 NaN 1.01323636074892 1.0228820411479675 1.0304478668805241
1069 NaN 1.0113046155574374 1.0182303915664692 1.0230053235326138
77 NaN 1.008457763312112 1.0145359942556085 1.0191886528312848
1833 NaN 1.0107285398500458 1.0182115876926587 1.0238281601114356
1070 NaN 1.0031476062921136 1.0055046829607808 1.0071033170756183
564 NaN 1.0145624361515793 1.0243907267471866 1.0312080005191444
1573 NaN 1.0183240836710683 1.033298243849321 1.04578340027565
828 NaN 1.0208064171432716 1.036691665414366 1.0490893813065816
78 NaN 1.0164318604071942 1.028810147422901 1.0387454986810194
1834 NaN 1.0106345225887277 1.018272272416047 1.0242228668603006
1574 NaN 1.0095052589196891 1.0162975400797045 1.0214767295295168
79 NaN 1.0126642506713275 1.0220827670955688 1.0292998933492787
1071 NaN 1.0070459877997597 1.0131662470388947 1.0184201127191512
1835 NaN 1.0140270037252694 1.0232437178162752 1.029902209485646
1072 NaN 1.0106834798254476 1.0167755302896293 1.0205229615295204
1331 NaN 1.0123944255658623 1.0247723985402908 1.0367484604727528
327 NaN 1.011917793807323 1.0231891542108276 1.0330885484005352
1575 NaN 1.0063670586504514 1.011033477293606 1.0146474844718214
80 NaN 1.0236744370782516 1.0402669574623302 1.0522131487446722
1073 NaN 1.011748342660306 1.0193001923388179 1.0244024331073054
1836 NaN 1.015466648496441 1.0275184693681185 1.0368279334802124
1576 NaN 1.0105865169858617 1.0186635557620305 1.0252655213879176
829 NaN 1.0087386186381528 1.0158131529954093 1.0209796176549446
81 NaN 1.0108334921531394 1.0179186325768523 1.0229390760914099
1074 NaN 1.0137621668620107 1.0237025501962298 1.0310892006592973
1837 NaN 1.0110885668944818 1.0193450075517978 1.0255870905660498
82 NaN 1.0135709876565955 1.0244778334316609 1.0332002100654205
328 NaN 1.0090587026618596 1.0129850850976694 1.0150512233400144
1332 NaN 1.0071708351231836 1.0135166991935796 1.0185655327345526
1577 NaN 1.021352852510174 1.0376452915983188 1.0509404655714918
329 NaN 1.0101426497730772 1.0177584567847655 1.023506993546688
83 NaN 1.008218553633199 1.0133028036137457 1.0164812117624513
1075 NaN 1.005392470550763 1.0077017976652813 1.008511977157105
1076 NaN 1.0109376071000757 1.0178750289032539 1.0225398770752263
1578 NaN 1.0037453358858237 1.0070756194324824 1.009707803247121
565 NaN 1.0248743024189368 1.0473270398509031 1.06633414866291
84 NaN 1.0143506522887709 1.0246362477798048 1.0324731967865968
1077 NaN 1.013086943951701 1.0226941741727478 1.0301530482651244
1579 NaN 1.0111352722487927 1.0208498302485327 1.0293891420711083
566 NaN 1.0111960605924712 1.020124414584981 1.0272112561178894
830 NaN 1.003954286527732 1.008591879131608 1.0120545569033146
567 NaN 1.0097808073476704 1.016131066616744 1.020437919476719
85 NaN 1.0095957582351058 1.0168941256521629 1.022205623916537
1333 NaN 0.9980394954187519 0.9967996393198623 0.9957169880687833
1838 NaN 1.0101761593185377 1.0194969987805556 1.0272848102981817
1580 NaN 1.015200501077441 1.0257620925900175 1.0336179794592846
831 NaN 1.011794336942654 1.0196510202872184 1.025154196048517
86 NaN 1.0112038549660896 1.0197891229936573 1.0264877000165438
330 NaN 1.0153418864340285 1.024902123482584 1.0312349755246548
1581 NaN 1.0077211586529533 1.0126121196970725 1.0160006629259515
87 NaN 1.0135156581878586 1.025008072018632 1.0347505727561688
1334 NaN 1.0037675743759242 1.0055422904089708 1.0061162489396536
1839 NaN 1.0183869287317322 1.031787167728979 1.0421585310088137
1582 NaN 1.0123969288983814 1.021389588462066 1.0284007218094717
1840 NaN 1.012321812905509 1.0212671601004528 1.028244678110414
1335 NaN 1.0114973552638167 1.02176695784544 1.0305203393963485
832 NaN 1.009031936937288 1.0142141324727272 1.017473510869064
331 NaN 1.0104937484320164 1.0190515846586732 1.025684048523006
1583 NaN 1.0166680108645116 1.0285759107383277 1.0373977316852963
332 NaN 1.0103453065163104 1.0183239874836982 1.0247792216616989
88 NaN 1.0149216637251446 1.024350019349178 1.0306790407991953
568 NaN 1.0055696875391316 1.0076137471482776 1.0079218443436408
1584 NaN 1.0120432613955952 1.0216085827275407 1.0290327744248504
1078 NaN 1.009730024655747 1.0205362669361657 1.0313278917893702
833 NaN 1.0079492606567286 1.0149660636293467 1.0211733400093872
1079 NaN 1.0087177746336269 1.0157328825420209 1.021175393816464
1336 NaN 1.0082689245416234 1.0150107981650187 1.0207239973507152
1585 NaN 1.0098423509909227 1.0175769887035238 1.0234702776867124
1080 NaN 1.010202346144778 1.0187885049478256 1.0257677883315255
1586 NaN 1.010084138885603 1.0178661644686822 1.024025802434853
89 NaN 1.0061565862871127 1.012667560723397 1.0189060783533934
834 NaN 1.006023705741268 1.0094934278798684 1.0119086465106957
569 NaN 1.0041329545112534 1.0022541203120099 0.9980017630809558
1081 NaN 1.0084548538513964 1.0148594060769263 1.0194413716120532
333 NaN 1.026696252869581 1.0458125308239252 1.0600319179285385
570 NaN 1.0122686326563453 1.0215225523599605 1.0284714937367565
90 NaN 1.0037408213346974 1.007627587348977 1.0112135651808334
1337 NaN 1.0007649361831092 0.9944658670757351 0.9863946648901615
1587 NaN 1.009338114763422 1.017005496605902 1.0234334555722924
1082 NaN 1.011796059760393 1.0199115658837128 1.0256418885288348
1338 NaN 1.0010396219130582 0.9984373409543373 0.9948524419913841
571 NaN 1.010628469421538 1.018085137293651 1.0237708979552251
835 NaN 1.0130119324496878 1.0238576169435558 1.0322313320149714
91 NaN 1.012198266647974 1.01964708322353 1.0251193442564228
1083 NaN 1.0099029931451466 1.0168005370835627 1.022145500700505
1339 NaN 1.0098899567886974 1.0179696721767075 1.024516738702789
572 NaN 1.0146847096975518 1.0264739838574497 1.0359457920339092
1588 NaN 1.021804512878561 1.0374603330862229 1.049021598989512
334 NaN 1.0046472904894777 1.0069544502793788 1.007957548597743
1589 NaN 1.0094287144704044 1.0167468095522756 1.0226095742604377
335 NaN 1.0107774778606031 1.0177626840158511 1.0228483257874201
1340 NaN 1.009642996489217 1.0180628898608006 1.0250449055111048
573 NaN 1.01605032288383 1.027192200201805 1.0354304167838617
574 NaN 1.014411555464226 1.026501620384039 1.036555893469736
1084 NaN 1.0197834647471895 1.0346464586397546 1.0463601646160123
1341 NaN 1.0033056118793362 1.0041065224768242 1.0041044492526738
336 NaN 1.019394054756785 1.0341030769080422 1.0456639406169803
1342 NaN 1.0145329699213608 1.0252570899316706 1.0334391664917413
1590 NaN 1.0175074907311308 1.030161341524692 1.0396332283989727
1841 NaN 1.0313247800064993 1.0537774570931189 1.0710567159543958
1085 NaN 1.0199854377338504 1.0347121299543578 1.0458991069116401
575 NaN 1.0112815513035531 1.0190483251536369 1.0242490832689972
337 NaN 0.9938009992869028 0.9888163119961177 0.9844181799731734
836 NaN 0.9931898180807579 0.9881550372768833 0.9843323210456105
1842 NaN 1.0159229868669326 1.0269424098867956 1.035329570861112
576 NaN 1.0086854264812908 1.0167166412085784 1.0236485301489655
1086 NaN 1.0121841117927322 1.0224031584913222 1.0309234094389208
338 NaN 1.0102384737040506 1.0169372848463862 1.0217693199059137
577 NaN 1.0176601495128013 1.0295911000499858 1.038064629821341
1843 NaN 1.0090973238221816 1.0179054943682946 1.0259565679448583
1087 NaN 1.0137921893225106 1.0236445167936892 1.0308425826805012
837 NaN 1.0113886985297589 1.020777926791114 1.0283157666325418
578 NaN 1.0117279197030566 1.0204943723021545 1.0271366344671171
1343 NaN 1.0143621869833257 1.0262502712023138 1.035702312693931
579 NaN 1.0072335634065792 1.012783865904411 1.017104962672361
339 NaN 1.008055175446964 1.0147274302952756 1.02034713885969
1088 NaN 1.0121141038991592 1.0213199185286146 1.028710901420612
838 NaN 1.0075443511004594 1.0124743018991416 1.0159373470746247
1844 NaN 1.018884164130448 1.0344858135510926 1.0473665080386152
1089 NaN 1.0150637391906863 1.0260144800142463 1.0342039184791103
1591 NaN 1.0106485055157044 1.0179345854300834 1.0230869905070965
1344 NaN 1.0187503968148122 1.0341925412705502 1.0469339357587495
839 NaN 1.0091968890358949 1.0165309387787942 1.0224148423927806
580 NaN 1.008420325852565 1.0157777200405629 1.0220602311714428
340 NaN 1.0207593977534222 1.0359488649889745 1.0475641689796567
1345 NaN 1.010586073990271 1.0179412690057241 1.0234036528912505
92 NaN 1.0234798029956855 1.0453127722334936 1.0650623888139987
1592 NaN 1.0123242453217594 1.022126894260727 1.0302069200141413
1090 NaN 1.0090183293628525 1.0177150598940086 1.0257496645238378
581 NaN 1.010488352343839 1.0177621424054661 1.023221921500943
1091 NaN 1.0098068864450431 1.0176261416548174 1.0239217232994289
93 NaN 1.0156227215039373 1.026643594614719 1.0348613098498474
840 NaN 1.0084006669698569 1.0133689567974908 1.016609019349053
1593 NaN 1.0093431728921107 1.0154133089474138 1.0194741459524248
1845 NaN 1.0082966026152036 1.0140952314448646 1.0182058682049457
841 NaN 1.0095529249987512 1.0165748659533747 1.0218462576582255
1346 NaN 1.0082296110871365 1.0141352016592085 1.0185181781742518
1092 NaN 1.0106765812291827 1.019085114207867 1.025814145905752
341 NaN 1.0109560335312067 1.0181171118081893 1.0230631776753694
582 NaN 1.0124143155532133 1.02140213589193 1.0282840113018188
1846 NaN 1.0146328539936096 1.025461941954825 1.0337135770012973
342 NaN 1.0106280045147222 1.0192282551238971 1.0259668813472225
842 NaN 1.0101545335631075 1.017930566805532 1.024392970326942
1093 NaN 1.0146989924948295 1.02618448368236 1.0351463759387431
94 NaN 1.0047254148027696 1.007837246054077 1.0095432083386577
1847 NaN 1.0147945223123378 1.0256452307182113 1.0338461958374
1094 NaN 1.0094960048676658 1.0168149238133248 1.0226159534063322
95 NaN 1.0157539230899961 1.0280748346536208 1.0379026228594477
1095 NaN 1.0133895495267367 1.0239362555155167 1.0324273278745686
583 NaN 1.0295448985621443 1.0539864240646768 1.0746127906438137
1347 NaN 1.0114203542814264 1.016790293909101 1.0189810308967218
1096 NaN 1.0101091381979934 1.017365464471822 1.022758758612689
1097 NaN 1.0082867471902663 1.0136079049564537 1.0171508321276317
1594 NaN 1.0103783684437841 1.0208642421336993 1.0309828022957273
96 NaN 1.008216694304895 1.017836876951235 1.027053598124433
1595 NaN 1.0082182997449416 1.0138897447770971 1.0180686151618217
1848 NaN 1.0214178518178147 1.0386580309435745 1.052878204986583
343 NaN 0.9996164769995852 0.9988639583957796 0.9978030680035073
843 NaN 1.0133046784290047 1.0224060929618617 1.0294191750825918
1348 NaN 1.0127060179574612 1.024053085623928 1.0341072183294104
97 NaN 1.0066404140488596 1.013213808040387 1.0187494707052982
584 NaN 1.0112704703139037 1.0191026650122246 1.0243896777470112
1849 NaN 1.010234089238136 1.0180030814945853 1.0237319794264954
1596 NaN 1.0178431144761018 1.0309737435370396 1.0409023063310059
98 NaN 1.0113830201924192 1.020163213104461 1.026950968512126
1098 NaN 1.021063036800031 1.0362206025857004 1.0476517619326298
1850 NaN 1.007954663902176 1.0131516443250628 1.0166599518654682
344 NaN 1.010845410487663 1.0173309267386903 1.021264913353573
345 NaN 1.0122733038574088 1.0209398476888054 1.0273888173144476
1851 NaN 1.0087196773658689 1.0146961002004566 1.018992824416609
585 NaN 1.0073757908011238 1.012984107624494 1.017372676698736
1597 NaN 1.0111220526234521 1.0197113388083114 1.0262308504742592
99 NaN 1.0146750194731762 1.024627329534589 1.0318941850994985
346 NaN 1.02023368956176 1.0363932468005506 1.0496384892292012
586 NaN 1.0105488341882238 1.01948716660761 1.026757732497087
100 NaN 1.0117406519670171 1.021366228023768 1.0292803454294426
1099 NaN 1.0131130396897814 1.0234560070976688 1.0317578075730345
101 NaN 1.0146563172518885 1.0266794735069067 1.0363818213014633
1598 NaN 1.0042468797643342 1.0068343767036112 1.0083918786367292
1852 NaN 1.0082888472846196 1.0150005751495415 1.020630646911076
1853 NaN 1.0106996196572702 1.018590516086378 1.0245904097055807
1599 NaN 1.0094460542281247 1.0162631905345347 1.021533007929992
102 NaN 1.0102425147615082 1.017671705743662 1.0232656840463297
844 NaN 1.0231352641221987 1.0389047706974963 1.0505512815937987
1100 NaN 1.0091466897531 1.0147610191074175 1.0184240785469183
587 NaN 1.0173003614062235 1.0316000645822003 1.0436735087599482
1854 NaN 1.0173539691933806 1.0300332850981244 1.0396974681491522
845 NaN 1.0108137669696013 1.0192461487579658 1.0260545332087558
1349 NaN 1.0066049691865453 1.0135974393162706 1.0198306108346227
347 NaN 1.0222049239148112 1.039322915719455 1.0529925238937932
846 NaN 1.015122774589155 1.0271683808060545 1.0370560987964512
1855 NaN 1.010969750112463 1.0189841761231166 1.0251750640332165
1350 NaN 1.0071939265632575 1.0129272424426035 1.0174259715135434
1101 NaN 1.014089852283548 1.0233085814718543 1.030011451075823
103 NaN 1.0154048979278973 1.0273535879044384 1.0369676740137581
1856 NaN 1.01243636557413 1.0220420868556457 1.0296793626908347
1857 NaN 1.009141287768281 1.014932481729028 1.0188338635383969
104 NaN 1.0136866734018564 1.0234848259334353 1.0308569753082972
348 NaN 1.0204705106822392 1.0374249282951462 1.051368177643591
847 NaN 1.0103883889256198 1.0168960434171255 1.0213480220855993
105 NaN 1.010045842850121 1.0177165350140112 1.0236998592308197
1600 NaN 1.0277735308416387 1.0469935920633366 1.0611813782964645
1351 NaN 1.007436631787779 1.0106352590324905 1.0120267256998288
848 NaN 1.0050723372314676 1.0070041176434215 1.007680827294646
1102 NaN 1.013576340177809 1.026001982750301 1.0370083002925936
349 NaN 1.0140142549290057 1.0254682676207423 1.034795311299204
1858 NaN 1.0134429125932176 1.0238470258179133 1.0315918332406628
849 NaN 1.007323644809916 1.011953253036135 1.0152477798940187
1601 NaN 1.0123319384361849 1.0200415661389257 1.025194092053553
106 NaN 1.0178452521261128 1.0296928811153039 1.0382558838900036
588 NaN 0.998987062919929 0.995515774513997 0.9909891191186906
1103 NaN 1.0006890827755612 1.0005437587508874 0.999731170826135
1352 NaN 1.019256864269818 1.0345832427730814 1.0472637138156669
107 NaN 1.0119302187347072 1.023226198620695 1.0334155283463962
850 NaN 1.01244048090831 1.021077327371555 1.027539586762271
1104 NaN 1.0096977749235236 1.0175560999295439 1.0237728160675
350 NaN 1.0136930014883578 1.0214084643523555 1.0259348301700557
589 NaN 1.0050422401763184 1.0106928919222968 1.0159439001947423
1859 NaN 1.0172398301374965 1.0300009943766837 1.039788106944009
1353 NaN 1.0127331759042362 1.0212430176542258 1.027265326806995
1602 NaN 1.0173795852364842 1.0322887401102399 1.04497098795985
590 NaN 1.008675638527698 1.015691396513727 1.0214992388196955
108 NaN 1.0103151897836273 1.0192235227517463 1.0265936583565816
1354 NaN 1.014444535304924 1.0262010384657108 1.0358979631266962
1105 NaN 1.0102499956704685 1.0163556212941969 1.0204290950145771
1860 NaN 1.009972471735798 1.0155509572433916 1.018767963640811
109 NaN 1.0088968133706522 1.0158602939103931 1.0213889647758847
1355 NaN 1.010076134280789 1.017066464721246 1.022189523115981
351 NaN 1.0174406713226836 1.0295887514159294 1.0384418107026663
591 NaN 1.0072467742129363 1.0126696363268493 1.0167227606834508
1603 NaN 1.009575862812182 1.0140332709974653 1.0159099886339418
352 NaN 1.0117098208190507 1.0196979638247021 1.0255632848195675
1106 NaN 1.0143344432289403 1.02209776409267 1.0268332138719203
110 NaN 1.007556065085712 1.012954975097214 1.0168814244723743
1107 NaN 1.0124590870478793 1.0212401966368154 1.027774096948475
1861 NaN 1.0080854408398534 1.0126778838533448 1.0158585694629023
353 NaN 1.0120257179127217 1.0201931290063488 1.0262518316709393
1356 NaN 1.0062597012461385 1.0097918240427783 1.0118796512401336
1862 NaN 1.0113045129763494 1.0194263255378586 1.0255965076837434
111 NaN 1.0040104766598676 1.00451591458891 1.0030844122670224
1604 NaN 1.0181721638510508 1.0296184473077297 1.0374328935270054
1108 NaN 1.0127195430212288 1.0229812526371778 1.0313800522723067
592 NaN 1.0018038354036551 1.0019645311852696 1.0018492120874334
354 NaN 1.031127808432219 1.0548423476139641 1.0739122508144547
1109 NaN 1.0103178883557011 1.017511994153069 1.0228717075881228
1357 NaN 1.0097677592893508 1.0156193646523977 1.0193251389279216
1863 NaN 1.0130970094665206 1.0225535703586561 1.0294413014074633
355 NaN 1.0144536289775208 1.0257582404540837 1.0346406031369075
112 NaN 1.0086012828782738 1.012465812957715 1.0141237257194096
1605 NaN 1.0079918530025356 1.0131762947378378 1.0167657624058675
1110 NaN 1.007713417050129 1.0133415461609228 1.0174923345017215
593 NaN 1.0126968916051575 1.0233955250794051 1.0323398479775305
1864 NaN 1.0037430037375525 1.0068142905639947 1.0092653014312647
356 NaN 1.0106017431972907 1.0186640471622317 1.0247692048402366
851 NaN 1.0283926340395466 1.052531919107323 1.072411382418895
1111 NaN 1.0159528499129304 1.028343073196594 1.0383618287987437
1358 NaN 1.0136245318946087 1.0238296367752997 1.0317153512943618
1606 NaN 1.0095256550197826 1.0166982406642688 1.022368893439845
357 NaN 1.015613277104958 1.0273148197385455 1.0365710778386306
1112 NaN 1.011673187762489 1.0199315762310939 1.0260089086339346
852 NaN 1.013079441355061 1.0234382642070403 1.0316184571257052
1865 NaN 1.0099587150004534 1.016843243509844 1.0219093314101768
1359 NaN 1.0137997264832808 1.0234713477888684 1.030477130807902
358 NaN 1.0115338348577145 1.0198307278727634 1.0260591694733083
853 NaN 1.0034642658226434 1.0050065511952142 1.005836542372058
1113 NaN 1.0141180077041065 1.0258980271292824 1.035555564220543
1866 NaN 1.0116782421282706 1.020759270355625 1.028030402424636
1867 NaN 1.0108697764598273 1.0183684728460354 1.023746525518016
113 NaN 1.0098038091877652 1.018644759486307 1.0261501948188196
1360 NaN 1.0094423753691226 1.015402908329381 1.019479822942105
594 NaN 1.0076402581503259 1.0142358435687275 1.0196608496721973
359 NaN 1.010680712295705 1.0197302774819104 1.0273456035447042
1114 NaN 1.0093725055147718 1.0168763640087273 1.0229942451323089
1868 NaN 1.001793315805025 1.0011617253654095 0.9996803492353254
854 NaN 1.00388604305466 1.006589979533149 1.008665845688528
360 NaN 1.014434976334544 1.0245855819092138 1.032112427993124
1607 NaN 1.0049077714974477 1.0094394296693547 1.0133758172463583
114 NaN 1.0122067967773893 1.0210885944213621 1.027595102524793
1115 NaN 1.0037733917818814 1.0065954720847197 1.008329641032187
595 NaN 1.013344708886881 1.0223806808182552 1.0290649064217177
1361 NaN 1.0148408947217604 1.0251783804835524 1.0325686629399544
115 NaN 1.0099901175455273 1.018259710264071 1.0251493224900103
1116 NaN 1.0127414397085466 1.0219148679862073 1.0290652603386945
596 NaN 1.016150710344216 1.0280919496822716 1.0373922163083242
1608 NaN 1.0045407836156222 1.007098436361104 1.0088094442547544
1117 NaN 1.0060020854458693 1.0105661223397773 1.0141431482107304
1362 NaN 1.0105036273142936 1.0163564326880008 1.019797328308624
855 NaN 1.0133748807703231 1.0259863368361037 1.0366704889411067
1118 NaN 1.0118885600789291 1.020429644347385 1.0268916354432978
116 NaN 1.0090286381207443 1.016671969964592 1.0226776395940376
856 NaN 1.0107045934039756 1.017944843599865 1.023239728691075
1869 NaN 1.0174315839421892 1.0295118402949202 1.0376564880228696
1119 NaN 1.0126245251411872 1.023427609250717 1.0324014156325714
597 NaN 1.0129301855339181 1.0216429161927456 1.0282887208481617
1870 NaN 1.0194274502475993 1.0346427219818064 1.0466921843932007
598 NaN 1.0129979383421295 1.022174849224082 1.0290174917743977
1120 NaN 1.0060019974141645 1.0117380440828834 1.0170843111079875
1871 NaN 1.0085586601104763 1.0157004363689 1.0216990675594912
117 NaN 1.0122444382555957 1.0235691651677217 1.0337714439399892
361 NaN 1.0081834492621953 1.0113791886528742 1.012539701022939
1121 NaN 1.0108308912544133 1.0207954848891827 1.0296014763302033
1872 NaN 1.0111483938818517 1.0208947138896918 1.0291125061636843
1363 NaN 1.0294854043403316 1.0518914213180168 1.069352521463535
599 NaN 1.0080724255630096 1.0144243390004974 1.0195556459728328
600 NaN 1.009752290327604 1.017015052401647 1.0226340342204108
1873 NaN 1.0004154977483004 1.0008714068317803 1.0014518472118503
1122 NaN 1.015565705721574 1.028304480880599 1.038820397859255
1874 NaN 1.0140841802120864 1.024990371831064 1.033791038547434
1609 NaN 1.0219808771767076 1.0419619101706015 1.0598841688133338
118 NaN 1.0203919514479673 1.035069009093472 1.0463209313830297
601 NaN 1.0044356875800478 1.007819297172526 1.010324207954449
1364 NaN 1.007496684113977 1.0124720198968118 1.0165349876185703
119 NaN 1.0076709690462369 1.0129905564400228 1.0169067374458591
602 NaN 1.0113187816002969 1.0196115177656941 1.025978022320925
120 NaN 1.0117549145583467 1.0201444299804707 1.0264744694726262
1610 NaN 1.0068417539595709 1.011992626159335 1.015815636056717
857 NaN 1.0128153706260992 1.023947476347729 1.034102690799109
121 NaN 1.0110004619004194 1.0190198932747037 1.0251414527849934
1123 NaN 1.0171470756529815 1.0319409303965579 1.0438512726319493
858 NaN 1.0108796799831938 1.0198710067971253 1.0272142251303327
1611 NaN 1.0137047700277901 1.024152415469356 1.0322681214724525
122 NaN 1.0104510908652191 1.0192175416517442 1.0267059100519995
1365 NaN 1.0057067118397542 1.0094269943203114 1.0118096693252134
1124 NaN 1.008907670333055 1.0148097496223514 1.0188905978378262
1875 NaN 1.0126298979263209 1.0225276639888408 1.03069861750114
859 NaN 1.0093146037838634 1.015663258446916 1.0202613393525928
362 NaN 1.0126418617545387 1.0229211540167484 1.0305918349785237
1612 NaN 1.0132743231073582 1.0245821568876983 1.0340769753603125
1125 NaN 1.013309135765024 1.023847281844926 1.0321653060831009
123 NaN 1.0131520466482944 1.0226464334169993 1.0300954343021465
860 NaN 1.0178639273680838 1.0334306471007568 1.0464186190946563
1876 NaN 1.0154722661821294 1.0273645883465692 1.037000987619755
603 NaN 1.0108450458993734 1.0198022873800383 1.026642049698256
861 NaN 1.013102787137308 1.0227924143512772 1.0304973809553304
1613 NaN 1.008197939497851 1.0135085561189026 1.0172022581393334
862 NaN 1.0102059476288738 1.0179802033795795 1.0240906656051647
1614 NaN 1.0091641262481934 1.0163701855259368 1.0220298200503162
1877 NaN 1.0057170000214435 1.010245931444758 1.0136678266059795
604 NaN 1.0186652102381437 1.0323216007944822 1.0428025217169528
1126 NaN 1.009431163177106 1.0173733668222227 1.0238424227800764
363 NaN 1.0104841558450597 1.0177444996256337 1.0232884981064065
863 NaN 1.0107660481142504 1.0192534534390243 1.026055948891805
1615 NaN 1.010302493959088 1.0175087291961122 1.0228237875089903
364 NaN 1.0148984495131115 1.0255179635202998 1.0335666962184455
605 NaN 1.0135615032413627 1.0229972887020236 1.029777633006419
1127 NaN 1.0105264300269725 1.0189050263391435 1.0256069946300346
1878 NaN 1.0115542430813464 1.0206883592694693 1.0280798286090391
124 NaN 1.0060354925842216 1.0115646510257552 1.015601236133863
1366 NaN 1.0165495550295471 1.0299855103015747 1.0414916210480007
1128 NaN 1.011505729300697 1.0193230902352104 1.0248682673526999
606 NaN 1.0104514968072527 1.018429923909102 1.024544776620218
1616 NaN 1.006081344195885 1.0109200397538538 1.014587061653942
365 NaN 1.006220725295086 1.0105777240718246 1.0139222894003985
1879 NaN 1.011830704241028 1.0204713730238641 1.0268478425428798
125 NaN 1.0103292326904545 1.0159874163717832 1.0189866992786039
1129 NaN 1.00414389525767 1.007037322795175 1.009148280237718
1367 NaN 1.0144394481657202 1.0269524413307047 1.0369139451377152
864 NaN 1.0162852838381589 1.0277952261199645 1.0366523778206553
607 NaN 1.0090287923897712 1.015815259129316 1.020946982232133
1130 NaN 1.0132855836121024 1.0227983139245371 1.0298694234964625
865 NaN 1.0094216382931658 1.0166683700011279 1.0220869964946642
126 NaN 1.009996476666081 1.0179592754916398 1.0241577826570485
1131 NaN 1.0034896822508208 1.006443883816729 1.0089040810493093
366 NaN 1.004724644754075 1.004845111219969 1.0033011026218104
608 NaN 1.0198108407592297 1.034266647631457 1.045420500832831
1368 NaN 1.0096470757335194 1.0151907713836432 1.018629493285894
1880 NaN 1.0021194826787196 1.0028312703699152 1.0027240064367733
609 NaN 1.0071664171425312 1.0114722309634812 1.0140797460196478
367 NaN 1.0135712915912787 1.0249717189513228 1.0344459485587234
127 NaN 1.03461422986461 1.0602287014917902 1.079961251692104
610 NaN 1.0037600622780272 1.0060284401176633 1.0073405337084065
1617 NaN 1.0045429460127815 1.0057277420325517 1.0054500803553317
866 NaN 1.0261477882385026 1.0464490228272956 1.0625567851704965
1132 NaN 1.0002280584971346 1.0021983794926668 1.0046548350876392
1618 NaN 1.0105982294949152 1.0193565409633645 1.0265208444510907
611 NaN 1.0085923212444876 1.0155751802826614 1.0211034412813758
1881 NaN 1.0175520377199503 1.0303360565031268 1.0396429941688834
128 NaN 1.0065692981081906 1.012445330598238 1.017557626352117
867 NaN 1.0122209461769087 1.0219412311306737 1.0296709192055882
1369 NaN 1.0012962221724024 1.001660213709249 1.001325229554339
1133 NaN 1.0173667709256549 1.0296685951808193 1.0390549168099503
612 NaN 1.0108558187858458 1.0172169275214213 1.021008360223151
1619 NaN 1.0127648436554573 1.0219347272787827 1.0288225248335707
1370 NaN 1.009868593349571 1.0166660463915391 1.021575676096214
129 NaN 1.0031214990067365 1.004638030356886 1.0052812925937071
368 NaN 1.0161813868326304 1.030237273624536 1.0418815717841423
1620 NaN 1.016877151120356 1.0305021803580725 1.0416158613260496
1134 NaN 1.0053934404159002 1.0076864191436525 1.0086944948034133
130 NaN 1.0047393735983372 1.0081222213497272 1.0106022254102138
1621 NaN 1.0184639127806872 1.0327414719921584 1.0440526817868405
369 NaN 1.0156948409499722 1.0272544403595913 1.036144919824953
1882 NaN 1.0030682787040521 1.0046556758824765 1.0054871574353248
868 NaN 1.0088082908174427 1.0148779368444096 1.0190752874244502
1371 NaN 1.0055405533973287 1.0100369420670732 1.013189546921772
1622 NaN 1.010922847059371 1.0189455096352995 1.0251232003040367
131 NaN 1.0160838646954033 1.0278425404216243 1.0367394267644041
370 NaN 1.0101218397078335 1.0182300353642302 1.0246968488459953
1623 NaN 1.0118801129496273 1.0193977379112873 1.024518281611368
869 NaN 1.0135272932755057 1.0239812493512424 1.0322575383379378
1135 NaN 1.0147625753303762 1.026354242606492 1.0355606632698218
371 NaN 1.0038754231400553 1.0049754955172103 1.0050056778413963
132 NaN 1.009436465094661 1.0162261233665637 1.0212895684049343
613 NaN 1.0128903780599479 1.019869897265552 1.0237866641900515
1883 NaN 1.0161382682539752 1.0295884759783385 1.0408229395120068
1372 NaN 1.0170773060314182 1.0280078841906273 1.03492562612249
1624 NaN 1.0063596807806123 1.0107322711952111 1.0136434750749068
1136 NaN 1.0089626726432877 1.0147079946601416 1.0185136263244003
614 NaN 1.0141809367544976 1.0236589391112818 1.0304826133019527
1884 NaN 1.0197339475697915 1.0325041306561065 1.0413646307979536
870 NaN 1.0178422742526263 1.0300139845382699 1.0391634941752952
372 NaN 1.0146323968503745 1.02558420405568 1.0340177936183725
615 NaN 1.009940626434403 1.0180340768524236 1.0246140991221326
1373 NaN 1.0164200664426732 1.0294601578804854 1.0405172690956055
133 NaN 1.0195722134033711 1.0351443781408245 1.0477635918750303
616 NaN 1.0088424879986486 1.01535712458709 1.0205925374043836
1625 NaN 1.0076945138848907 1.013694130061791 1.0187610845009287
1885 NaN 1.0123585946941673 1.0215493601552212 1.0290750871487504
1137 NaN 1.0131800491513518 1.022695614620209 1.029928205295473
871 NaN 1.0101382904418554 1.0169491582260617 1.0216477589929507
1886 NaN 1.0093381603653886 1.0154180797988135 1.0197330479909315
617 NaN 1.0049205657826106 1.0089239103251912 1.0119442182154013
872 NaN 1.011924360527602 1.0215287239969897 1.029290812277755
1626 NaN 1.0160377033981276 1.028483844011953 1.0384746866615893
1887 NaN 1.0068127148398391 1.0121598435610002 1.0164431991697183
1374 NaN 1.007778072511041 1.012140469588587 1.0147180519855914
373 NaN 1.0003432284471483 0.9982567361822794 0.9952456640545638
134 NaN 1.008338607076148 1.0150358405245907 1.0206067876036682
1138 NaN 1.0132945373881694 1.0216073734634195 1.027326230694012
1375 NaN 1.0068032833464633 1.0117443525574095 1.0154680953327306
1139 NaN 1.0109193423590384 1.019424558620415 1.0259198367195208
1376 NaN 1.0102802374870261 1.0178514115774833 1.0236588633182038
1627 NaN 1.0069165836664684 1.0129964081569076 1.0181754347717953
374 NaN 1.0071335247640933 1.0118659644091093 1.0150191063224576
1888 NaN 1.0203708182104683 1.0354148787395916 1.0467579077420024
375 NaN 1.0091404340342105 1.01527885705547 1.0197751663495374
1377 NaN 1.0134750323970898 1.0232954182156249 1.0307237994165563
1628 NaN 1.0126448083906407 1.022069241610013 1.0289445149446863
873 NaN 1.0051536376326229 1.0086362093553736 1.0114419139366444
618 NaN 1.0040335197125865 1.0086334000205621 1.0126768656581338
1889 NaN 1.0087762247426486 1.0151037707405215 1.0197770272149922
135 NaN 1.0167997317684716 1.0285757615486757 1.0372369736447975
376 NaN 1.0100108161880852 1.0168580996659848 1.0218859802573688
1140 NaN 1.0190002387838113 1.032112137068523 1.0416811730264175
619 NaN 1.0096775893811785 1.0171352940636769 1.0230143572741899
377 NaN 1.017327098326717 1.0312538301712024 1.042514465813627
620 NaN 1.0115505824920614 1.0192587443447967 1.0248069766193382
1141 NaN 1.0077909099957556 1.0128116816868897 1.0163354869063574
1629 NaN 1.0058179703935075 1.010375831895646 1.0137400326258623
1890 NaN 1.0119477136775048 1.022408706267922 1.0312013090722605
874 NaN 1.0143093665645315 1.0272852886775146 1.0390389256681394
621 NaN 1.008046557817497 1.0139289267168827 1.0182424691057341
1378 NaN 1.0269831997323575 1.047462933100623 1.0631988935029228
1142 NaN 1.0094482931355044 1.0146762733509451 1.0178879946611228
875 NaN 1.0095943881724487 1.0164403815954408 1.0216306170534153
1379 NaN 1.0138674628819246 1.0233985490322748 1.03061377889526
136 NaN 1.0092283574402632 1.0154902459869484 1.0197446854682122
1891 NaN 1.0065953214038528 1.0103359124294429 1.0125455802249606
1143 NaN 1.012167314619822 1.0214728717934627 1.028839078422159
1630 NaN 1.0092660543876626 1.0152282794166225 1.0190923148826767
622 NaN 1.0185044041728906 1.0310024047707753 1.0398205839075505
137 NaN 1.0135303333479708 1.0240041577037668 1.0324886120372714
876 NaN 1.0159117381565448 1.0277497801283446 1.0368978072311112
1144 NaN 1.0005027368169215 1.0008584266437266 1.0009961684573285
1892 NaN 1.0034880701411402 1.004867192491275 1.0053680575342179
1631 NaN 1.008054291292373 1.0144551785695317 1.0198020550865603
138 NaN 1.0091911483085667 1.0169076105706094 1.0232802421897478
623 NaN 1.0111365545704296 1.0186563507719144 1.0241310037334115
1380 NaN 1.0081912649972333 1.0133713150764678 1.0168655673012352
1893 NaN 1.007752781320889 1.013660789101292 1.018192658235172
624 NaN 1.0077633875587957 1.014501312915961 1.0199396962286222
877 NaN 1.0111098021516165 1.0185759297295378 1.0239847968892384
139 NaN 1.0079288488697915 1.0141345193736813 1.0190026885599164
1894 NaN 1.005815793366392 1.009664848151684 1.0121041344099513
1632 NaN 1.0156013445409684 1.026607410564839 1.034418523758852
1145 NaN 1.0211038016954295 1.036194592698999 1.0479170809757947
140 NaN 1.0209825524031122 1.0393127479755602 1.055264913196192
625 NaN 1.0199542560387431 1.0319818292640766 1.03940835592427
878 NaN 1.0158569190535134 1.0291150371929145 1.0402307260494366
1895 NaN 1.0082712681382338 1.0163618636444782 1.0237603488205163
626 NaN 1.0093992118136283 1.0149947338948895 1.0184558700294333
1146 NaN 1.0178413884546862 1.0307132172958786 1.0406335449502286
1896 NaN 1.0105458338628288 1.0193681713169558 1.0266317743407467
1147 NaN 1.017852869690485 1.0311502244773487 1.0415667594155893
141 NaN 1.008055844756074 1.0127332726593046 1.015477893985877
1633 NaN 1.013041791047363 1.0210390063334858 1.026757579956571
378 NaN 1.0113417121636155 1.0239518000269798 1.036179369663794
879 NaN 1.0114318789410375 1.0199405228543692 1.026071858197496
627 NaN 1.0138161872604676 1.0232636308399035 1.0295224186235623
1148 NaN 1.004921436291517 1.0080123759800945 1.0100296807658105
1897 NaN 1.0066992863979363 1.0124012808243663 1.0173500757469032
379 NaN 1.0035648396662737 1.0064006105172414 1.0086217670304072
142 NaN 1.017073936375086 1.0309400207391797 1.0421568862331847
1149 NaN 1.0090329124232778 1.0156370264270822 1.0208958216215394
1381 NaN 1.0459838228849632 1.0735695711800408 1.0909463430000335
1634 NaN 1.013678886525832 1.0220684084418483 1.0276735525135465
1150 NaN 1.0087405004314651 1.0154749413943196 1.0206678894947638
1382 NaN 1.0117097936899313 1.0193853818123362 1.0248383639323488
628 NaN 1.0158968194173446 1.0263621436922776 1.033709268983953
1635 NaN 1.0128029686005995 1.021409837668376 1.027615792511734
1898 NaN 1.0020610205986915 1.0033003005246772 1.0042182268407587
143 NaN 1.0027520634629161 1.0015698026165483 0.9992114159188467
1151 NaN 1.0027475464109 1.0049350691481496 1.0065648470390705
1383 NaN 1.0136522540098016 1.0243279313695637 1.032522107642278
380 NaN 1.0153814323248638 1.0286023494188743 1.0393338470541484
1899 NaN 1.0163526009722348 1.027573447780658 1.035565174081774
629 NaN 1.0124356064658029 1.021261308995318 1.0281595995189377
1900 NaN 1.0109926779323988 1.0190532808650292 1.025326093388122
1152 NaN 1.013101430985421 1.0200659494829662 1.0238847340667234
144 NaN 1.0066699302305362 1.011488176284304 1.0155129042992062
381 NaN 1.0108112451017999 1.0179021518613778 1.022976142497161
630 NaN 1.0140801953920608 1.0242239832691609 1.0318645608012447
1901 NaN 1.0064642615875097 1.0120816630403222 1.0167255825770694
631 NaN 1.0120728826215593 1.0202728103695955 1.0261705713060503
1636 NaN 0.9894080149012243 0.9787280648298294 0.9685472683379431
382 NaN 1.00848868296697 1.0148580863648746 1.019314127943498
1153 NaN 1.0057497407319034 1.0104401962843326 1.014373891755079
1154 NaN 1.01443623555233 1.0233361735227628 1.0292994064318857
1902 NaN 1.0098156380521597 1.0148393146971362 1.0174096679202822
145 NaN 1.0204928930244523 1.0348595786404038 1.0452364098045492
632 NaN 1.01223290163028 1.0202823215621988 1.025795890974749
383 NaN 1.0088674013578958 1.0146059325513346 1.0187826331201897
880 NaN 1.0313397873357568 1.0540262972528331 1.071791936696587
1637 NaN 1.0131536850643283 1.020829906068924 1.0256309753027468
633 NaN 1.0074612161012861 1.0134864100855887 1.0181334478715316
146 NaN 1.0074447108355198 1.0133943454424632 1.018013560528961
881 NaN 1.0074084890897101 1.01297907281904 1.0171097389591306
1384 NaN 1.01045138454237 1.0176037398329876 1.0219033449172477
384 NaN 1.004198461340027 1.007139222454331 1.0089966149623384
1638 NaN 1.0111321778366635 1.018334070993127 1.023521247302164
1385 NaN 1.012178699272204 1.0218550049505273 1.0296725613560402
634 NaN 1.0074335324793982 1.0125595924409536 1.0162557393103622
1155 NaN 1.0052815463532931 1.0089146832931921 1.0119305599942772
1903 NaN 1.0237055173787908 1.0431226228413466 1.0588641700657828
385 NaN 1.007428655489678 1.0120821655597392 1.0152438273664808
1639 NaN 1.0155913404867691 1.0264013261223697 1.034316022814886
1386 NaN 1.0109011380978534 1.0188469486384015 1.024808015737731
1904 NaN 1.0081466002001294 1.013370352836588 1.0170031905359909
1387 NaN 1.013356927988053 1.0237160982589804 1.0317241045434273
1156 NaN 1.005866854147261 1.0105764016974434 1.0138712001962866
1640 NaN 1.0121893727864133 1.0204523583586902 1.0264423575239534
1388 NaN 1.0141591896045417 1.0248161270735705 1.0330516587521401
882 NaN 1.0132175745873577 1.0215786984376312 1.0268922905064932
1157 NaN 1.0106197304627076 1.016132224950629 1.0187108835577285
386 NaN 1.0048727337049657 1.009090139437488 1.0128139628133492
1905 NaN 1.0050241685081598 1.0083100809901944 1.0102206079831693
883 NaN 1.018070772529076 1.0315952556349113 1.0421630379766211
147 NaN 1.0316658225004698 1.0556160959298517 1.0750035582573423
1158 NaN 1.0148642474392655 1.0258906116514952 1.0345599381610013
635 NaN 1.0179026107733433 1.0371599633739386 1.0553351993680355
636 NaN 1.008183523215224 1.014421538816069 1.0190822976656937
1389 NaN 1.004856353191401 1.0063391448457617 1.006829568964386
1159 NaN 1.009598066401482 1.0176268278802518 1.0242115422011073
1390 NaN 1.0088157672155385 1.0152232757082702 1.0201498168838297
148 NaN 1.010150427058883 1.0184818677277336 1.0248281136080406
1906 NaN 1.0095175950418003 1.0171840775253507 1.0236209726454213
387 NaN 1.0181848120907444 1.0313420005459508 1.0414766573510097
1160 NaN 1.0119350262420168 1.0205725170815498 1.02692781469082
1391 NaN 1.0079484025359993 1.0146998348674303 1.020102566557741
637 NaN 1.0116273662082758 1.0214070891076128 1.029527467423445
884 NaN 1.019546061025835 1.036549631416376 1.0510027381158098
885 NaN 1.0115149300518997 1.0192350359350664 1.0246054027758027
1392 NaN 1.0093908894553203 1.0152436427504852 1.0191767427212852
1641 NaN 0.9957824152506504 0.9896409451980419 0.9830542434784327
638 NaN 1.017007809827803 1.0291474127432858 1.0384132035252236
388 NaN 1.0152922001819729 1.0273951458778574 1.0370285948399298
1642 NaN 1.0103376888149762 1.0172811927244707 1.022470236373719
149 NaN 1.0038535445510761 1.0094891695074564 1.0154255994510977
1393 NaN 1.009477626177926 1.0164791788390506 1.021695396560982
886 NaN 1.0131188548140353 1.02011604478409 1.0237594975077158
1161 NaN 1.0232420863538005 1.03817593114599 1.0481558266971605
150 NaN 1.0110805377141658 1.0187648812708199 1.0244692168798095
389 NaN 1.0084405672082584 1.0141714054620938 1.0185104079574896
887 NaN 1.0113254918560797 1.0197670521318745 1.0262240822905837
1643 NaN 1.018619863748135 1.0329595394752151 1.0443509729367042
390 NaN 1.0093471636098417 1.0166431227673474 1.0224295472136145
1907 NaN 1.0044720878318039 1.008994373926849 1.0132735118684044
1162 NaN 1.0112880418996708 1.0184214252346586 1.0230662277361187
888 NaN 1.0109526296771891 1.0189269977470299 1.0247452649032265
391 NaN 1.018143616075469 1.0327145484414075 1.0448125472671634
1908 NaN 1.0110899666387065 1.0186494891702456 1.0241259816227626
1644 NaN 1.0156065634289841 1.0308062859113596 1.045217085964559
639 NaN 1.0196581123884674 1.0336884579259111 1.0447385619119203
151 NaN 1.0105292013796747 1.0159045355946787 1.018961274096476
1163 NaN 1.0079591847647804 1.0141282518771433 1.0187845771861817
1645 NaN 1.0094520350348277 1.0164896353471895 1.0218874532059339
889 NaN 1.0064877745431962 1.0123356838126591 1.0174981967478975
1394 NaN 1.007580897147609 1.0144711001254552 1.020612734805174
640 NaN 1.0153056232298856 1.0279007933487345 1.0382425778000945
1164 NaN 1.0084456249440494 1.01288641358493 1.015488271087438
1646 NaN 1.0107224115319335 1.017985390243974 1.0230515053278522
1909 NaN 1.0070841032007967 1.0122552578290436 1.0160899579387823
1165 NaN 1.0164271223100734 1.0272699250607513 1.035040506616391
152 NaN 1.005677005220987 1.0125005201141566 1.0190380634482834
1395 NaN 1.012940093247472 1.0213108813838048 1.0274887306286307
1910 NaN 1.016499650975285 1.0292258539466563 1.0393033373910467
392 NaN 1.0021802948960978 1.004909115727306 1.0072311383368604
641 NaN 1.0083868224356944 1.0143437793993473 1.0192874089892043
1166 NaN 1.0188235711266747 1.0326329620527888 1.043362729189531
153 NaN 1.0114727680339854 1.020754094646467 1.0285003175234837
1647 NaN 1.0150544976875377 1.0276211126612476 1.038002498064355
890 NaN 0.9991044430225794 0.9975898408765509 0.9953692186220573
642 NaN 1.009262935199503 1.0173353994874046 1.0241921325153258
1167 NaN 1.0134398841802759 1.0228688043518737 1.029880382711548
1648 NaN 1.0128676020340983 1.022387465049568 1.0298698750713615
393 NaN 1.0110594240823556 1.0194562378919723 1.0259093100690768
1649 NaN 1.0129862109598602 1.0228712816876333 1.030859002169893
643 NaN 1.0093329356294753 1.0157135022051682 1.0205897609667152
1650 NaN 1.009800028884274 1.0171249112411476 1.0226490474210785
154 NaN 1.0125743785984 1.0212747965116526 1.0278834500597251
1651 NaN 1.0074032659601364 1.0121890681318007 1.0151441907834362
1168 NaN 1.0107897551558038 1.0192614138439318 1.0263422445247585
891 NaN 1.0107115015247778 1.0165203833843648 1.019929546574994
644 NaN 1.009441487342165 1.0163125275561633 1.0215258093440722
155 NaN 1.010935486682579 1.0190258064223952 1.0251671448200008
1169 NaN 1.0096765796240421 1.015896674324719 1.020229584883081
1911 NaN 1.0146100133829827 1.0260346390649797 1.035051598113575
645 NaN 1.0097167931433284 1.016918080421442 1.0224043127764195
1396 NaN 1.0087960106938025 1.016094440827597 1.0215728040574072
892 NaN 1.0168712532098496 1.0301724891991677 1.0412403830968322
1912 NaN 1.0121815510357632 1.0206864176555555 1.0269592537975654
1397 NaN 1.007999353984893 1.0140590088149404 1.0187057420907661
156 NaN 1.0086338860987933 1.016985589620568 1.024587043296518
1913 NaN 1.008313305892567 1.0138337920063631 1.0179169500613292
394 NaN 1.014119942398585 1.0198672937279774 1.0216023528625422
157 NaN 1.0142937141293573 1.0248143324676058 1.0330278448897756
1652 NaN 0.9940070752273993 0.988121005613906 0.9824262943306492
1398 NaN 1.0044638890979343 1.0085396048155248 1.0119597769905806
646 NaN 1.012863536334611 1.0218423887854398 1.028105866419622
1170 NaN 1.0226272331489985 1.0415488423934498 1.057504933092048
1653 NaN 1.0106184414253925 1.0202372135607765 1.0285441907004442
893 NaN 1.0094134566099169 1.0180451979404443 1.0252250968524061
395 NaN 1.0006376993926007 1.0012361374135021 1.0017145541425143
1171 NaN 1.0134529200147704 1.0233809218115677 1.0309456020765042
1654 NaN 1.011483720141596 1.0197814152119735 1.0261416759300352
894 NaN 1.0081563704931027 1.014909372590971 1.0203519138321115
1399 NaN 1.0204695144953222 1.036417885623989 1.048623728353821
647 NaN 1.0097926221743134 1.0176827147901355 1.0242776015631796
1172 NaN 1.0058944148022282 1.0100874365565915 1.0132112583185173
895 NaN 1.0095196810709954 1.016719507800928 1.0222907310227882
1400 NaN 1.0098890384304926 1.016698383869175 1.0215106778803225
158 NaN 1.0089697276300147 1.014106323073766 1.0170008921981972
396 NaN 1.0097700229376494 1.016193191774119 1.0206888786112291
1401 NaN 1.0138143514930242 1.02446292064224 1.0328129638875148
896 NaN 1.0174510122204192 1.0294982683133835 1.038451061976841
1914 NaN 1.0240664194148568 1.0404058650472394 1.0523257666830181
648 NaN 1.0077935155377242 1.0117803282735525 1.0141419091406079
397 NaN 1.0081791660524357 1.0154370710573861 1.0214666304659714
159 NaN 1.015092128281784 1.0274275946965028 1.0376866635187993
1915 NaN 1.007827955323073 1.0137059630096361 1.0180709128587342
1173 NaN 1.0079453841351984 1.0118594802922758 1.0139569771268682
398 NaN 1.0134350993394505 1.0226950912378803 1.029413094440817
1655 NaN 1.0148760301998698 1.0265344160719119 1.0353354275421631
1916 NaN 1.010548049146973 1.0176168684531623 1.0226777078635025
1402 NaN 1.0098858985973664 1.0159061711903015 1.0197088041670643
160 NaN 1.0107552919230005 1.0178945226606086 1.0225036122189575
897 NaN 0.9966036852443791 0.9947947012625068 0.9940188955682279
649 NaN 1.0095537098498557 1.0171759202512773 1.0230836236349359
1403 NaN 1.007659647517308 1.0126854159625125 1.0159303210831667
898 NaN 1.01311670265847 1.022689983075779 1.0301220873646726
399 NaN 1.0097318186766036 1.0172721832909108 1.0229661968720525
1174 NaN 1.0084279109310827 1.0161318989538992 1.022883196579327
650 NaN 1.0094095897344293 1.0166342350045705 1.0222650377907172
899 NaN 1.0187167974560998 1.0317452562003402 1.0413517164190038
651 NaN 1.010030756800467 1.0171715345397538 1.0223974216345153
652 NaN 1.010957146063684 1.019061413159597 1.0252429745467508
1917 NaN 1.0219397917019626 1.0395417305330026 1.053145068451131
400 NaN 1.0172003741999325 1.029287735746032 1.0385764279021863
900 NaN 1.0049304634313911 1.008040909010949 1.010116265102827
1175 NaN 1.0052314746953384 1.0093086941782727 1.0120579647058852
1656 NaN 0.9864861428452188 0.9769808099305245 0.9703280740745152
653 NaN 1.008644369315386 1.0150321856132865 1.0200682275426523
401 NaN 1.008714620091029 1.0143033939083532 1.018256684910066
1404 NaN 1.0092092752872246 1.0140409327106965 1.017022503684586
1918 NaN 1.013081707456265 1.0238757156350824 1.0327766269720247
1176 NaN 1.0153837387103921 1.0260259209616638 1.0337460433842367
901 NaN 1.009458078727439 1.0171066978894872 1.0236722235246363
1405 NaN 1.0038926275734896 1.0058780269061667 1.0070763574679409
1177 NaN 1.0046801385671869 1.0080537563819176 1.0104092725969014
1406 NaN 1.0141637435000326 1.024647142252376 1.032774161625992
161 NaN 1.0167641253736601 1.0280465128676886 1.0369152162446742
1657 NaN 1.009734661120969 1.0182915607514735 1.025670540361832
1407 NaN 1.012053900733513 1.022269552046287 1.0306995680427813
1408 NaN 1.0107369615952995 1.0198335415055788 1.0276676441949895
654 NaN 1.0062955828135498 1.0114467601291675 1.016085262402756
902 NaN 1.0058568910358072 1.01106648214597 1.015364168876942
402 NaN 1.0028040284898359 1.0037970329035553 1.0044000130427055
1919 NaN 1.0088928708713942 1.0122465569254504 1.0133099842105344
1178 NaN 1.010730481794955 1.0171018456400565 1.0212772722919554
1409 NaN 1.0155248331563496 1.0287149146877856 1.0397187966614336
403 NaN 1.0082428854865295 1.01468776397405 1.0197482726118372
655 NaN 1.014058021477942 1.0225743935840617 1.0279631811162677
1179 NaN 1.009832759859408 1.0164381956540418 1.0210385538409041
404 NaN 1.0156851569671848 1.0265926336711941 1.034509994321018
1920 NaN 1.0093764678882675 1.0166619057422954 1.0230829242717636
405 NaN 1.0135183740963216 1.023261620892048 1.030539226450021
162 NaN 1.0040454884995642 1.0087994604961028 1.0130818294252235
406 NaN 1.0084838604978654 1.0148747718707531 1.019778131926924
1410 NaN 1.0007334432475017 1.001483511052338 1.001632857995646
656 NaN 1.0071462771833741 1.0117787111777359 1.0151631304307285
1180 NaN 1.013219482960555 1.022744248136355 1.0302401692813827
1658 NaN 1.0039429523620471 1.008527660671656 1.0129773848005887
407 NaN 1.0144287001453065 1.0249996532456387 1.032975503489731
657 NaN 1.0086437190803057 1.0162421660082483 1.0222291148130669
1181 NaN 1.0032818993013388 1.0063650467878507 1.009039241479522
1411 NaN 1.0145581311999334 1.0247660856698313 1.0323514433929561
1412 NaN 1.0107514488721985 1.0190573921785766 1.0254741153045903
903 NaN 1.014584299535902 1.0295297126020977 1.042792839583696
1413 NaN 1.0115628883230072 1.0199268787873839 1.026265079967506
904 NaN 1.0102754208923497 1.0184189163819584 1.0249188393690711
1414 NaN 1.0128637002485514 1.0231085131376165 1.0311748177250704
163 NaN 1.0008730051184511 1.0016317373516563 1.00205249606879
1182 NaN 1.0071945565558835 1.0105503947470786 1.0116950699437752
1921 NaN 1.0025376453764223 1.0045909344585773 1.0061727650909995
1922 NaN 1.0075632696098797 1.0125246148167288 1.015961822651548
905 NaN 1.0112702676421583 1.018908494181404 1.0248174282138163
906 NaN 1.0118582419354352 1.0207645881120817 1.027715764015995
1923 NaN 1.005439879601829 1.0094859674734074 1.0125905311296006
408 NaN 1.0058589648260268 1.0114974032388493 1.0165503521282833
1415 NaN 1.003944109410586 1.004569610759707 1.0040893287841388
1183 NaN 1.0165911280720583 1.0308504041538147 1.0426972047432912
907 NaN 1.0068029795391598 1.0115466014337047 1.014850212048313
1416 NaN 1.0098856702828218 1.0168578845742833 1.0222510793400779
1184 NaN 1.0113765110704136 1.0190228899945917 1.0246389093642176
164 NaN 1.0119205104725972 1.0195115383046436 1.025452947802494
1659 NaN 1.0024514261735786 1.0002493653704303 0.9964692129148769
908 NaN 1.0100449706083883 1.017838741672417 1.0238866945111256
658 NaN 1.021552832909392 1.0381641101274508 1.0508966444804124
1417 NaN 1.0081293524721142 1.0142636010694555 1.019179610073282
1924 NaN 1.002729987191964 1.0036585484024114 1.0035566178296356
659 NaN 1.0131280456710743 1.023023342685899 1.0306245838772432
409 NaN 1.0137626009947256 1.0251871626697684 1.0345538848098734
1418 NaN 1.0061342996557607 1.0099740317199526 1.0125722519596767
909 NaN 1.0151658919106907 1.026181976899497 1.0344504869901499
1660 NaN 1.0092431632906016 1.0168600728930794 1.0232028692869493
1185 NaN 1.0166974047489463 1.0314698897439794 1.0441362511164145
660 NaN 1.0162944614944962 1.029148852535949 1.0396502679507973
1925 NaN 1.0178958135287826 1.030256608927264 1.03941528485489
1661 NaN 1.009535493793846 1.015832073941823 1.0201841948642736
165 NaN 1.0106718448739573 1.0179469678547721 1.0230917833520896
1419 NaN 1.015852593902663 1.0294951867119355 1.0408481348266985
910 NaN 1.0107154856137803 1.0183917622039906 1.0239779221438514
1186 NaN 1.0194106658124544 1.032792512837201 1.0424866310315781
661 NaN 1.0125169780952052 1.0216680199758388 1.0287474375120174
911 NaN 1.0119363655004632 1.0210304664718217 1.0281427560020782
1926 NaN 0.999865797681786 1.0004302733922823 1.0013554143202934
410 NaN 1.0138627478264588 1.023573971273279 1.0305142877024582
1420 NaN 1.0106696000978315 1.017900142241066 1.0232698944652265
912 NaN 1.0137656826635573 1.0241417439634566 1.0322099060916172
166 NaN 1.018433087142397 1.0328499454708358 1.0446079789521086
1421 NaN 1.0097239531529707 1.0178101144421792 1.024411471454082
1187 NaN 1.0166096973372039 1.0266164137140907 1.0331996537198476
662 NaN 1.02676835808214 1.0479175992053258 1.0648823040776365
663 NaN 1.010956215762708 1.0195161766756733 1.026214345626551
1927 NaN 1.013138066251642 1.0248372041765899 1.0349291559316707
167 NaN 1.0084844241616207 1.0152691444812332 1.0205422408654947
1422 NaN 1.0113970220759452 1.0216581715843969 1.030408299611036
1188 NaN 1.0085805118027236 1.0153467840912846 1.0209255522471417
1928 NaN 1.014675883887253 1.0256810169141815 1.0346266966766189
1662 NaN 0.9919426067169335 0.9871007714506158 0.9833906695190229
168 NaN 1.0143847515588962 1.024251203387536 1.0315369146021265
1929 NaN 1.0090968188698628 1.0152908450322902 1.019664038130793
1663 NaN 1.005157438588182 1.0076029925468262 1.009183591059439
1423 NaN 1.0146220701275324 1.0245589978220468 1.0320334619558997
664 NaN 1.0101880055977714 1.0171118724719372 1.0222437149969912
169 NaN 1.010970297812695 1.0181244594332506 1.0229596815118862
1664 NaN 1.011190490344112 1.0187571738350278 1.0243475878886867
1930 NaN 1.008517248060365 1.0159585098743062 1.0221150676335398
1189 NaN 1.0114056170177217 1.01700954556285 1.0200237102957403
1665 NaN 1.009847860581379 1.0172991869696983 1.0229704157383226
170 NaN 1.0133544336930038 1.024262453255005 1.0331106093898654
665 NaN 1.0013257024182483 1.001802114770324 1.0015626288434432
913 NaN 1.0284467507570079 1.0508300918542899 1.0683788264526943
411 NaN 1.033212550698795 1.0609016758079377 1.0840103317470533
1424 NaN 1.0058658129761913 1.0092329676163756 1.011063346283671
1190 NaN 1.0049825870771265 1.0075416740925975 1.0090606288751538
1425 NaN 1.0068802525951226 1.0126567283795438 1.0174063627774956
914 NaN 1.012568819359573 1.021441738722244 1.0278972509947761
1666 NaN 1.000885142808191 1.0028156872994696 1.0051940969141793
1931 NaN 1.0065278699618698 1.010340821899655 1.0124759135149426
915 NaN 1.0087221118464067 1.0155857721666866 1.0209297488707232
412 NaN 1.0183225631291886 1.0334113925005626 1.0456738608349063
1667 NaN 1.0111542607642803 1.0193917334291087 1.0255922127000698
1191 NaN 1.0131284162894894 1.0231993572103892 1.0310448880861838
666 NaN 1.0108899541621001 1.0190659736166405 1.0252190982916431
1668 NaN 1.0088120425596863 1.0156019006092707 1.0209520300662591
1426 NaN 1.0172001206487877 1.028801499456222 1.0372900185712868
916 NaN 1.0111217455742771 1.0185511269001393 1.0239173333763172
1192 NaN 1.0079433295008091 1.0128039274209353 1.015983923358026
1669 NaN 1.0093425539855205 1.017063668285534 1.0235837979733493
171 NaN 1.0231479744317995 1.0422356312098202 1.0582666139866261
1932 NaN 1.0082368659797023 1.0142513442685241 1.0184631162604267
1427 NaN 1.014857329096171 1.0251820278208448 1.0329816461599841
413 NaN 1.019163945914195 1.0352392176937104 1.0489176148800163
172 NaN 1.0130364617005585 1.0226357555395214 1.030133223558404
667 NaN 1.0051884376712843 1.0089750181360575 1.012182444980097
1670 NaN 1.013323475609496 1.0235263344442345 1.0316189041743793
1428 NaN 1.0161062526936013 1.0266230556229126 1.0337386423916803
668 NaN 1.0097307509055606 1.0172826942730273 1.0231639723092925
917 NaN 1.0019661405890194 1.0023958802987865 1.0023413617725283
414 NaN 1.0053904301573662 1.0081409455372545 1.009296312844655
1193 NaN 1.0139934769493624 1.026094789898194 1.0360413292759947
1671 NaN 1.0049931519755808 1.00813155984127 1.0103135097915814
1933 NaN 1.013355879703704 1.023641246480063 1.0314413758668304
1429 NaN 1.0123534135647634 1.0218551123859474 1.0292578221570552
1934 NaN 1.010647015304618 1.0176857101986243 1.022677299363727
1194 NaN 1.0062972649750506 1.0097743830467671 1.0116751365373962
1430 NaN 1.0064711088700133 1.0125302686776632 1.0178111167058792
415 NaN 1.0086555229359797 1.016515062957216 1.0235203585018975
1672 NaN 1.0090633127019786 1.0162129285557229 1.0215357017314504
173 NaN 1.0090646256579108 1.0151097187164422 1.018713767667156
1673 NaN 1.0074777028178372 1.01337351674476 1.0180599314926035
669 NaN 1.0069770518036334 1.0133208491248673 1.0188324785479026
1935 NaN 1.0179262747838147 1.0317696776036702 1.0433270575099485
1674 NaN 1.0125779828973833 1.0220259327957295 1.0292153857693234
174 NaN 1.0123827129699683 1.022328646712023 1.0301981575787031
918 NaN 0.9986678620081372 0.9963264617304657 0.9935865464038667
670 NaN 1.0082046396206024 1.0138869448361272 1.0180315272298741
1675 NaN 1.010163534910329 1.017194603210827 1.0223139855083834
416 NaN 1.0204344372838918 1.0334400615069192 1.0420390012528549
1936 NaN 1.0105131886206087 1.018079199286852 1.0234818489562063
1195 NaN 1.0177299430193558 1.0326387295970714 1.0449287416813637
175 NaN 1.002721962096286 1.0051377697957382 1.0073612128478122
671 NaN 1.0145131982420361 1.025786207912013 1.0344186157342898
1937 NaN 1.0128482973588808 1.021801349737532 1.02863317373573
176 NaN 1.0042433334025662 1.00744700096255 1.0098334154631305
1676 NaN 1.0131427716993062 1.0239377455796328 1.0332328612215054
1196 NaN 1.0079788733900423 1.0128576225706953 1.0161044926101608
1431 NaN 1.0144639754048073 1.0291458616185905 1.0426952803186325
417 NaN 1.0083432530552752 1.014997114539868 1.019956320823722
1432 NaN 1.009934456471843 1.0179853863081931 1.0244013378977173
418 NaN 1.0124508445970846 1.0211021024418117 1.0278326525178516
672 NaN 1.0164820937260024 1.028330242552686 1.0371809221113921
1433 NaN 1.0100838121680393 1.0169684016421985 1.021507731105026
1197 NaN 1.028731712738338 1.0495728184548634 1.0652882292676737
1677 NaN 1.0121641701405306 1.0209034918427935 1.0276707552774662
1434 NaN 1.010563219210011 1.0175868813230433 1.0227143933519462
1198 NaN 1.0215281368014963 1.0378145374518368 1.0507093161096115
419 NaN 1.0148693913555755 1.0268262720039505 1.0365493973733884
1678 NaN 1.0157619793931725 1.0282146500216824 1.0383957439256872
420 NaN 1.0107264778903517 1.018802839873634 1.025033964226357
1199 NaN 1.006272491915053 1.0112715063287645 1.0151013543194052
1679 NaN 1.010925524919928 1.0188044245154906 1.0247184507920375
421 NaN 1.004783857424193 1.0083982220751482 1.0108720708242906
1435 NaN 1.0058911293949164 1.0107637306024182 1.0148741651194364
673 NaN 1.0197611894184335 1.0348805005994492 1.0467517516483844
1938 NaN 1.0130090506594112 1.0242417253163263 1.0343617101333336
1200 NaN 1.0064030176831908 1.011184104996063 1.0147300383999565
1680 NaN 1.0141968987504164 1.0236057200971078 1.0303766357298476
1201 NaN 1.0123805768960878 1.0212542281426382 1.0279326413981167
919 NaN 1.0388312639509905 1.0699773051911918 1.0948412561977672
1939 NaN 1.0111568143859857 1.0194025957761321 1.025819507263285
1202 NaN 1.0069645322999594 1.0129375504130878 1.017782052834657
1436 NaN 1.003997080610309 1.0056295297932436 1.0059202228861495
1681 NaN 1.021592786053592 1.0383718701709594 1.0516465998221796
1940 NaN 1.0134694518003389 1.0229166786943973 1.0301709093762357
920 NaN 1.0066307228860547 1.0110846174414396 1.0148185509658345
177 NaN 1.0099683496526377 1.0201930170572364 1.0293052921154404
422 NaN 1.0196138817958253 1.0381059348577337 1.0545096282834294
178 NaN 1.0005102813644098 1.002820719874641 1.0056379510876057
921 NaN 1.0133248524569576 1.0230457905996422 1.0303154652310076
423 NaN 1.0114759240984825 1.0195791628971762 1.0256126499566698
1941 NaN 1.0110447793353403 1.020110137919068 1.0274192091046321
179 NaN 1.011693245047965 1.019052749188974 1.0238969996633538
1942 NaN 1.0029098620059405 1.0050417702849836 1.0066406123465876
922 NaN 1.0080329459933846 1.0135553489850981 1.0175637059913398
674 NaN 1.0133464219202566 1.0264414002405897 1.038650637917746
1203 NaN 1.0045892366108395 1.0055993465768511 1.0054051340239971
1682 NaN 1.0151757919329658 1.026852155550196 1.0369776377492614
180 NaN 1.0047256970354608 1.007921125450336 1.0100916855854798
1943 NaN 1.0071592160119147 1.013406489223505 1.0185547201841947
1683 NaN 1.0105027590864966 1.0172440436585182 1.0218498136367746
675 NaN 1.0119326689682502 1.0207093545306318 1.0276783774383371
1944 NaN 1.0073184130168333 1.0123085116407415 1.0158729476228718
923 NaN 1.0114154410809881 1.0206344187331828 1.028245511064862
1684 NaN 1.0074382537635136 1.0126060496212466 1.0168044041706805
1437 NaN 1.0256565454849802 1.0453587564663749 1.0601695889555052
676 NaN 1.009205884192914 1.0177938030741924 1.0255618994989457
1204 NaN 1.016876291709979 1.029089104586969 1.0382582774639153
924 NaN 1.0102409389206122 1.0178600454036875 1.0236720662057675
181 NaN 1.0033802001102603 1.0050562411002752 1.0059742657360815
1438 NaN 1.007054823653163 1.011271500250741 1.0139536245622163
1439 NaN 1.0127755114062895 1.0222278582300062 1.0296236760511035
1205 NaN 1.0139300962908702 1.023456413518184 1.0304993058189167
1945 NaN 0.9980959215993754 0.9965690965948768 0.9952580100841734
677 NaN 1.00842800934916 1.0150052646353307 1.020259603636157
1685 NaN 1.0176840236705373 1.029945851868384 1.0389066349653377
925 NaN 1.0080981966529328 1.0142519922674884 1.0190724267137552
678 NaN 1.0099407214134069 1.0173356213965057 1.0229267676887948
1206 NaN 1.0154090697343574 1.026578397217108 1.0351003224233455
1440 NaN 1.0088574367796852 1.0159765846175872 1.0215953664085464
1686 NaN 1.0059622974901525 1.0107070649793108 1.014503195566668
1441 NaN 1.0132597646532668 1.0234429823750686 1.0314069828677799
926 NaN 1.0125219525787488 1.0211235193435364 1.0279502269284817
182 NaN 1.0094196947615517 1.0159027791390502 1.0205516785936557
1946 NaN 1.0149521542845976 1.026250119033186 1.0349509164713302
927 NaN 1.011631508004807 1.0212866246534904 1.0293892828345108
679 NaN 0.9995694080515313 0.9982348515229669 0.9966540353302216
1207 NaN 1.008486723389455 1.014067738492241 1.0178216265835618
1687 NaN 1.006811939871747 1.010898344545821 1.0134719451923184
183 NaN 1.0113540312306437 1.020330504362611 1.027356564348875
1442 NaN 1.0205753999149036 1.0376612096877613 1.0519161684392397
680 NaN 1.0149823024261575 1.0279385487167574 1.0387457799621527
1688 NaN 1.0043953477086003 1.0068449155902226 1.008094509093808
1443 NaN 1.0056321692010532 1.009752327907279 1.012863892093188
1208 NaN 1.0127571742871917 1.0210495442575467 1.026734911684818
1947 NaN 1.0107446732201972 1.0178338942416039 1.0232614921744492
681 NaN 1.0153931458884708 1.0267629492413783 1.0354079999862422
184 NaN 1.014611547137533 1.0250697173632335 1.032849037326283
1444 NaN 1.0152371983779038 1.026533827221682 1.0353395954155724
1948 NaN 1.010475503280608 1.0180858760019373 1.0237822010530617
682 NaN 1.0099366743970295 1.0168496921298846 1.021939297472711
1209 NaN 1.0116334704300238 1.0207407507283675 1.027769775944561
1689 NaN 1.0093539520879284 1.0158905105542406 1.0203288265063046
1445 NaN 1.0072183600623918 1.0124586210821622 1.0163069313480921
1949 NaN 1.0111237283168482 1.0189054511827775 1.0249164398755035
1210 NaN 1.0050579642985396 1.008211420117548 1.0101762021204057
928 NaN 1.0139310282735514 1.02541390909161 1.0348150977518724
424 NaN 1.0182174305104292 1.038239672309689 1.0579048890815466
1950 NaN 1.0098217468176858 1.0183849788624717 1.0255797828652182
929 NaN 1.0092887670895991 1.0153106831175807 1.019505179536579
1690 NaN 1.020423951637148 1.0358821677008956 1.0479666216928456
683 NaN 1.0171295419120154 1.030504571361076 1.0409990401981761
425 NaN 1.0138609981275317 1.0239839099804262 1.0318913009880668
1211 NaN 1.0248992067017038 1.0432521460392183 1.0576286856950354
185 NaN 1.0150715642363073 1.0270768094573877 1.03729687150905
930 NaN 1.0074020304219198 1.0128900777810927 1.0170536590606323
1691 NaN 1.012907283084853 1.0220516385751317 1.029041246327529
1446 NaN 1.0162182211317776 1.028398206155439 1.0375455804456177
684 NaN 1.0132030609663631 1.0236613356401023 1.0319611900459087
931 NaN 1.0158556177491382 1.0272855080857708 1.0361017236384746
426 NaN 1.0113303746201356 1.0204747134692653 1.027907626992629
685 NaN 1.006190954869631 1.0108967482295899 1.014373486988723
1951 NaN 1.0016325029129747 1.0030738989819952 1.0039761285500646
186 NaN 1.0077547542479304 1.0153028309793428 1.0221181164231468
1212 NaN 1.0123313128327296 1.0234834774222155 1.0331112333750792
187 NaN 1.0117361023649896 1.0202744155700256 1.0265292979398233
1692 NaN 1.0181580791360636 1.0312731752910012 1.0413447965923681
1952 NaN 1.0081928501408675 1.0131364335172508 1.0163827566321253
932 NaN 1.0094192324978972 1.0142526144877924 1.0163215610035088
427 NaN 1.0115131703508584 1.0198399884145724 1.026335308046803
686 NaN 1.0056712058758281 1.0100323634079202 1.01346403363611
1693 NaN 1.015766337506913 1.0271590585559403 1.0357769736495794
933 NaN 1.0125811884149203 1.0209809243372883 1.0269554728090486
188 NaN 1.0087933574806789 1.016135263234417 1.0222527338970815
1953 NaN 1.0147233407512495 1.0257514907790324 1.0342372122328092
1447 NaN 1.0024001282315644 1.0029081380347515 1.0027122772703871
687 NaN 1.0018263888063352 1.0034442759082178 1.0047368695117322
428 NaN 1.0126312880082886 1.0220045874542976 1.0294225629821896
1448 NaN 1.0070738144008484 1.0108765709265728 1.0129995134079275
1954 NaN 1.0096925244520354 1.0164867752415614 1.0213934808642262
189 NaN 1.009289639065756 1.0160004229619715 1.0212270573613527
934 NaN 0.9960178568188416 0.9933424114826755 0.9914456231207379
1449 NaN 1.0102552375880116 1.017404710896942 1.0228159258489338
1694 NaN 1.019167815949964 1.033527602837161 1.0450126640760937
190 NaN 1.0106667657662025 1.0194553590054853 1.026544543073569
1450 NaN 1.0070291224020775 1.0123098809273257 1.0163134636407152
688 NaN 1.007692102060548 1.0144166788116427 1.0201904119912841
1451 NaN 1.0111262810335973 1.0200097458336015 1.02719605752962
1695 NaN 1.0130820669237717 1.0235282308416982 1.0320467747727085
429 NaN 1.0062696257671968 1.0102699294707194 1.0133607208824025
935 NaN 1.0042980805495967 1.0069587654296148 1.008546594294165
1452 NaN 1.0154503324655229 1.0289524639795737 1.0402829111970535
936 NaN 1.0123251959966846 1.0209102137922315 1.027174060632222
1696 NaN 1.0192285257428093 1.034007701661676 1.045967092685489
689 NaN 0.9991364736893836 1.0003038926631662 1.0020551927641694
1955 NaN 1.018110515094134 1.0301762756176935 1.0399599903572663
430 NaN 1.0127555062219618 1.0225193082920525 1.0303758541746306
191 NaN 1.0113026348500174 1.0176644208613435 1.0220895005386532
1956 NaN 1.0108717315709335 1.0190315184817142 1.025317892582174
1697 NaN 1.007155576555493 1.0131893262254241 1.0182877256224283
937 NaN 1.010168098860133 1.015927495993649 1.0192517141010982
1698 NaN 1.0134096935626125 1.0235871933928278 1.0315699281572295
1957 NaN 1.0105640486506018 1.0168240873572976 1.0209635346794421
192 NaN 1.0148683926005997 1.0262368610628823 1.0352842214133235
1453 NaN 1.0118726862502228 1.0203279179285036 1.0270409617842133
938 NaN 1.0077905238639204 1.0132742767709397 1.0174100141928468
690 NaN 1.0161054001483785 1.0284397571469717 1.0382446119817157
1699 NaN 1.0082512161677666 1.0150062104676552 1.0202652286981428
1454 NaN 1.005600343382002 1.0095886360804658 1.0125386860906898
431 NaN 0.9955565692801686 0.9912006927587292 0.9873942452836902
1958 NaN 1.0146666421133086 1.0256826462713056 1.0346327585453101
939 NaN 1.0088272343129943 1.017405405395474 1.0252123355618645
432 NaN 1.0098330785387382 1.0161612598534622 1.0205084030408416
691 NaN 1.003017742672087 1.005911440792701 1.0081332904040985
1959 NaN 1.0085387652647029 1.015163825395464 1.0203955064274521
193 NaN 1.0023958298248339 1.0037363989250097 1.0044999910761776
940 NaN 1.0138801960347494 1.0241747730649284 1.032112021751416
1700 NaN 1.0115899347011557 1.0217024793368847 1.0303699624905003
194 NaN 1.0065630813561566 1.0114309507810424 1.0153980167565757
692 NaN 1.0218001780897354 1.0398236142392876 1.054386699934742
433 NaN 1.0081634164054865 1.0137114924243524 1.0179852171728587
693 NaN 1.0130513309904272 1.0232556388806617 1.031275990241666
195 NaN 1.0063024867946626 1.0104057706856988 1.0134021408182452
1455 NaN 1.0155440932277044 1.0279410098315125 1.0383396077588478
694 NaN 1.0045383219602368 1.007610602087336 1.0098769639243708
196 NaN 1.0074899836728926 1.0128860897101928 1.0170566172430806
695 NaN 1.0133410810950134 1.0243325155147722 1.0333139181946949
1456 NaN 1.0134605050345804 1.0235739688209695 1.031361476866137
1960 NaN 1.0165796352603549 1.0295277075527118 1.039671370019427
197 NaN 1.0090856311240777 1.014786007299241 1.0186797562793701
1961 NaN 1.0114689545802844 1.0210051725987563 1.0288281024933228
1701 NaN 1.0279412593989863 1.0476967218184068 1.062795002790965
696 NaN 1.0095137299162793 1.0161199668896224 1.02120244363401
1962 NaN 1.014748039811716 1.0251094312550835 1.032776446206837
1702 NaN 1.0099232488549315 1.0158453906082212 1.0197824131877404
434 NaN 1.0073471213185823 1.0155797350957823 1.0237973438675732
198 NaN 1.0230826526976813 1.038514885282997 1.0493449310533123
1963 NaN 1.0249148656159637 1.04613206419321 1.0641576945646554
1457 NaN 1.0155064778425218 1.0292729368978604 1.0415249173849794
435 NaN 1.011107383500843 1.0209111428505266 1.0290033133665533
697 NaN 1.0079066579494393 1.0136983334977083 1.0180300648423375
436 NaN 1.0154926343121504 1.0274008099536915 1.0364925612475702
1964 NaN 1.01358355746325 1.0226587403856005 1.0290845035183767
941 NaN 1.0288315706230224 1.0483141961379032 1.0628695981687453
1213 NaN 1.0795405459826135 1.1477049623854005 1.2058010656912115
199 NaN 1.0258478540136406 1.046003719683898 1.062198485393657
1458 NaN 1.0108708830200779 1.0176346457048921 1.0218225995143912
942 NaN 1.0125770474519924 1.021561841749841 1.028440980581341
1703 NaN 1.015129567219408 1.0289503509305415 1.040944041829193
200 NaN 1.013710404041799 1.0243811562258494 1.0327805585963699
1965 NaN 1.0053201362484088 1.0072670405411577 1.007709233760485
698 NaN 1.0159111341244556 1.0258388831295984 1.0327630781166361
1966 NaN 1.0129598148416856 1.0220161805510897 1.0286107456574267
1214 NaN 1.0072257378416134 1.0127068284576912 1.0165823399180556
201 NaN 1.0110473921258563 1.0200589793215606 1.0273235331630906
437 NaN 1.0108591321448803 1.0188617482229785 1.0252934025740437
699 NaN 1.0133752282028374 1.0240746796618343 1.032713421077638
1459 NaN 1.0037084292373541 1.0065804979086432 1.008323632763965
1215 NaN 1.0085803006605272 1.0154732978182706 1.021060140768236
202 NaN 1.0060413990083885 1.011331495138183 1.0158894019759133
1967 NaN 1.0116909940801975 1.021218055260908 1.0289321000021774
438 NaN 1.0125678153006914 1.0200506794737325 1.0245685842503072
203 NaN 1.011637371602166 1.0195702735985643 1.025262708488242
1460 NaN 1.0175820488741796 1.029789983165744 1.0390262387189226
1968 NaN 1.015196098179046 1.0265201696005368 1.0355253517092757
204 NaN 1.008691555287605 1.0144078376029744 1.0184980795479674
1969 NaN 1.0113269133744691 1.01999857604973 1.026810536179174
943 NaN 1.0270811058507763 1.047172505085438 1.062606628845093
1216 NaN 1.0153331162101018 1.0256999472514496 1.0328685380229845
1461 NaN 1.0123677892516871 1.0214420794735046 1.0281982506721365
439 NaN 1.0062082632801408 1.0106685976906213 1.0136578858570486
700 NaN 1.0146487220538691 1.026233490200014 1.0362236549882324
1970 NaN 1.0141023147959236 1.0242871311387036 1.031747939762455
1704 NaN 1.0057551267695959 1.0080525802327338 1.008790187947791
440 NaN 1.0070824061287353 1.0126740491569088 1.0169312032712743
944 NaN 1.0043638359805855 1.0072228824466622 1.0092763367529265
1217 NaN 1.0176774013484036 1.031196232928205 1.0421470555082417
205 NaN 1.0099087542879053 1.0173237817616116 1.0237032808945739
1971 NaN 1.0100809437219205 1.0174680345893903 1.0231169469290815
701 NaN 1.0148323191355573 1.028201049566148 1.0396409280513066
206 NaN 1.0109455780663092 1.018570655485562 1.0241045898212215
1705 NaN 1.009174348472776 1.015371779922625 1.0200242755899278
1972 NaN 1.0109679857112552 1.0186529258988577 1.0244419712322501
1218 NaN 1.0050040764104107 1.008190699916601 1.010452116642817
207 NaN 1.011443769018316 1.0203085490280965 1.0272638044447684
702 NaN 1.0139790288458486 1.0240793623296491 1.0316647282346376
441 NaN 1.016513357488373 1.0322971828684389 1.0469167883388786
1706 NaN 1.0140866865202016 1.0241686617875432 1.0318320793812286
208 NaN 1.0123655530499918 1.0218292464969456 1.0289590625025835
1462 NaN 1.0054542940814692 1.00688906250363 1.0067397104927587
703 NaN 1.0037537570367283 1.0066710898515192 1.008954049040401
1219 NaN 0.9943676104486361 0.9915624166441239 0.9901881582131472
945 NaN 1.010383721547052 1.020806955261182 1.0301903110631394
1463 NaN 1.0097660261147092 1.0174718710468742 1.0237422248313526
209 NaN 1.0074386895407952 1.0124186160460154 1.0156821925327069
1973 NaN 1.010060431312627 1.0179688017018136 1.0249233983057704
1707 NaN 1.0084757174304975 1.0155936316515881 1.0216872938562147
442 NaN 1.008227837390704 1.0145599738724858 1.0192022503123035
946 NaN 1.017544708489161 1.030726009694935 1.0410961422430038
1974 NaN 1.0082166764187086 1.0143792231170317 1.0190473023489468
1220 NaN 1.0165680827792196 1.0291903689149868 1.039462664924877
1464 NaN 1.0069775048105267 1.0102658549887955 1.0119424907208563
210 NaN 1.017839431495749 1.0321057919313423 1.043543781001949
1708 NaN 1.010066857353456 1.0173012245211295 1.0223973051666833
1465 NaN 1.0150726159215147 1.0273244929078127 1.0366039107506506
443 NaN 1.0076549830645125 1.012826182280269 1.0164184377955345
704 NaN 1.0168452629106508 1.0264100365286664 1.0320924677712549
211 NaN 1.013263558883101 1.024636846507336 1.0344686448097327
1709 NaN 1.0121550150465886 1.020537242846717 1.026589703066014
705 NaN 1.0091630270674337 1.0161138084148569 1.021415367996787
444 NaN 1.0079372349631122 1.013249972196465 1.017113898661596
212 NaN 1.0035807586194574 1.003864630055395 1.0029650963365655
947 NaN 1.018267995315118 1.0313381336866587 1.0414274576786609
213 NaN 1.0103067889658726 1.0184830930754023 1.0250766707731227
1466 NaN 1.008774564390158 1.0171560103268709 1.0244742995601988
1710 NaN 1.008199920060339 1.0130918445843078 1.0161803575975321
445 NaN 1.0138886326263594 1.0235054030675426 1.0307144035231983
948 NaN 1.010337659165731 1.0189551110354715 1.0260806340452304
1975 NaN 1.0283722342732968 1.0509012347172761 1.069299687107459
1711 NaN 1.0157570413867014 1.027515658376036 1.036643723765017
214 NaN 1.003973859513935 1.0071285219073294 1.0094141385938793
1467 NaN 1.0108244141301457 1.0195784607959413 1.0265161285798245
1976 NaN 1.0089840721094279 1.014838967337686 1.0189248981697052
949 NaN 1.0102330905038277 1.0164856101436088 1.0205098325404354
1712 NaN 1.0124724503258453 1.0212241108440372 1.0277178274308514
1977 NaN 1.0102516119766225 1.0164724689832494 1.0206043514668948
1978 NaN 1.01226104662283 1.0202700628361243 1.0259803266570307
215 NaN 1.0035431002095718 1.0075157821946676 1.0114638083640055
1221 NaN 1.0037247765281618 1.0030874113531394 1.0007141069142054
1713 NaN 1.0098268514277369 1.0179079099042927 1.0246754404998937
706 NaN 1.0213185243687486 1.0380694541933695 1.0514555266336976
1468 NaN 1.0178955994454306 1.0299301511799002 1.0383763707576095
216 NaN 1.0126745882488237 1.0221629139856787 1.029579826337089
1714 NaN 1.009217244532242 1.016707342758456 1.022729996836075
446 NaN 1.0036533308238753 1.0098633704733264 1.0162324199797406
1222 NaN 1.0124020411697716 1.0207875633249384 1.0268910030531524
217 NaN 1.0134818117139588 1.0218712289438252 1.0273194401236942
1715 NaN 1.0173850366124537 1.0310199402976485 1.041741451157817
1469 NaN 1.0103787077677808 1.0189592340080724 1.0261837729253669
447 NaN 1.0132942453396196 1.023148584692236 1.0310264651116727
1223 NaN 1.0063145257560797 1.0106902889208023 1.0138825406402434
950 NaN 1.0213133468503357 1.036271730586404 1.0472884636465192
448 NaN 1.0084975046863422 1.0140995263404562 1.0180703054079492
951 NaN 1.0073907545667646 1.0113524595623988 1.0131936845322707
1224 NaN 1.014215058458804 1.0253262221695947 1.0340850227534577
1470 NaN 1.0076906555790124 1.0125996958659758 1.0156436647729585
449 NaN 1.0104244410694467 1.0185515751684988 1.024970952295821
707 NaN 1.0287784517462235 1.0539606150607952 1.076229596769208
952 NaN 1.0118685190344467 1.0217181754229194 1.029718802111531
1225 NaN 1.0016593658906592 1.003039619545078 1.004134682157228
1471 NaN 1.0048572390910004 1.008300068298377 1.0109586426502513
450 NaN 1.011602643065054 1.0217213632502504 1.0301719883501195
1226 NaN 1.0095547040021482 1.0176222933311039 1.0244181947986046
1472 NaN 1.0141555083594076 1.0241298411057693 1.0315859332142723
1716 NaN 1.0195583572485025 1.0361288058227576 1.050440223065772
953 NaN 1.0047881072733602 1.0073522081800448 1.0086238863262704
1717 NaN 1.0105881577918383 1.0185815246081797 1.024687582724014
708 NaN 1.006559340388901 1.0096252940393604 1.0110717881479232
1227 NaN 1.015515842066152 1.027151885196021 1.0363347516838564
1473 NaN 1.0090835390241157 1.0158724926289222 1.0212203537120148
218 NaN 1.0194452645629135 1.0334907920973895 1.0450625729800151
709 NaN 1.0084334824177097 1.0149775675091837 1.0201846839243311
954 NaN 1.0102176304132302 1.0182629260534684 1.0248496180849838
1718 NaN 1.0095890554531677 1.017445556465141 1.023784254821007
451 NaN 0.9942628379169142 0.98711038058815 0.979902959963835
1474 NaN 1.019217563095148 1.0347087921834028 1.0469293388324077
219 NaN 1.011548991740467 1.0204840021021164 1.0275002670408366
1228 NaN 1.007587314468821 1.0141288412494687 1.0197941027003845
452 NaN 1.0114670212057555 1.0194208063728134 1.025201584015558
1979 NaN 1.0250969820626403 1.0425044867949678 1.0548413392891625
1719 NaN 1.0076412810929876 1.012447368846898 1.0153946795169289
1229 NaN 1.0124536900986008 1.0221894842470767 1.0295988337442301
453 NaN 1.005670298596342 1.0077973284382036 1.008403004823444
220 NaN 1.0168213776141277 1.029987886196055 1.0400461656712312
1980 NaN 1.0127743427514129 1.0212334404964596 1.027339975278449
454 NaN 1.0139334473129487 1.0248650886389257 1.0335463591868088
955 NaN 1.0159202074135416 1.030324203980933 1.0425564834402083
1230 NaN 1.0111522964157746 1.0189133464255848 1.0247637163465884
1475 NaN 1.0105574806275928 1.0180915654208498 1.024232744972106
1981 NaN 1.011793788098991 1.020471985157272 1.0272509496980662
710 NaN 1.0265660358597553 1.045027189953468 1.0581170913929276
1720 NaN 1.0155135363676904 1.0254306599665977 1.0319957279025196
221 NaN 1.0135674010279359 1.0241461384018915 1.032998226723175
956 NaN 1.0093269614701141 1.0172188657708634 1.0237282869789612
1231 NaN 1.0024032196246258 1.0039194741443114 1.004776371793881
1476 NaN 1.0052158516672802 1.0091181558007098 1.0121915922219815
957 NaN 1.0071729524481283 1.011553670936456 1.0145461642909936
1721 NaN 1.0161823925730689 1.0290598296884512 1.0393313891005986
1982 NaN 1.0047169696886167 1.0067136981249998 1.006966588942924
711 NaN 1.009716864041691 1.0180577118920089 1.0248880055557483
1722 NaN 1.0106170584935927 1.0189777753640947 1.0256669467251947
222 NaN 1.0142549541950872 1.0264626158991736 1.0368541888284575
1232 NaN 1.009658469053234 1.0170104218666072 1.0227274216867301
1477 NaN 1.013561169370275 1.0242288821870873 1.0322783171521708
712 NaN 1.0101193353218791 1.0174881096510444 1.0232412534737474
1233 NaN 1.0125276894474198 1.0220171657075126 1.0293331430337296
958 NaN 1.0133635814295638 1.0220561702426005 1.0280007825752258
1983 NaN 1.0051082986145663 1.0085179408685743 1.0109630846871034
1478 NaN 1.005625427273853 1.009727781402975 1.0125610489599841
713 NaN 1.0110639812575017 1.0195825773116824 1.0260266949106311
455 NaN 1.0114797426275228 1.0195524183375482 1.0260961602228493
959 NaN 1.0041625826985092 1.0057530745884358 1.0060110473115544
714 NaN 1.010178077151975 1.0185289623079403 1.0253310184567503
1723 NaN 1.0165313644251217 1.0310389972762173 1.0431334546377378
1479 NaN 1.0133554552641706 1.0243954993087643 1.0334778134002025
223 NaN 1.0197972393333268 1.0354465150832237 1.0482556892677561
456 NaN 1.0108825139409965 1.0186388151202717 1.0248161983841613
224 NaN 1.0119139891549869 1.022411680722338 1.031421482736795
1984 NaN 1.0156668963189732 1.026593772160376 1.0346037624178641
457 NaN 1.007010383210298 1.0118524167761065 1.0152932743085836
1234 NaN 1.0270558457207433 1.0450732034753523 1.0580805248876475
1480 NaN 1.0130201462039712 1.0233326684808874 1.031761049567404
960 NaN 1.0106398538171228 1.0189306093222452 1.025423063070207
458 NaN 1.0122947254001358 1.0213813227136532 1.0285033174321658
1724 NaN 1.0063343355443506 1.0121154692434298 1.0168073261773218
1481 NaN 1.0144445929615957 1.024725304381021 1.0323933648737673
1235 NaN 1.0128145382649656 1.0210600795717333 1.0266392731066203
961 NaN 1.0147809428326502 1.0274318039289891 1.037837097649708
459 NaN 1.0113910491039835 1.019212150731926 1.0249049739982112
460 NaN 1.015187598782314 1.0266882583577788 1.0356013133170816
225 NaN 0.9975737681473913 0.9957885113256966 0.9943884117009861
1236 NaN 1.0105883218359197 1.0179263771427953 1.0230223680159334
1725 NaN 1.0096253393529717 1.0192545874476637 1.0284222666978933
1726 NaN 1.008919130849243 1.0155180325383983 1.0205653235219536
1237 NaN 1.0123375893547752 1.0220601906184104 1.0296303924744317
226 NaN 1.0088823139018428 1.0148324080708941 1.0188558368373914
715 NaN 1.0091359889831513 1.0133630612706253 1.0157752413518946
461 NaN 1.0106923280794067 1.0198555907355165 1.0273350995119177
962 NaN 1.0191837146715566 1.0318931015920687 1.0408088719651134
1985 NaN 1.020293298403175 1.0329683750544938 1.0419294892748083
227 NaN 1.0131324966956072 1.023762325301894 1.0324083317150337
716 NaN 1.0109039002033309 1.0194846882655857 1.0262422287785793
1482 NaN 1.0002430312465969 1.00179434287091 1.0041477221989707
1238 NaN 1.0130768765471816 1.0229722883652275 1.0307656601845696
1986 NaN 1.0123282897493744 1.0204737995233653 1.0262121943197406
1727 NaN 1.0161003465901284 1.026885707543535 1.0345182328373843
462 NaN 1.0206328408905718 1.0386382078789365 1.0538735042580238
1987 NaN 1.0064480642354467 1.0122617575936514 1.0174673101978116
1239 NaN 1.0078344085939053 1.0144021008196686 1.019924639114672
463 NaN 1.0056667260088157 1.0099107205487918 1.0131616500731646
1483 NaN 1.0065528369587153 1.0115532168702845 1.0155195062257083
1240 NaN 1.0105263292724869 1.0184429153773622 1.0245527443240885
228 NaN 1.0121846310590015 1.022591093190053 1.031145593954405
464 NaN 1.0092295952330415 1.0163668197706415 1.0218847214650015
229 NaN 1.0068521857444337 1.0119952710844726 1.0160601985512734
963 NaN 1.012395990392597 1.0240641373411734 1.034418390349809
1728 NaN 1.019109267661318 1.0354645758451813 1.0492313461966132
1484 NaN 1.0024732312079934 1.0039228434586809 1.0049179135954376
1241 NaN 1.0088048136306127 1.0159151348723856 1.0216285174807587
1988 NaN 1.0135489841967367 1.0249304555370715 1.0342802832547267
1485 NaN 1.0107904372121577 1.0193075611351072 1.025976064404474
717 NaN 0.9817019704822701 0.9644820812391434 0.9490369864414052
465 NaN 1.008128926063656 1.0151323823463387 1.0214082786318956
964 NaN 1.0135479336457278 1.0233481147369416 1.0308661613818866
1486 NaN 1.0137086424968016 1.0244526798888576 1.0330063092161368
230 NaN 1.0168514835580407 1.0300635317339302 1.0406554991427897
1729 NaN 1.0156297588745733 1.0285651169755727 1.039359887566423
1989 NaN 1.0098294888315695 1.0195582120496556 1.0284526837487449
965 NaN 1.0141307800741086 1.025382882608054 1.034422151182166
1242 NaN 1.0198363010388494 1.0344453149207318 1.045733215402977
466 NaN 1.0151491127629564 1.0255942466312442 1.0332508993745326
1990 NaN 1.0068326338818234 1.013426532495408 1.0192517649516242
231 NaN 1.0098258449972455 1.0176265421735269 1.023640959803721
1487 NaN 1.0133291476041308 1.022010198337834 1.0281068607253256
966 NaN 1.0092515475954769 1.0168197546962208 1.0226430944417857
718 NaN 1.0023719344309059 1.0043565121389209 1.005501504871497
232 NaN 1.0104028294924676 1.0192066971233764 1.0267052807633947
1730 NaN 1.015230640124396 1.027038743370916 1.0362981363211767
967 NaN 1.0029068163405057 1.0049330867804613 1.006307357220966
1243 NaN 1.0115471936948115 1.0212054600225366 1.0294814442500089
233 NaN 1.0071019903741936 1.0123986162002994 1.0163148744266466
1991 NaN 1.0128401937744842 1.0217672600470087 1.0281286755353114
1731 NaN 1.0175404273958741 1.030368195743025 1.0402613939284133
467 NaN 1.010240580446475 1.0175055820739796 1.0231770775702638
968 NaN 1.0118811603212752 1.0193363088141822 1.0242029024048471
1488 NaN 1.0162288899391996 1.0274414179485112 1.035319873911156
1992 NaN 1.0055170378063012 1.0093122168539517 1.011908633336726
1244 NaN 1.0067810766829874 1.0113093967263653 1.0145475454206883
1732 NaN 1.0060027139238834 1.0092268615964695 1.0111468061997986
969 NaN 1.0074923509051261 1.0135526405946924 1.0183500536792587
468 NaN 1.0079975773169645 1.0147879957203183 1.0204739276373058
1245 NaN 1.0089452520001005 1.0160229568335353 1.021514056265598
970 NaN 1.0166040994892118 1.0276641406442435 1.0357457528051703
234 NaN 1.0077276281921914 1.013369070243527 1.0172628085924251
1993 NaN 1.0118544894140942 1.021909276605702 1.0299342353166916
1733 NaN 1.0070224275370678 1.0128370647197027 1.0176668599915175
719 NaN 1.012709154792708 1.021477080189875 1.0280004788563164
1994 NaN 1.0068174116297979 1.0117855494053378 1.0154538093002443
1489 NaN 1.008809036797431 1.0163592054396797 1.022990409694713
1246 NaN 1.0113148266627308 1.019198596273002 1.0252302166430516
971 NaN 1.0057454653064979 1.0070143822210738 1.0061320972187116
1734 NaN 1.0074001237636743 1.0131859596610882 1.0177771814669871
469 NaN 1.0175914680385172 1.032814170956309 1.045872695062286
235 NaN 1.0123574927901449 1.0202787795924888 1.0256537307671791
1247 NaN 1.0130493977342305 1.0225343010329477 1.0295981451949539
236 NaN 1.014264134676627 1.025984089286246 1.0356517374366443
972 NaN 1.0195300810044357 1.034792550245888 1.0468298771265434
1995 NaN 0.9964669565516397 0.9938589504130841 0.991518029314246
1735 NaN 1.0090673410737285 1.0171413739423487 1.0245939055954236
470 NaN 1.0184380647980817 1.0316525229850506 1.0419488042485623
973 NaN 1.0114830343124492 1.0194151008717875 1.0253318284206168
237 NaN 1.0077783457925724 1.012846662295326 1.016048068933657
720 NaN 1.020859179857012 1.0395152828856737 1.055253727976345
471 NaN 1.0093267248615867 1.0155923970286018 1.020106845236252
1736 NaN 1.012120705131852 1.0209877548441302 1.0277781109407687
721 NaN 1.0080354107502363 1.0138048134263389 1.0182259276061298
472 NaN 1.0165280961767984 1.029470207090976 1.0398032378942121
1490 NaN 1.0084806384442917 1.012502133995895 1.0139811341242813
974 NaN 1.0112406920575554 1.0191675763844077 1.0250043126054849
1737 NaN 1.0180976984571344 1.0303034400244293 1.0390236904886645
1248 NaN 1.0070444382320156 1.0167446651564682 1.0270014797122222
975 NaN 1.0094512661875532 1.0165270208997572 1.0218885499759511
1738 NaN 1.0107796661959165 1.0193122874268241 1.0261629858267012
473 NaN 1.0154107621649038 1.0259136451828925 1.0336992947620707
976 NaN 1.011144693162417 1.0190408979513443 1.02483540048154
1249 NaN 1.0086991592041767 1.014945508872383 1.019980962494499
1996 NaN 1.0193521383425743 1.033647956613382 1.0448183666267765
1491 NaN 1.0150552112598314 1.02521597750182 1.0327964027796344
722 NaN 1.008148196075492 1.0150747783130585 1.0206225214621762
1739 NaN 1.0097708327158135 1.0175588039844183 1.0235838000404966
1250 NaN 1.0137474881157054 1.023224368837716 1.0303395691513608
238 NaN 1.0081132401360138 1.0135804366574437 1.0175699514383494
474 NaN 1.0101722501660693 1.0174604671606144 1.0229351474301662
1740 NaN 1.0103638243351738 1.0172768264924197 1.0223006411582496
1997 NaN 1.0082504353636048 1.0134518165189876 1.017002235837112
977 NaN 1.018335994588322 1.0331103975939961 1.0451395891384712
1492 NaN 1.004027356177382 1.007176126252436 1.0099391695064872
978 NaN 1.0132652326741471 1.0231505796381115 1.0309483396215349
239 NaN 1.0156433047004698 1.027224238966229 1.0362894498734299
1493 NaN 1.007496926280241 1.0110773840469514 1.0128394654517694
979 NaN 1.005517713530907 1.00967622062318 1.012813851323311
723 NaN 1.0224983970346464 1.0426400852817344 1.0601919338078072
980 NaN 1.0042377210450413 1.0088405595078886 1.0135978850979057
1998 NaN 1.0009508928038637 0.9988887557981303 0.9957248293286804
1494 NaN 1.007480160049123 1.0141594092494124 1.0198419832692314
724 NaN 1.0119385546133257 1.0212966744656766 1.0286561376367818
725 NaN 1.0124097769872553 1.0226728579389004 1.0309325638772298
475 NaN 1.0172074262831579 1.0323715111616638 1.045498629769633
981 NaN 0.9998495434945134 1.0003186354104532 1.0009359900702008
240 NaN 1.0119952047126732 1.0226722338985232 1.0322319604913723
1999 NaN 1.0056739035579179 1.009339350043171 1.0117408044335228
1741 NaN 1.0345999811932407 1.0611393738460488 1.0821920923050208
241 NaN 1.0094680614285616 1.0171857039979562 1.0234163595340011
726 NaN 1.008006789197202 1.013435335944524 1.0171312837448927
982 NaN 1.010063053696316 1.0184793219053683 1.0251408132232946
983 NaN 1.0094209103509832 1.0158568272644841 1.0205132368251375
1742 NaN 1.0126300117418647 1.0219312191744592 1.0290257186602325
1495 NaN 1.0173392313602005 1.0291599787973902 1.0376611338024728
476 NaN 1.0161011415025503 1.028860979001266 1.0394653480301148
727 NaN 1.005981967851484 1.0106927405289383 1.014415411162766
1743 NaN 1.0072003405288814 1.0131508925199681 1.0176451510585265
242 NaN 1.0150644992765656 1.0251964168078638 1.0327908354326623
984 NaN 1.0081876511140264 1.014649700510784 1.0198852576353075
728 NaN 1.003421956116002 1.0066821970543254 1.009477474033313
243 NaN 1.009069023500659 1.0160144002522595 1.021333460240767
985 NaN 1.0086212683836395 1.0147437006243354 1.019285977962644
729 NaN 1.0096196781119604 1.0152897376036367 1.0188466566194647
1744 NaN 1.016693976240297 1.0266412956442834 1.0328422100734995
244 NaN 1.0103981102252302 1.0168560259584012 1.0210762161813842
1745 NaN 1.010569595453985 1.0187405755607986 1.0249972714246547
477 NaN 1.0061733632878158 1.0113947439900366 1.0161448453876258
986 NaN 1.0145043184478706 1.0242870843755318 1.0311689507131125
730 NaN 1.017693478821265 1.0315678780504731 1.042445845867417
987 NaN 1.0089673768520344 1.01534794745686 1.0202248702293037
1496 NaN 1.0249276177850437 1.0464175234435338 1.0642415107153431
478 NaN 1.0111853202265884 1.0190032715723516 1.0247937639325622
245 NaN 1.0170224920010886 1.0307700010377017 1.041899914039133
1497 NaN 1.010845932263244 1.0184613096887472 1.0238790844590455
731 NaN 1.0066193503945637 1.011334955580378 1.0147959389338843
246 NaN 1.0153022350525167 1.0290062934377948 1.0408613549308583
247 NaN 1.0115145214556762 1.0190163812029691 1.0244368598841092
988 NaN 1.0080561117331401 1.0125032505971225 1.0153846176497134
479 NaN 1.0102138514303718 1.0173662062387974 1.0225963114653354
732 NaN 1.0106584791669089 1.0195069226909619 1.0268529960901205
1498 NaN 1.009512487759449 1.0158108167367816 1.0202413513243023
989 NaN 1.0121370076569642 1.0207860056677434 1.0272333177113229
248 NaN 1.005552911935762 1.0088138052729687 1.0111941688026729
733 NaN 1.0108975413004795 1.0207363693592126 1.0291470074850577
1746 NaN 0.998297564422424 0.9970414741063338 0.9963158995818607
734 NaN 1.0147980169392836 1.0259131751651267 1.034681399415439
249 NaN 1.0182864573863535 1.0326759454624852 1.0444127029923338
1499 NaN 1.0093024408376905 1.0178698940150968 1.0250171696823038
250 NaN 1.010066490508152 1.0174327942258583 1.022690946912762
735 NaN 1.0079770184820587 1.0130136518467097 1.016384628706831
1747 NaN 1.011729464577455 1.019225530435474 1.0243192849243372
1748 NaN 1.0079974843721626 1.0146667902628774 1.0200576758944873
736 NaN 1.0096026137814456 1.015557669104331 1.019486498754161
990 NaN 1.0137209773432732 1.0259412683748157 1.0369434674946783
737 NaN 1.0122681172377543 1.0217745712908244 1.0293372469643458
738 NaN 1.012576955383966 1.021660123551944 1.0285564635617828
480 NaN 0.9996450209534503 0.9968528711626639 0.9934778889494085
1500 NaN 1.0228130646846636 1.0396563507639196 1.0522393712866727
739 NaN 1.015696554599895 1.0273022261389058 1.0362552289141314
991 NaN 1.0197759935406279 1.033382695760724 1.043260534223127
481 NaN 1.013211880765235 1.0225083903591916 1.0294494360344992
482 NaN 1.010087634518314 1.0167076971224218 1.0213722236236469
992 NaN 1.0090101063111359 1.0161913574688632 1.0219802286108504
993 NaN 1.0090859298151824 1.0160199612499827 1.0213355141351101
483 NaN 1.0086516659780618 1.0153698958752355 1.020490180818165
1749 NaN 1.0236531562304774 1.036909524946606 1.0455707218880128
1750 NaN 1.0127379792864002 1.021901148427714 1.0289148637695311
740 NaN 1.0163231266327903 1.0312146056844052 1.044433119776033
741 NaN 1.0106504656168434 1.0184453784779388 1.024427178823071
742 NaN 1.0064627701705247 1.0118317136842618 1.016344270825978
743 NaN 1.0114596383873597 1.0188963669720563 1.024119828707372
994 NaN 1.0050507280183616 1.0086294061233099 1.0108763245237986
484 NaN 1.028074906094259 1.0505650925158594 1.0688236835396927
485 NaN 1.0089904382358432 1.0152468013158709 1.01995352988617
744 NaN 1.0133437409143056 1.0226150391067543 1.0296493758961904
995 NaN 1.0141784432524656 1.0246606760937298 1.0327086123835483
745 NaN 1.0109632165183229 1.0192177057622067 1.025640145963079
486 NaN 1.0090742986105723 1.0164707767998258 1.022526133440311
996 NaN 1.0091963111205768 1.0155567947925908 1.0201090024289174
746 NaN 1.0062532856837816 1.0105439882816534 1.0135653846470634
487 NaN 1.0117349647719494 1.0207279396635882 1.0277680764361796
747 NaN 1.006169601680975 1.009963797879949 1.0124228968686844
488 NaN 1.0140953787016211 1.0281742988270608 1.0407309917975498
748 NaN 1.0161428197130202 1.0304214166026373 1.0425633420848008
997 NaN 1.0185543276478572 1.030222035394704 1.0385299579423628
998 NaN 1.0060457793805573 1.0092474872372157 1.0108809051816987
489 NaN 1.0088609394333532 1.0150989826342975 1.0199501435264868
749 NaN 1.020910591082905 1.0359160868099513 1.04734771154534
490 NaN 1.0136771204762234 1.0237477302994615 1.0314022484694751
750 NaN 1.0105949624782844 1.0177471591480218 1.022788605496726
999 NaN 1.0054768205156701 1.0097289242787795 1.01314780824507
491 NaN 1.0146877560699317 1.0262281513921132 1.0351549660157715
1000 NaN 1.013150148894336 1.0230499051009758 1.030772511776939
492 NaN 1.0061127750069896 1.011024441282406 1.0149703716718788
493 NaN 1.0191518042569045 1.0364205688012635 1.0510563599814648
494 NaN 1.0133325732570324 1.0221448798325021 1.028391055471711
495 NaN 0.9988221374824028 0.9981843454159784 0.9977479657991204
496 NaN 1.0090295119411847 1.0142480368107007 1.0173731452033163
497 NaN 1.0132602315953516 1.0244992206771146 1.0338009469474294
498 NaN 1.021289912037671 1.0359553946223523 1.0465186815875884
499 NaN 1.010793577860805 1.0179224085812204 1.023026463314171
500 NaN 1.019990074829308 1.0369943862371305 1.051320224674051
