190 -0.09856115447560587 -0.10812368406222994 -0.26109169409572475 -0.03354361223766 -0.03995272511112924 -0.10703094214681652 -0.061172055347988086 -0.021564292633766136 -0.1024551522905397 0.16477275958845913 0.16108868124678408 0.0 0.0 0.0 5.0
315 0.026927953094824097 -0.09874837872502196 0.10642844155209952 0.052420387560707216 -0.07827088756600653 0.13946077791464329 -0.01324451542333227 -0.059189580561653576 0.12842170930438734 0.1599759890445544 0.14628489127354152 0.0 0.0 0.0 6.0
1 0.05056528506314151 0.1488380138192158 0.08395221449454704 0.014810847992214438 0.08083955894382266 0.0007429299837058423 0.007030005939433925 0.06704892586319122 -0.013359684869266863 0.16829543205640726 0.16624158989292334 0.0 0.0 0.0 7.0
439 0.12492764490028918 -0.03700679628197734 -0.17728401045182807 -0.0020713141202347574 0.09324303995709049 -0.25844068143184873 -0.015214368363691166 -0.0014610359628992597 -0.14851094533559406 0.1280866172354047 0.12108670126571468 0.0 0.0 0.0 8.0
377 0.3250661937030621 -0.48305835021758814 -0.27115708855077414 0.003098517818868274 -0.3777018274877496 -0.22339142129482636 -1.9581896852916003e-6 -0.3383401296286618 -0.3017332184114454 0.25692733531622086 0.2406757002734022 0.0 0.0 0.0 8.0
64 0.05492472696298378 -0.22608505304698145 0.04455548478447424 0.034587481350981886 -0.19962595448500808 0.0598225095572702 0.02198460119168355 -0.20170005429887183 0.04953000648749528 0.18478746826602585 0.19195095797110806 0.0 0.0 0.0 8.0
127 0.10105099291774078 0.07477625465822091 0.03330084655410914 -0.06711098984697483 -0.019904225930433173 -0.07051510577857878 -0.01769038579924964 0.023300435034607325 -0.05375526028605382 0.13018319080622434 0.11196293575639113 0.0 0.0 0.0 9.0
253 -0.40299958667278457 -0.32691127729025693 -0.4354777896102239 -0.08562332171451181 0.0576498373086034 -0.17516770336105536 -0.11328522812836117 -0.03241599884470159 -0.11622455711828805 0.14071450090896925 0.1496355347326843 0.0 0.0 0.0 17.0
191 0.017263421001147083 -0.03284318263066455 -0.028672242552531757 0.05496673834642141 0.035796586333108005 0.010918831920833094 0.02113977874281603 -0.001326351518474711 -0.014907878788316453 0.1567200139330297 0.15877109193858746 0.0 0.0 0.0 8.0
316 0.3146589780608833 0.7818619993166638 0.1524877546652501 0.01788649616830562 0.44968782812263175 0.000251423113611704 0.06033302822815445 0.4370810146929749 0.020368304961160044 0.1748474421661455 0.17934417746460132 0.0 0.0 0.0 9.0
378 0.023259546735652892 -0.1732282006487469 0.29530429906532807 -0.0033107179358177197 -0.15057158369371626 0.25707349355101394 -0.0040548222616877405 -0.15359864177936744 0.25031981093434985 0.1346218827017672 0.13862368312528237 0.0 0.0 0.0 7.0
2 0.13590006089205575 0.11676356280906797 -0.255067696006705 0.12562141508828795 0.131191767489383 -0.2364296859096915 0.10926809018802808 0.05457993699725394 -0.24143721437042653 0.1685742624751725 0.2257196205648736 0.0 0.0 0.0 9.0
128 0.05488897207698118 0.04122674065990628 0.11382186637890124 0.042401415694498956 0.03076961419223867 0.053597398057518175 0.03566421713248835 0.0242834729993171 0.06033790287986274 0.164530161279019 0.13315396163808524 0.0 0.0 0.0 7.0
65 0.02621457548959616 0.06847539184143603 -0.007172235903853852 -0.01086141946865582 0.06757804369466869 -0.07444419650065703 -0.010366161732266232 0.05067491661750445 -0.029462142656268897 0.17801027684917126 0.16298066549801532 0.0 0.0 0.0 10.0
317 0.038422188185408324 -0.11230359412374169 0.05911442671453315 0.05093234095008481 -0.062016462682848106 0.09829543070434621 0.026463144677600248 -0.05455391567230827 0.09198939244803639 0.14627301493734404 0.17855032212963956 0.0 0.0 0.0 5.0
3 0.16085563259531432 0.035298698091406955 0.195684476872801 -0.05640977311090323 0.03289790117539959 0.06093044865972819 -0.013329354969987106 0.06308659190602195 0.08478125544007065 0.14015066710662727 0.1594978597575141 0.0 0.0 0.0 6.0
129 0.08449698711092779 0.16101875410563493 -0.09810428947323935 0.0495933428860873 0.18769438692807205 -0.08283813341723034 0.04434756046146049 0.18355756971665715 -0.09086440355549985 0.1472358292593565 0.1348889031089271 0.0 0.0 0.0 6.0
192 0.04917120923764107 0.025967940918365517 0.042370937661244 0.027879547425316842 0.06754139705826612 0.048380016841100604 0.035415342864286936 0.055422539981713426 0.047656951418019844 0.17703482489433894 0.1587678996914805 0.0 0.0 0.0 11.0
254 -0.032674237230852166 -0.08668665708723844 0.03147515284611768 -0.009248800795335077 -0.040090652382565484 0.08071527022735303 -0.03540314705525616 -0.05664445988529332 0.058714060659317724 0.15723919798394353 0.15627815677166246 0.0 0.0 0.0 13.0
440 0.01991182427093774 -0.47500254043407975 0.048394882251674654 0.135363240448384 -0.24837061407633132 0.31718341175091 -0.04747971336676404 -0.2908743516954557 0.07649916559852121 0.13308565523602603 0.12255587186566147 0.0 0.0 0.0 24.0
66 0.21652603184668973 0.17482655221516508 0.10671477302784016 0.02019084813332994 0.13681766793240113 0.03594174396259553 -0.06400462536365537 0.08684116862134483 0.016457780168036118 0.15347209476866638 0.11811471857835319 0.0 0.0 0.0 8.0
379 0.22333264412469567 0.1248612592038445 0.18094540037246087 0.07016156159414888 -0.13914114283870782 0.08842650033977328 0.10486685299611764 -0.042657562621989054 0.09122538697647298 0.13542157811307015 0.15186689632149197 0.0 0.0 0.0 14.0
318 0.15677867218128405 0.03499245953771113 0.11612939889323703 0.021988441565534034 -0.03162373965476861 0.09554810196286923 0.057220737585912396 -0.0021347615290627786 0.09027752986303472 0.17224738533250658 0.1591817036088912 0.0 0.0 0.0 9.0
4 -0.025368571289671293 0.06735092533751996 -0.11522631012868911 0.01581954905492089 0.1079799006730695 -0.0739307354683909 0.041842035917621034 0.12835106871634516 -0.021942618107559264 0.1377239444393764 0.12684441605759175 0.0 0.0 0.0 7.0
193 0.08050671647018515 0.09038405968639895 -0.08392901141221576 -0.010918794450784253 0.06595862639258043 -0.14023988372071716 -0.003919010875395479 0.07577692175701123 -0.14354988907910848 0.08085215514817654 0.14070161420376806 0.0 0.0 0.0 7.0
130 -0.07835447303164933 -0.00024317711879662252 -0.15758319642587626 0.00018112638076761556 0.13836418712709353 -0.05586274629232868 -0.0006157054656571459 0.09659804199513355 -0.08588230255222562 0.10526446254902909 0.1518215898335257 0.0 0.0 0.0 9.0
255 0.0004825236205936445 -0.030226413464344293 0.13537410684660967 -0.01207929351715109 -0.06055173431957439 0.11221129458960455 -0.015551543544498503 -0.058866554982804686 0.11648913411230621 0.1526146146314652 0.16145572939413116 0.0 0.0 0.0 5.0
441 0.22462163165481708 0.38816234038862407 0.08258771683312505 0.2883325117342517 0.2351203533146744 0.1416873005756336 0.2686276313937692 0.2449113918164807 0.14367965374511216 0.15638603497476522 0.1710260419479661 0.0 0.0 0.0 9.0
319 -0.0008715830320619178 0.14259038245890832 0.19411955052864616 -0.11915115699657286 0.015364273181011745 0.043463747066708525 -0.13767519393210204 0.025920085282197913 0.021673381248820567 0.12433345507285017 0.13347392314707607 0.0 0.0 0.0 5.0
380 -0.18666891745925318 -0.4371920474881852 -0.08108529538757536 -0.2433243499161477 -0.4268318596219246 -0.0938635058450078 -0.2634628814722485 -0.3972752758026472 -0.08240311582840376 0.16559510144671313 0.20613888282557927 0.0 0.0 0.0 8.0
5 -0.05183803364587114 0.12102347075312014 -0.027842098982209795 0.001234878925973959 0.10062958713707593 -0.07526819203885715 -0.012504555483865976 0.08771358342571056 -0.08182770710426956 0.14521866716260232 0.1443392112041779 0.0 0.0 0.0 5.0
131 0.020563937185215098 -0.3068332687304106 0.01721615686864375 0.0164899546184869 -0.32768861110242775 -0.05114068952368911 -0.006298599861818244 -0.30101262251091054 -0.039069885690072415 0.23043114649333332 0.22186027872481912 0.0 0.0 0.0 4.0
67 0.827995562575716 0.7441402726518374 0.4374225991306717 0.734336841703755 0.5061950904725558 0.14531391655055992 0.6576267031363467 0.19854608404539786 0.128821724453688 0.14715128517432238 0.14915604219001913 0.0 0.0 0.0 12.0
256 0.06604618731396639 -0.04225153885694111 0.06728780836823955 -0.009702102800874135 -0.03856478997167834 0.05234120427384137 -0.004175930080343004 -0.05933190984499048 0.06579749621700248 0.13585378028071718 0.14321236981793814 0.0 0.0 0.0 6.0
194 0.03271043497304249 0.013816955457514046 -0.029831051808818287 0.0017376570629654697 0.04057961700584034 -0.035226424903406106 0.006496591842360955 0.05110291109232734 -0.025499550528250592 0.17532081484920367 0.1557567341261417 0.0 0.0 0.0 9.0
442 -0.07658315646095126 -0.21662051993012377 0.31228457065010895 -0.08795222749182097 -0.33107443905356226 0.13870177466287625 -0.09965012995770162 -0.26525118557553173 0.12002694790507729 0.1602047376039879 0.10698942451687204 0.0 0.0 0.0 7.0
6 -0.02866922600681332 -0.20803519600051856 -0.11747031734837066 0.013686977312547421 -0.11124976009022391 -0.022245204989894463 0.00849067984106222 -0.12226206372633885 -0.01693120304568274 0.1195286634328816 0.12864365316891102 0.0 0.0 0.0 7.0
132 0.015608700976845968 0.15759828891103234 0.10422985934624251 0.06688555805867313 0.16587384652954773 0.04072429499319119 0.09663147160870889 0.1569484885954795 0.08932748075139374 0.15785327474960714 0.15895683233580163 0.0 0.0 0.0 7.0
320 0.07453584272462699 0.053372725510708374 0.22307559315042513 0.12462549130511591 -0.026598643342965245 0.14355170521155003 0.13000446693966983 -0.009822589176055718 0.13276502045937777 0.15889489409433494 0.18038287751300897 0.0 0.0 0.0 9.0
68 0.03477229735382048 0.055536977430361345 -0.16701857408328302 0.15344899372914633 0.1146456486882299 -0.14134298215147334 0.12448292698575703 0.08851542917584432 -0.1531937457117869 0.13384889008400094 0.18761058741187497 0.0 0.0 0.0 8.0
381 -0.04545458832239835 -0.04529667431292783 -0.004993359231248995 -0.025241096649685546 -0.02243506342897139 0.0010095065735675757 -0.018536721592032568 -0.025795745709596307 0.006835247939433353 0.16363829528568988 0.14474185154694208 0.0 0.0 0.0 6.0
195 -0.011673451791790468 -0.06529605054578713 -0.03213234028808887 -0.07302762242605798 -0.09568265829636746 -0.06529092088377852 -0.0943651227019322 -0.11927469666194168 -0.04989344162312637 0.13108841711106264 0.14167063880640735 0.0 0.0 0.0 5.0
257 -0.0992786138859365 -0.06823340818093371 -0.004562916336913303 0.04544752426112075 -0.1585739365623744 -0.07331814625103827 0.04263514547778824 -0.09241324920794136 -0.08741542477644337 0.18020637343037202 0.2104736545310375 0.0 0.0 0.0 9.0
7 0.04286213077354417 0.05086240654800345 -0.10715869822497592 -0.003277235140621726 0.04792929022789605 -0.09485523383580019 0.008571184561281697 0.034988690092312646 -0.13532356074803842 0.16520835777058854 0.21261228443846958 0.0 0.0 0.0 6.0
443 0.08207094069967535 -0.11672147992728088 0.2761340380291082 0.09273075635661732 -0.011189995579723111 0.1387696656948958 0.12270985024453407 0.017782172793094908 0.23502187164378685 0.1240071392558821 0.12813466181657643 0.0 0.0 0.0 9.0
133 0.07103881994470362 0.037304698259462477 -0.045450553255395154 0.057579302193829784 0.06874065352263137 -0.02814997880394665 0.060645328165650714 0.07029510328757449 -0.02322468588347515 0.1188471577778395 0.10954641637348832 0.0 0.0 0.0 7.0
382 -0.19886985349012154 -0.022150833880248744 0.17732102905386737 -0.12407011835733184 -0.0378842729984733 0.13757467437750037 -0.12452820826205646 -0.04281964755759826 0.12594179437251696 0.22254105146814188 0.16315133717434063 0.0 0.0 0.0 6.0
321 -0.036427107251959745 0.05092915147004473 -0.0337203732339425 -0.014738456476200978 0.0647081430505736 -0.04389093316746351 -0.007907559806459186 0.056090324332433106 -0.013957253274256232 0.1287887237980802 0.15623431349818498 0.0 0.0 0.0 7.0
196 0.14966227334658 0.10920504241343343 0.02655984375498255 -0.00765373718849327 -0.015114420053932487 -0.04546866733853028 -0.0013028524968777822 -0.008755294793485247 -0.05387658019476471 0.14240716796169017 0.14852137758717177 0.0 0.0 0.0 6.0
69 0.6918963847848532 0.5738438932639842 0.3208126730458256 0.5488164603889361 0.32668193042623783 0.0063144340870440185 0.5612189480721799 0.39188314897819065 0.0973354048320274 0.12700697481501522 0.18050198390622083 0.0 0.0 0.0 9.0
258 0.017530012939833695 0.4383821245663595 0.06504903809114126 0.051115335482827096 0.40728476680427805 0.03110635982237353 0.051457551155424275 0.39144456430063146 0.027683202988964428 0.13817075164817533 0.13630880243253946 0.0 0.0 0.0 6.0
8 -0.016728736166192526 -0.09343726679443343 -0.016451082972198106 -0.011475891527295334 -0.11631055424767756 0.033038172085842366 -0.01017600203602198 -0.09688304865621011 0.014255537822946529 0.2122689443951052 0.15483761673938415 0.0 0.0 0.0 5.0
383 -0.09451201725178349 -0.09802257126441138 -0.06432976662950263 -0.06566245230961376 -0.07935737350183003 -0.04019404535719806 -0.07099146453502025 -0.07798837235393818 -0.04126760145372077 0.17878277318629648 0.23123189272736633 0.0 0.0 0.0 5.0
322 0.0882981190098453 -0.056641973946818136 0.011336672580789298 0.04810460803203265 -0.028081582466566557 0.03508400417121171 0.05093864866559161 -0.02960066503941472 0.0333492154192947 0.17709074284573412 0.1796011824192297 0.0 0.0 0.0 5.0
259 0.0561769701110153 0.09678325832440726 0.009665846057087757 0.030503167151608723 0.08032597910623407 -0.00732334138312607 0.031531596694678754 0.07814588068580863 -0.0012125167095243805 0.19598367668890077 0.19198100692559314 0.0 0.0 0.0 5.0
444 -0.05147948559451632 -0.3105825355001859 0.3256267430841602 0.06778715072157371 -0.3891944511655585 0.41221168541417774 0.038066117764278484 -0.34001911697376563 0.3758298102377198 0.13971654014615345 0.13043794984099144 0.0 0.0 0.0 9.0
134 -0.03961807640015225 0.03455427713587467 0.06903895387852499 0.05815236057512374 0.08273587143644079 0.10604481327582893 0.05514582984354277 0.06923866862936934 0.11867012273333155 0.12673067746668665 0.226577821673615 0.0 0.0 0.0 9.0
197 -0.020883729112358584 -0.09529501592174794 -0.07499747855279515 -0.1133131478140843 -0.07383003100725305 0.0811065400876334 0.042783472795957955 0.14327828864613967 0.12448635098306426 0.09483519232875455 0.14449989854056206 0.0 0.0 0.0 9.0
70 0.08355457577659275 0.2097513211316262 0.3738012476269539 0.031375312830641766 0.024774288909570785 0.14327068957704348 0.011542197785571195 0.06952102769922397 0.1463414568586363 0.15245431287572672 0.1314580059888234 0.0 0.0 0.0 8.0
9 -0.04565422522420959 -0.06810318414320937 -0.013919743411607621 0.03136129924702402 -0.011269193094424756 0.03207924021817066 0.0007879330605442547 -0.028309049267232655 0.015421980218242703 0.13207846211158783 0.13444230828218143 0.0 0.0 0.0 7.0
323 -0.2664837454825224 -0.10016836591201261 0.16409299855824733 -0.08721074899160486 -0.13732529110592617 0.09184692394521798 -0.12719973949768204 -0.1853948389448059 0.11436784464512395 0.16631069952003885 0.16852635951556436 0.0 0.0 0.0 8.0
135 -0.044339042676116214 0.06965108095717643 -0.049198672976699886 -0.01908786273027585 0.047941015391043784 -0.05720396701534247 -0.029183959075876342 0.04486911329790244 -0.040925505589995526 0.14897748933803284 0.13759286622350453 0.0 0.0 0.0 7.0
384 -0.009540999764895197 0.05380851801796793 0.03578527890029859 -0.07111035130327925 -0.09898653336366758 -0.041044779640737716 -0.03948939323346823 -0.08008295581408043 0.003871269851007053 0.18052780999561913 0.16627533320662355 0.0 0.0 0.0 9.0
260 -0.2152068123065708 -0.7455233977214955 0.14775854306275016 -0.1640814908757814 -0.7172540269249841 0.10801609062508222 -0.12259455821119392 -0.5778410759245899 0.0593907869848842 0.23388228805417055 0.24480547825159593 0.0 0.0 0.0 10.0
445 0.02905056259316008 0.10758186651077994 0.0552144481572725 -0.006719144271448374 0.00800622930149597 0.010826079029297775 -0.004037629114324814 0.010980150333591787 0.0029451706109995257 0.12380956290995906 0.16264408514212286 0.0 0.0 0.0 10.0
198 -0.05628431500056352 0.1533859742337056 -0.11808802679290897 0.06311931625153888 0.2269304185608707 -0.1647592551257454 0.03454938488962922 0.15506301246492193 -0.15658660181541595 0.1407215135142743 0.1256513027549513 0.0 0.0 0.0 7.0
10 0.12478415201439419 0.07528492650909069 -0.006447950000457947 0.01860255980235448 -0.1312653402450742 -0.04199108331006551 0.0022641328167856134 -0.12131852787042541 -0.049129815616928085 0.14941413541660006 0.14374602717061566 0.0 0.0 0.0 9.0
71 0.2339914282167026 -0.3842265848782368 -0.0553014109586597 -0.04469939595997319 -0.3695214996713123 -0.10851481709763044 -0.02173920042398314 -0.40602138068429616 -0.10681912311345665 0.14311046268871988 0.13969743456651337 0.0 0.0 0.0 11.0
261 -0.019570281508027754 -0.03938324079519118 0.14007039750480899 -0.044270203592887025 -0.05679360886498708 0.14557358944347087 -0.03781787843356521 -0.053022479377094256 0.1383669783630339 0.12828182876208216 0.14146188411244004 0.0 0.0 0.0 6.0
324 -0.03250058424165325 -0.09893576703934037 0.12084559814000606 -0.029910199518342062 -0.04136685779261762 0.08366662443176698 -0.0509429475992107 -0.08797718298695978 0.07102904389533538 0.16512270777101054 0.11815118363907312 0.0 0.0 0.0 8.0
446 -0.10505246968109438 0.02753485489622931 0.07639745670433506 -0.028683110713412674 0.010235784038309603 0.03767577947264322 -0.030902578840267148 -0.005333087850016516 0.04909819861151443 0.18650259078793743 0.1938980607978768 0.0 0.0 0.0 6.0
199 0.27532855892394603 0.4322037524268978 0.1268688259464572 -0.1172742853918618 -0.10783237572816917 -0.11250675366836749 -0.0874621020189209 -0.022235478126213626 -0.11295580169477126 0.1641205291529454 0.15754429850157867 0.0 0.0 0.0 8.0
72 -0.03771219515557722 -0.043916753744415504 -0.021028174601160576 -0.06772661960581339 -0.05161650225679504 -0.0358836821468681 -0.06668290494454165 -0.053500590870722564 -0.03339477281911063 0.14816199568865793 0.1473849499124918 0.0 0.0 0.0 4.0
385 -0.017321325214124217 0.24346627801938836 -0.09948799604386438 0.16560543221388757 0.32105798661612783 -0.1598307876538516 0.15534873842628838 0.30211302037422216 -0.1684915751891447 0.1268888356811714 0.1036222704492958 0.0 0.0 0.0 13.0
136 0.8129574055809796 0.8616184498082082 0.8381887803224624 0.3205533675943688 0.4682367533938536 0.3555285731663054 0.3136659351761595 0.5558618922892504 0.3543445148541484 0.12306717165749208 0.12251790290544426 0.0 0.0 0.0 15.0
11 0.005007924921471174 0.09154225124986626 -0.009688133416221656 -0.00046437832508172683 0.05832548551442396 -0.052998084330638684 -0.0005800892838416782 0.06659263792070957 -0.035016656944396485 0.13903012996266323 0.1762062024201551 0.0 0.0 0.0 9.0
325 0.05561978410244728 0.003068987459386996 -0.16766825315763167 0.07143393220902738 0.053395531423544806 -0.06134111426768807 0.059214582322195675 0.046380894472078715 -0.08518707842317796 0.14148218636679097 0.1611600262730489 0.0 0.0 0.0 7.0
447 0.17709474764504085 0.057969198216459406 0.23573803816989125 0.07700507123805567 -0.008099269712388502 -0.035644755381472604 0.01640879798696937 -0.11410359631900047 0.04767003598960784 0.162155503508085 0.12763915779602927 0.0 0.0 0.0 8.0
200 0.06723121614016847 -0.1081869577174639 -0.18982132854051925 -0.11172086797076597 -0.05061330715782497 -0.18998434618081061 -0.10787018578995966 -0.07210434855753334 -0.10776850965744189 0.15775719800109558 0.15508796463497806 0.0 0.0 0.0 7.0
73 -0.019812418352303185 0.03886948042374483 0.2347464880310175 0.04951054979260694 -0.036885737254331974 0.07293950959034978 0.05465004952542496 -0.08615325264668505 0.04650283549382994 0.18276645237960537 0.17349165726969837 0.0 0.0 0.0 7.0
137 -0.0843022410987071 -0.2007831908187191 -0.009485589729980703 -0.08739819820088868 -0.1949059710601846 0.02934247291344838 -0.10854907275847059 -0.1613456154621885 0.017816717340338295 0.1783018083054878 0.16088269224947985 0.0 0.0 0.0 7.0
386 0.015865468191591958 -0.005504843783095348 0.001760975667367104 0.006968256677527096 0.025445122024567945 -0.015491403054318176 0.002736365538319241 0.008374416476060187 -0.006143110175439892 0.14880482682562748 0.06741654552527575 0.0 0.0 0.0 10.0
326 0.05931575252795107 0.268839688616771 0.07116992019288926 0.12126570798715042 0.21750124191589681 0.13486374180949334 0.10399676571513528 0.24597032135626162 0.08640939884332877 0.2122857037741654 0.22118831683234083 0.0 0.0 0.0 9.0
262 -0.06248129810638192 -0.033426658953818245 -0.035945637347185255 0.1015399413461795 0.18462681049588303 -0.04222862683103823 0.04173922901225402 0.07980497625730254 0.002332184160781736 0.10029282070553348 0.10177152904375708 0.0 0.0 0.0 21.0
12 -0.1536367461811422 0.11074003229240792 0.29095922251949147 -0.020822842280419307 0.09441362110688112 0.18351751458447962 -0.06413343808045502 0.09512913399173173 0.263082856713897 0.13170414535548625 0.10337285943117587 0.0 0.0 0.0 11.0
448 0.03920193646541881 0.06364289423226022 0.22668045945999737 0.01230046047448985 -0.032900460364563844 0.11698090264222971 0.004383621431707896 -0.05503675586932488 0.11646487327273847 0.14210606482376867 0.16868610087377184 0.0 0.0 0.0 8.0
74 -0.02583601026743687 -0.1982482032726679 -0.12547189467300124 -0.08748813355502483 -0.2110253536958423 -0.07716265602547923 -0.07254835093758372 -0.16695809189380406 -0.08183299881860895 0.1413556376811151 0.13899821471322352 0.0 0.0 0.0 7.0
138 0.018063660706107765 -0.053630410641793524 -0.0994986585176989 0.014639929696386167 -0.027584190612497395 -0.07425484781603364 -0.0009515315187736961 -0.03579531769925015 -0.07815129875911375 0.16537264824179365 0.15661808602390437 0.0 0.0 0.0 5.0
201 0.036118006289131754 0.04888481944562573 0.002558295342250494 -0.05399475289968325 0.00605051669199641 -0.04193628858119758 -0.03983074776367268 0.01939847221941804 -0.03110551809691897 0.09866993687472854 0.09135529802293665 0.0 0.0 0.0 7.0
387 0.06237534823706148 -0.0639891261017933 -0.06835515823936589 0.02271120843663077 -0.07842364701599436 -0.03151200089009609 0.03630123592347889 -0.06346445799644251 -0.022496068846817985 0.16489893463325253 0.16910423895056878 0.0 0.0 0.0 6.0
13 0.12479861429608818 0.2341042166584948 0.30371293084980233 0.018398242122898756 0.005544093891828528 0.20266319822773293 0.03348363488133055 0.03685746713622584 0.2038866606276648 0.14528916904713823 0.2008657096088737 0.0 0.0 0.0 6.0
327 0.07080012083932052 0.05633872097026793 -0.10126194922307952 0.006368999996013258 0.07131049013940727 -0.06385350638317788 0.0057943636087227635 0.07770320783802309 -0.07191574590984284 0.1585726382222239 0.1370395820111543 0.0 0.0 0.0 8.0
263 0.0664152541548837 0.05734368828435832 0.24485536748436298 -0.0036866462944703526 0.1220362015454477 0.2802837478766078 0.016600741015578624 0.14522861437791623 0.2774825107830188 0.14787344484452367 0.13440461000742585 0.0 0.0 0.0 8.0
449 0.016711005742853446 0.03087790368144039 -0.11079737810548707 0.059938119790116984 0.11216556818175549 -0.020160184397852055 0.07994369545827196 0.12545960292328262 -0.027027724171422296 0.1731313913638887 0.19610228112072495 0.0 0.0 0.0 7.0
202 -0.168151985946688 -0.08756275127713864 -0.0057965413041957126 -0.0864143936909384 -0.07689854103980454 -0.10157814375529073 -0.11261490793239193 -0.15042108352259342 -0.05846990680692221 0.19962970463402357 0.15377359735055435 0.0 0.0 0.0 7.0
75 -0.017773144548101083 0.1522092808231199 0.06689316059581496 0.09352530642462509 0.07522605602095056 -0.03422585807029466 0.06425530043490979 0.0691557139170973 -0.04569897840856707 0.18308653362705535 0.1654292199387279 0.0 0.0 0.0 8.0
388 0.35968233235290437 -0.023858306105748794 0.19164471276308648 0.12030022918189709 -0.12650732479213866 0.13594466088190882 0.14096230152219547 -0.0758670003783285 0.1144363389613805 0.16386589166170465 0.13436699586059828 0.0 0.0 0.0 7.0
139 0.04177581636073069 0.030034465438345093 -0.012989452866618234 0.005884383097481072 -0.03683453564622541 -0.024645332851936264 -0.008581702262665747 -0.04208088918074926 -0.023445019419129354 0.11562439922222223 0.1466669446528 0.0 0.0 0.0 8.0
328 -0.012365933743386903 -0.11222909548929383 -0.012569682785853464 -0.03828876758485189 -0.1341988237794749 -0.0032664035979448336 -0.03782233855604156 -0.14395920066107648 0.008381857842353346 0.15526409592945944 0.1499878233613403 0.0 0.0 0.0 5.0
264 -0.008181523557811543 -0.08848011192575789 0.09738379297909705 -0.059216925684397625 -0.09699900332128686 0.09175997949203385 -0.05290634447768283 -0.09308027502312322 0.09221277744732759 0.14519752548183118 0.18530078788048102 0.0 0.0 0.0 5.0
203 -0.02725379133700978 -0.12124653873843072 0.0031113004076051 -0.03590441659315424 -0.12174580288727854 0.003055992578397726 -0.03767013118660556 -0.1281120473258921 0.006400559096689795 0.1975135254456409 0.18498219735700644 0.0 0.0 0.0 5.0
14 0.14350652342482806 -0.01529346232042128 0.0914273023365515 0.003769560600262345 -0.05316917262565757 -0.06961177901959259 -0.010291260233478705 -0.04626208867977921 -0.0714278054574431 0.1542410152418207 0.15108149093933548 0.0 0.0 0.0 8.0
76 -0.020472035999595684 -0.2165662299753809 -0.005666157861990873 -0.04527833512928281 -0.017650244088017963 0.07067206072179233 -0.003273151895200055 -0.005604581363726768 0.1275054047073334 0.10269381870376185 0.135222706661795 0.0 0.0 0.0 7.0
450 -0.007313888458548079 -0.08983554055695986 0.014228233089303322 0.04905997960096187 -0.003356145005144917 0.049775866753152265 0.055513054423022457 0.008538950636854725 0.05548361858979711 0.12497212737869635 0.10901372648498392 0.0 0.0 0.0 8.0
140 -0.007269028338182215 0.006652177417219907 0.05812290499162276 0.0095109436407661 -0.014130156607782163 0.06395134245488521 0.015581224493303347 0.003805275102460204 0.05340617531541936 0.22174685582069006 0.3316073259041021 0.0 0.0 0.0 5.0
389 -0.08898837807580551 0.06170258408185347 -0.03162825968865568 -0.09091924570789178 -0.05242819508664098 -0.1286715904988357 -0.06209671422525109 -0.02476398262007662 -0.12226766852630666 0.1765223897811218 0.15201112501233457 0.0 0.0 0.0 8.0
265 -0.04662909901307688 0.06135096994187195 -0.10944494763841339 0.025983482318735263 0.12616735009029867 -0.019316018435985627 0.022559958564715377 0.1346201045904063 -0.03672435508975447 0.15626557715739126 0.128987747882538 0.0 0.0 0.0 7.0
329 0.07473705834007305 0.02097718764183587 0.16048567992170804 -0.06620723752944446 -0.06461185509222911 0.05807180921180466 -0.009674856112986463 -0.05092226451147219 0.07776930596390064 0.18023060752858794 0.1679512134198498 0.0 0.0 0.0 10.0
77 -0.12808514961270634 0.0560502848565394 -0.10023898146283694 0.013933551264301292 0.03580809293843168 -0.017207822191023903 -0.029989038870520845 0.04164848766200113 -0.048194311347379615 0.1541522400768166 0.15013796891359482 0.0 0.0 0.0 9.0
451 -0.12537735689988827 0.21821645066218442 0.23143328181733303 -0.0021858803975709495 0.1418595366609745 0.07748907951390915 -0.07361958957220849 -0.05207828784222124 0.11298214876937007 0.13679962333470555 0.2254796307296598 0.0 0.0 0.0 9.0
390 -0.03606852229739366 -0.0741045844541669 0.21023654974548212 0.021415104397836116 -0.1426007640644119 0.12759220037126617 0.01678457832373037 -0.12168561135200762 0.1175175749721904 0.13640618579677563 0.13222913098156405 0.0 0.0 0.0 6.0
204 0.019990557831323974 -0.03255704098584933 -0.09271572012691998 0.06599899796106223 0.04958348506174115 -0.021363732897035748 0.04712591917608133 0.04667585904745053 -0.011285210636525989 0.1612955728925051 0.06251360529200972 0.0 0.0 0.0 12.0
141 -0.018604379720896347 -0.0374276935736404 0.12720343602333917 -0.054989646750256194 -0.1914497243660256 -0.032032002792664604 -0.048555702573545245 -0.14842853808783218 -0.02022475110706956 0.15119698255713093 0.1533557300131653 0.0 0.0 0.0 8.0
15 -0.0032594073609379937 -0.2722428736349928 -0.11962537631697578 -0.04260208986060232 -0.25710650445558403 -0.05671762761381549 -0.021899519898137987 -0.22382043476781388 -0.03609847424934853 0.1837106648735036 0.16935727772757303 0.0 0.0 0.0 12.0
330 0.21318606566352583 -0.0016486277713413378 0.48511254531751424 0.047984271777605336 -0.09464086431813956 0.39405039655180985 -0.009445584789891104 -0.16443818031481128 0.3189263036835812 0.16622939785171129 0.16153922084204145 0.0 0.0 0.0 6.0
78 0.0788165321070402 0.0987659949418438 -0.03744450715442227 0.049527130863840085 0.11932623994669345 -0.10200332337795837 0.02950720575128285 0.05742864646880341 -0.1038262691045494 0.21784826644504598 0.184053392850111 0.0 0.0 0.0 6.0
205 0.05396718693857183 0.07480871448322657 0.17914122286086043 0.05378370081352335 0.03971695464857827 0.03167774844998594 0.04413116254342997 0.02282062784699246 0.07098977093029846 0.15803666748628767 0.19684688458363042 0.0 0.0 0.0 6.0
16 0.14029546310672658 0.2221170225394553 -0.06145708141089201 0.09897977976107275 0.22167440971320906 -0.08413395326230844 0.0680217771502547 0.19835474591211333 -0.10153878629083712 0.12967925978296388 0.10603543005673806 0.0 0.0 0.0 6.0
391 -0.06998056107614459 -0.05336669122347326 -0.07238221515544219 -0.01722780546663183 -0.03387154260086722 -0.0317716072155384 -0.018692043162588212 -0.043563544407338006 -0.022631374146136585 0.16814644686824226 0.1294871157672293 0.0 0.0 0.0 7.0
142 0.08279801772332118 0.25138801589579063 -0.03171320263054633 0.012948498864606695 0.20914916401476247 -0.13405975564699446 0.025642343581517846 0.20917698534766727 -0.12709546945418404 0.10974343076036688 0.1268756692311276 0.0 0.0 0.0 8.0
452 -0.09754703568667178 0.05898358715479124 -0.0599133112968977 -0.020288520006184196 0.16925654300364834 -0.04855095734913051 -0.0023731621035972816 0.1404232112611552 -0.017528783673446346 0.15004117476498033 0.18032219001072153 0.0 0.0 0.0 10.0
266 -0.2748132217649867 0.35406485510251917 -0.4872218441538224 -0.05069849099076629 0.548719510707184 -0.34377527566879784 0.08100248886083272 0.6737268021184604 -0.3098905219389688 0.10389062641905311 0.06975524921995725 0.0 0.0 0.0 21.0
79 0.03156652689864492 0.11066303253992604 0.023244225821156483 -0.0033568053200984105 0.06828530133093125 -0.016828001699138784 0.01057207311110786 0.08837887992147664 -0.01297650641163317 0.1494073929881061 0.22462087766355399 0.0 0.0 0.0 7.0
206 -0.1763953523965892 -0.17906488573425927 0.15535188947408174 -0.20923019157925693 -0.28071223710513304 0.06698435711434336 -0.17857330909651692 -0.2561923754040838 0.06254291702217585 0.13405436888860364 0.1509542571376085 0.0 0.0 0.0 7.0
17 0.0034751561983177304 -0.002881824781173936 0.2689656214546581 0.07239985623864054 -0.05064125699089128 0.23821160623459137 0.08824798009488255 -0.028385676592896147 0.24491169938026225 0.19395663837972138 0.22665720493749428 0.0 0.0 0.0 9.0
392 -0.08352686231452078 -0.015059762674082378 0.07235483443704949 -0.03863102573026134 -0.012983565788566631 0.060712803847526864 -0.059112214801588014 -0.03181445208022282 0.07232634288320616 0.18161774339995024 0.11712926267108521 0.0 0.0 0.0 8.0
143 -0.38717396716423536 -0.2667244076816139 -0.09452757162159686 -0.29301273366445824 -0.20926019597691792 -0.08731647652066643 -0.30686754199586164 -0.2148015771873132 -0.12147405481597318 0.16186892219595514 0.13642852980946968 0.0 0.0 0.0 9.0
331 0.2118103923213479 -0.1939495428731498 -0.07249153636588568 0.12357435706256448 0.05260178052950781 -0.12876532783149297 0.15910427667595228 0.15015151768237112 -0.059631076714967035 0.13056318398668731 0.1486232465062302 0.0 0.0 0.0 14.0
80 -0.0989794956706036 -0.1472793255653373 -0.023524856124407134 -0.10766209263143045 -0.12880855933631896 -0.003125044510450592 -0.10286712551915134 -0.14780026014845093 -0.019775853815527822 0.13971220433377501 0.14532480474288112 0.0 0.0 0.0 5.0
267 0.008252156508864239 -0.0008748781321491483 -0.006025875141933756 -0.01929790874154491 -0.01833270183963842 -0.014820356398436707 -0.014879641971666246 -0.0017718692134010006 -0.00620390947945737 0.2215274332970829 0.21190857260820825 0.0 0.0 0.0 8.0
453 -0.025046502974543583 0.021799233544263608 -0.21291175253725259 0.07701298166749071 0.24516092464018358 -0.0662928576760794 0.05655256867826486 0.1956973338627659 -0.0589485895324493 0.14472038846174717 0.1363879139327804 0.0 0.0 0.0 10.0
18 0.05312654807369044 0.12890501593934744 0.10183644109648271 0.04954697173093847 0.020723921520906963 0.01948112842468719 0.04393668007644269 0.041888047854900856 0.0361803035648105 0.17843194552967706 0.18465301732841244 0.0 0.0 0.0 7.0
207 -0.026237858948727433 0.09528137961728178 0.12791171598320172 0.01366500447352581 0.0097190771660014 0.08855345001876214 -0.0035719764615600447 0.01904345028877885 0.06841067100993037 0.14875660121603418 0.11681708649431899 0.0 0.0 0.0 10.0
393 0.06830517394854185 0.04547962311871645 -0.002262631369046031 0.03419911533689124 0.06052057894798035 0.0016679920589008912 0.04059959540923175 0.06517673574820071 -0.0012091625770261905 0.17926381428043617 0.14658210435319088 0.0 0.0 0.0 7.0
332 0.0051247118015544935 -0.006298912392313283 0.01238230154669906 0.014218386799811356 -0.002885267998534502 0.04491056112452041 0.01803602275165339 0.0025353311836155967 0.04622301223816838 0.1669515919219607 0.2023473545153826 0.0 0.0 0.0 7.0
144 -0.16734570066077026 -0.3060976253881965 -0.28639934050139726 -0.14989308267642976 -0.16157738104701036 -0.23425679861259974 -0.08185914612919709 -0.09531445361687152 -0.21757899792334756 0.17242245422317562 0.14226838688430882 0.0 0.0 0.0 8.0
268 -0.06614967780884284 0.2416792763135558 -0.06689956070265568 -0.06643352197634023 0.23473429309643246 -0.18137577293573415 -0.06846391542450847 0.1522854302741532 -0.12906584297375756 0.15779187961205704 0.1916291088756613 0.0 0.0 0.0 6.0
454 -0.1943020905541678 -0.01848659923761531 0.058049981976674436 -0.10153863671175478 -0.14675837369162903 0.04880988559487642 -0.08635459098490572 -0.09893380036317423 -0.008470793227214446 0.17028321087573092 0.19168128537140922 0.0 0.0 0.0 7.0
19 0.029696461126293094 -0.12851142573839214 0.11624174188885461 0.005267043540459371 -0.14999290992285408 0.0794851478237073 -0.002809964090464412 -0.12222348275132955 0.0704150108006052 0.17011272566034663 0.13252534326836643 0.0 0.0 0.0 5.0
81 -0.22635348168113867 -0.22364010089872566 -0.33649439738728026 -0.1153663810980734 -0.18730241637239742 -0.07765007999152573 -0.004630612114182586 -0.13943744164319616 -0.05534216079643184 0.19352754643105133 0.18773115444667984 0.0 0.0 0.0 11.0
394 0.23029388309513954 -0.5742731014366834 0.6309432978896656 0.0954976889256609 -0.6464130189962023 0.3934793315177634 0.09964775276882465 -0.5632759536821589 0.41042356650113665 0.14308792985145882 0.15372433724678217 0.0 0.0 0.0 9.0
333 0.03794825097313437 -0.010276035194789812 0.0721511981965337 0.03389520391700751 -0.02542213085603562 0.06712917840661325 0.028044396137399952 -0.027625287640887675 0.05325930678732704 0.13252479976059084 0.13981976229444867 0.0 0.0 0.0 6.0
208 -0.1279879216575851 -0.06535888902287346 -0.25971015338641645 -0.11248041669800579 0.004856350626022632 -0.21928581089142074 -0.12793464991063563 0.04750292968403813 -0.2528339445252116 0.2156002651050471 0.21231888929415252 0.0 0.0 0.0 10.0
145 0.04741963084566403 0.3888105339922101 -0.1958187525615619 -0.03847310585680086 0.30018234015544 -0.3415985578624987 -0.015190956675341094 0.30046320365168877 -0.3265699863324555 0.13308120744528115 0.10899527669492347 0.0 0.0 0.0 6.0
269 -0.04451857186472796 -0.003372154878501621 -0.275540912380998 0.07279464597418328 0.0587315546107392 -0.0868681380438282 0.06326266787439239 0.13666770252319016 -0.08109715984864596 0.17638887172847548 0.16098867959119725 0.0 0.0 0.0 9.0
20 0.017043659089394092 0.05395485578297121 0.01011945019512428 0.032471464715119414 0.017318601976269443 0.0012894867928345821 0.031076462943329775 0.014661324255907937 -0.0019000852082772246 0.14850201192942358 0.16481319425935265 0.0 0.0 0.0 6.0
455 0.07558665414542332 0.04360605894674663 -0.13570022070627386 -0.08764517106658098 -0.1203229273514077 -0.1254389620222669 -0.028896422628317597 -0.028909349016366215 -0.08119594987896805 0.15701810693349183 0.1178885816783477 0.0 0.0 0.0 9.0
82 0.0768728611638343 0.08508901841147187 -0.11987442001672632 0.10897167386189865 0.09699657300664333 -0.0718301851559151 0.10315471472501492 0.13985991140887766 -0.06730656725402528 0.1682248329591796 0.142334347436046 0.0 0.0 0.0 10.0
209 0.005348745428483737 0.12094266290914812 -0.10239848979575683 -0.04559116247605155 0.04801667772130069 -0.1081077445909786 -0.018803166868312182 0.0807175786162957 -0.12435161111697002 0.14112385200493105 0.14170770757368287 0.0 0.0 0.0 6.0
146 -0.1518682907785529 -0.3983577688190729 -0.15132235918286485 -0.23455147275887156 -0.21409479897507866 -0.09658854852957788 -0.2202004015462743 -0.216692329248668 -0.10159853870005986 0.17519934104781318 0.15319056406656198 0.0 0.0 0.0 10.0
334 0.10654780215316295 0.09081296065347111 0.16927839059174632 0.11251055128178744 -0.05465157696262535 0.23853812799930973 0.1185432357340257 0.037870418155350194 0.2430323133624579 0.1419868430150278 0.18326178894516693 0.0 0.0 0.0 11.0
83 0.004931059772892876 -0.03938597945641065 0.04704208420162148 0.017467590134933264 -0.037456341520889835 0.05295011959810614 0.013266784725809222 -0.040802075865838505 0.04793213452886236 0.1379523847042204 0.1421433087304988 0.0 0.0 0.0 6.0
395 0.4523882767309153 0.4489113687470352 0.6480204380003469 0.189686163455973 -0.21309036337229614 0.3855175545758984 0.17145240791326932 0.006914529380124046 0.17197801600445417 0.11168849235828146 0.20812176943882796 0.0 0.0 0.0 16.0
270 -0.06092745863804616 -0.043254886518666935 -0.08748540794526782 -0.0263601881610962 -0.02451984516135819 -0.08041176879996248 -0.0307627460746287 -0.02946535363702929 -0.0733179169484296 0.1680202722424487 0.18142953145774493 0.0 0.0 0.0 11.0
210 -0.14773438047093812 -0.21624024662533914 -0.08730679388491891 -0.04791897167314263 -0.1674651018739518 -0.036245739905299 -0.05572269121304774 -0.17518076203002508 -0.03119741910848839 0.12237095502915989 0.12706758672922294 0.0 0.0 0.0 7.0
21 0.6400782833053784 1.2961693477082612 1.6757572701253833 0.2968912500854888 -0.07844804407397521 0.342985090633664 0.29477048861959143 -0.08376639156643462 0.34279296288735983 0.13041219704441945 0.15610381517629543 0.0 0.0 0.0 13.0
456 -0.06831839731326872 0.01023215308634473 -0.0477311304368252 0.036876017475607537 0.04988992064520681 -0.00405093174117821 0.06546219162755795 0.0963896370012467 0.021211062276237147 0.1115599600094308 0.14491534920697557 0.0 0.0 0.0 16.0
147 -0.07718876669218488 -0.15509915397957108 -0.09283201550057973 0.02496350606989295 -0.04660527509063184 -0.017597195017224898 -0.010719168191780426 -0.07415722696680227 -0.03649460028602414 0.10737497040786187 0.11027703820330059 0.0 0.0 0.0 10.0
335 -0.03149997547776129 -0.029561493220445767 -0.031794170020625456 -0.021438692858792074 -0.0040470268314495295 0.006071789526352678 -0.028764824827739677 -0.024686475479162695 0.012865887274408072 0.1586131817859132 0.14345303488831548 0.0 0.0 0.0 8.0
84 0.19758236602232881 0.23931590241407252 0.2121931112523221 0.06070659070630802 0.0707644164897725 -0.013956575684065053 0.04612500109107831 0.0966225354186303 0.048900026589065115 0.1713849879407487 0.20182806414108714 0.0 0.0 0.0 6.0
396 0.09672587707028346 0.11833037462271223 -0.10554191149794612 0.11986721605894335 0.15811936475533694 0.02458595744688674 0.07996516909398288 0.14944114275713494 0.0179912591117124 0.17198499670324152 0.19838980634519496 0.0 0.0 0.0 7.0
271 -0.14195986644977343 -0.43764204743471535 -0.01221125449333127 -0.25924782922188594 -0.4949011667280967 0.03718497273312371 -0.26085999575372787 -0.47220731564487983 0.05192214462052047 0.1790335747541301 0.16017212935968247 0.0 0.0 0.0 7.0
22 0.054179374191235086 0.18953052500388456 0.21629750347490861 0.07752577094238666 0.1515762024170808 0.1590404306858364 0.0674375000467331 0.15250626304642068 0.15922393826712078 0.16143601545414185 0.14283947242615938 0.0 0.0 0.0 5.0
148 0.04888532497729137 -0.03000012836803967 0.016990060593865763 0.03162265429356492 -0.03217198899555318 -0.010485952706574375 0.025855804546476957 -0.03971869247888349 0.011357671778335243 0.17201534383302505 0.17717704343930785 0.0 0.0 0.0 5.0
457 0.11619389964175064 0.1183381399582959 -0.05664165306518154 0.05929949254565359 0.11847202365516951 -0.11142160626014375 0.08288878356975604 0.05712145241422939 -0.05509081486604006 0.20027054861434734 0.20757223282053075 0.0 0.0 0.0 6.0
211 -0.3122458712513295 0.03853141551436656 0.1302421194343848 -0.1832031143057441 0.02567482171251445 0.1294743383173318 -0.08562289883906204 0.003203821558155351 0.17832397118403853 0.1602680540647206 0.19629555361761813 0.0 0.0 0.0 13.0
85 -0.030398350334360225 -0.09587064114735078 -0.08239940066156493 0.05615320509808375 -0.030015689223422792 -0.011294472429774993 0.04013002397555199 -0.03380896245456688 -0.024544911131593627 0.12952875024031005 0.13081060353621882 0.0 0.0 0.0 7.0
336 0.022107237316936423 0.004517771540139215 0.05501741443568342 -0.0558025162348087 0.010035656364888013 0.03934585394285173 -0.043995108744330436 0.018289426171986145 0.05773862884187264 0.11411194845677768 0.11508943795198828 0.0 0.0 0.0 7.0
397 -0.01572091067026804 -0.07137095094379653 0.057273826964825636 0.00969368965831463 0.00044489024946736677 -0.02716792190278272 -0.011675647429355451 -0.046141008881246615 -0.012160529006297716 0.1700003376613721 0.10727988963041514 0.0 0.0 0.0 7.0
272 -0.2166041284253245 0.08010665677985984 0.13562879639308645 -0.09876024847150955 -0.09839136139395321 -0.0027493647225204088 -0.08839248125851451 -0.08038350564305685 -0.018868312391967845 0.21980966979908073 0.10230216960213638 0.0 0.0 0.0 10.0
458 0.010810565761281143 -0.0020208121827848258 -0.012954604283532456 0.020971857575944552 -0.02657138395100822 -0.0328184912359879 0.01806372253658406 -0.015204295020695757 -0.03477877080392078 0.15904067069619848 0.152852188003096 0.0 0.0 0.0 6.0
212 -0.0834943439746314 -0.03701244111572444 -0.017882724976512887 -0.025011016052307045 -0.016247344315164725 -0.00966087584751596 -0.029587094230011268 -0.029915239431302254 -0.013020984280544878 0.14685114511416758 0.17002570313633267 0.0 0.0 0.0 6.0
149 0.12405209290097008 0.22410772376988586 0.1279865018470785 0.019685895546545318 0.09467976372298903 0.1863570812433415 0.00803828991801181 0.10681735662807434 0.1454734337159138 0.12937127445384658 0.11715345801572595 0.0 0.0 0.0 9.0
23 0.07104881982904909 0.027184961880251546 0.05840644053093613 0.026645538870039287 0.057033898124242643 0.05096997864676456 0.00644798341852959 0.04478892995782435 0.05556854395415911 0.1365146884538094 0.16739898912486723 0.0 0.0 0.0 10.0
337 0.07921621308640248 -0.13461986410040339 0.015066685984355344 0.04416217369804731 -0.10736151494912305 0.08683462727129054 0.0443092292254339 -0.08741974352236792 0.05104941542114716 0.14349839219752789 0.16153835975343883 0.0 0.0 0.0 6.0
398 -0.01563409257879378 -0.024286463921886048 -0.07544637506005303 0.012903033522420948 0.014244752738713506 -0.0411812060561515 0.007686017072269902 0.00603972760986915 -0.03568150755573052 0.19998627992739965 0.11457621600599582 0.0 0.0 0.0 8.0
273 0.041526042018996456 0.11964632586591306 0.005430225547098377 -0.020060237081919507 0.14886412304993146 -0.01587397944456659 -0.01917455930046097 0.13977663081174008 -0.003489883791156556 0.1641690106542294 0.11701802454191686 0.0 0.0 0.0 5.0
86 -0.07517991520826794 0.09638261394990244 0.0698178780670804 -0.10960794691716269 0.24723489572052637 0.15097561866813325 -0.0971897598199607 0.2945355342234768 0.14579803432608274 0.18369891708814567 0.13949330529795226 0.0 0.0 0.0 10.0
213 -0.00791623760002913 -0.00802549444071654 -0.020111637665907622 0.006587822613900229 0.005626671714005438 -0.006262244047088195 0.006583549780409648 0.005627550631295719 -0.00557179491845361 0.18744971418097342 0.23890355079405173 0.0 0.0 0.0 5.0
459 0.10581568010715903 -0.04297961742255585 0.005307344424170246 0.008824415848828648 -0.07837220004956358 -0.06186011144678205 -0.020933100749185973 -0.10452371711518871 -0.04859351319651162 0.16217466530395916 0.16000181594312482 0.0 0.0 0.0 9.0
338 -0.010392558548049213 -0.03718856241174684 -0.10276196302783513 0.016357980950256756 0.0008792909602859389 -0.06311409968399995 0.02184733828993468 0.02610639282505156 -0.048545509897234274 0.11507015171833382 0.13440304377706233 0.0 0.0 0.0 6.0
399 0.08101396252270643 0.25787431358869184 0.08134988145149569 -0.009399283716775675 0.19478193858905546 -0.17072494914673608 -0.010404821093466854 0.16905536288370993 -0.12927074400300886 0.12733906989911442 0.14249593122237555 0.0 0.0 0.0 6.0
87 -0.12544086925137288 0.0403838928585627 0.12036942695801134 -0.11564982092980147 -0.026754020792501 -0.02902595843028044 -0.10852394779567531 -0.05269506370664423 0.011903382498662962 0.13492673260070756 0.15054867782481748 0.0 0.0 0.0 7.0
274 -0.2734144797487129 -0.29105205175398885 0.034607741829885796 -0.045320167554937285 -0.4045622306171607 0.05792451331930759 -0.06246547470146091 -0.4592355082313767 0.09823906097898494 0.17081525137092743 0.11638849324414086 0.0 0.0 0.0 8.0
214 -0.17133962728932273 -0.19641245070224744 0.19551846207716483 -0.018814703577259118 -0.12766495946615453 0.14449668629545864 -0.04534049023445652 -0.16836374115386177 0.1648839358916434 0.17429024529439605 0.16883497636737324 0.0 0.0 0.0 7.0
24 -0.05941601211913139 -0.1427307127005356 -0.04433429364827235 0.09530121113910428 -0.05141042272391538 0.06503310444786181 0.07436063582632646 -0.05279197679649705 0.026005634674556966 0.15145409886261924 0.1060239817014053 0.0 0.0 0.0 14.0
460 -0.012218658794084125 0.09233115783858303 -0.07075924056186311 -0.01710188894742204 0.12478860272584891 -0.07781828946395275 0.01197504637686242 0.1346888952216152 -0.046084556860121584 0.16455172137247942 0.14181714573192092 0.0 0.0 0.0 6.0
150 -0.06514195371269227 -0.07333776582885365 -0.08650440364510092 -0.015726278053834086 0.026899656609331357 0.08522699984026705 0.015321931648820897 0.010509895413063353 0.043766157837855424 0.12105467672282537 0.10508334707591935 0.0 0.0 0.0 19.0
339 0.1256348478981213 0.13523041082949105 0.1693541128554512 0.016660706858352414 0.04754992003644687 -0.0008996735610714568 -0.012314307249188139 0.0022994969052070324 -0.001364874553753448 0.1466160796442409 0.1298053896753019 0.0 0.0 0.0 8.0
88 0.19133498542953897 -0.028096847568978234 0.05508160555927755 0.12011875298367136 0.013423069484503891 0.056051932821259864 0.12363763683250695 0.006330411037537509 0.06244211323054549 0.1862975215275589 0.1851397215024736 0.0 0.0 0.0 8.0
275 0.04818222562401808 -0.21679818003636686 0.22724506581228887 -0.19659334783971094 -0.3816479289691902 0.030204073228866646 -0.19166353343362907 -0.4191838704350107 0.0818288835438401 0.13552832452138752 0.10497798778530279 0.0 0.0 0.0 10.0
400 0.06340588670943803 0.07846861603030253 -0.09152495707697472 0.18279379524092199 0.2570643237534005 0.09900371253334783 0.1787979666594992 0.26447836769962874 0.14991240913249926 0.1521144682235499 0.13025790085398306 0.0 0.0 0.0 9.0
25 0.024659854388425106 0.029448772335142426 0.03974917145402257 0.010382745923642744 0.053806709907314065 0.029684048012977415 0.012348439063409433 0.04316925283993034 0.03941075024614005 0.13326735536112494 0.11748986175286473 0.0 0.0 0.0 10.0
151 0.02315234732637439 0.020966021168024263 0.19004153538112356 -0.02829357421962353 -0.33509077547956045 -0.1494940594937515 -0.01626234396654247 -0.2781452333624437 -0.14326276702896423 0.1678386375027757 0.13299904129884177 0.0 0.0 0.0 7.0
461 0.03762600109712588 -0.03873862608432499 0.05963899181607446 0.03200794441076327 0.0035045276518292923 0.07504816860533503 0.023529358765046915 0.0016298455240675302 0.07142063392882814 0.14979099416991912 0.15314204558653716 0.0 0.0 0.0 9.0
215 0.20846342462198342 0.018683365088100867 0.14155499300762941 0.18691351096634068 -0.32013921516831456 -0.32413312234796443 0.24484277820374079 -0.2897062681695899 -0.19185906144988352 0.16473693209885343 0.18546181884784615 0.0 0.0 0.0 16.0
340 0.030220410218793514 0.018407777063091046 -0.0032728023982333543 0.053807377477967044 0.07896955340080725 0.013561139866403504 0.04286142103962187 0.0556045069053166 0.015204169025889058 0.12256950459735695 0.11395555660770784 0.0 0.0 0.0 7.0
89 0.07505413125241933 0.03127676255004652 0.1345112893478897 0.0094576353514082 -0.0822815702290306 -0.044972714694896276 0.009099625811761713 -0.08039803799716361 0.0014328038896673778 0.18195439693321538 0.19011818986044662 0.0 0.0 0.0 7.0
401 -0.019864532446123406 -0.007484820121610669 0.006311290198361519 0.028745250639431452 0.016659144815892812 0.08717727300664313 0.028938067893123032 0.023046423280449924 0.09267636227595699 0.11894557213151231 0.16485307096576826 0.0 0.0 0.0 7.0
276 -0.008900315248912327 0.14607322011213886 -0.11546098578977104 0.11315706723704677 0.19923163070193395 -0.12041303154091343 0.09453063913914561 0.18336586775418917 -0.11874462700607358 0.16959745646768964 0.09550665587959828 0.0 0.0 0.0 8.0
26 -0.17012338222172396 -0.1466906920643829 -0.1631085531168467 -0.10130940906672947 -0.11448578936012477 -0.14823096838519778 -0.09342736435637133 -0.14127567892299508 -0.1557839077336155 0.21572100964331523 0.1586399802860907 0.0 0.0 0.0 7.0
341 0.07473319210914986 -0.038760234178942254 0.2646511062149417 -0.013241196432330016 -0.12030892396670445 0.06297624404502633 0.030435202370772796 -0.09198290726530567 0.08527012607178741 0.15387819691169788 0.1898008299164973 0.0 0.0 0.0 7.0
462 -0.052379923442848475 -0.08224310665591883 -0.03661767571038499 0.036960738269292026 -0.04600176972075132 0.004310039307527269 0.019709813474210858 -0.04993573987782385 0.010589227901206533 0.1485349639188063 0.1589062307915454 0.0 0.0 0.0 9.0
90 0.20678697255767475 -0.033240605948647084 -0.05212088578081653 0.185899492419211 -0.059405188946491494 -0.07316129019795825 0.17690868964246498 -0.045599669992948066 -0.0772723818081753 0.18206311393443117 0.20177683526788637 0.0 0.0 0.0 6.0
152 0.009436463334652867 -0.011991046084331547 -0.2810484776287061 0.08239390576196692 0.05545508489242135 -0.13506021620117947 0.07358138435389527 0.06593662638369469 -0.10797750447840637 0.2092331290382646 0.20668117333733163 0.0 0.0 0.0 9.0
216 -0.05787239216036122 -0.10983256477639103 -0.34782154403498466 -0.04301154161548204 0.06949267358256406 -0.2141555775989602 -0.05017071606623935 0.06456340193223098 -0.21394712104646751 0.18064557888881075 0.14848068611294551 0.0 0.0 0.0 7.0
402 0.027854231675788155 0.09648925448584023 -0.11031720647305521 0.027988259942156812 0.07948700456483015 -0.09039185930745908 0.05106882602689233 0.1400586061893898 -0.07733020956946135 0.14822060459638528 0.22757652659137126 0.0 0.0 0.0 6.0
277 0.03320649423673627 0.27273262860268677 0.08921436282048179 0.005365429987131742 0.19806698196758132 0.10875756208459197 0.021003354093597437 0.22399579419796622 0.09337878790369802 0.14870349787023263 0.14144921850285194 0.0 0.0 0.0 5.0
342 -0.05866303526834171 -0.07054159336264465 0.0077564702113881445 0.03318076097662881 -0.009689394709743837 0.08757958639194219 0.02063322539249368 -0.039109621454558985 0.058924433341335236 0.16870646365336767 0.15113977788896069 0.0 0.0 0.0 6.0
91 -0.00910961154448886 -0.12227887906758428 -0.14199518082108875 -0.02895366010174194 -0.06983391827483931 -0.08095617437637626 -0.026495769132409364 -0.0782295419887572 -0.0822882089359982 0.14480352474305155 0.17955977364560197 0.0 0.0 0.0 6.0
153 -0.2137647520792273 0.008047672993139576 -0.19832521008613502 -0.1830117484082393 0.0718265583435227 -0.1974959260609196 -0.17499564464874107 0.04923892841704647 -0.1912304847025671 0.17505863670394461 0.23502969676872515 0.0 0.0 0.0 8.0
403 -0.15321348203860063 -0.3455054833460173 0.227763871763196 -0.2231286909762369 -0.441957351065148 0.1702234327577583 -0.19251519895234315 -0.4155491797915474 0.1797173305227573 0.19409870579415317 0.17507526713681007 0.0 0.0 0.0 7.0
278 -0.0935939384624992 -0.14739896060972524 0.01817322211533412 -0.11872773601704578 -0.15215788678520337 0.005023066846393531 -0.12366968929074884 -0.16151824545144355 -0.011284449089990711 0.17830442049861353 0.1574037354130497 0.0 0.0 0.0 6.0
463 -0.12825540099639776 -0.11776939427917754 -0.10805218152827634 -0.03878648652270922 -0.06866179088081359 -0.04127373910781418 -0.040968315809360445 -0.08084454980031541 -0.02997892652802503 0.18289276022457024 0.1664671364906828 0.0 0.0 0.0 10.0
92 -0.00817933586716657 0.097006990266441 0.098907715597635 -0.10160432558996157 0.10662594919523904 0.08178706112291723 -0.10651227129633467 0.09390401199754539 0.07988200199944018 0.15610746979766082 0.14134837108896126 0.0 0.0 0.0 5.0
217 -0.24264404228059322 -0.18417342097406064 -0.23380223223449825 0.037064125120858105 0.08530447165781907 0.1704723893136857 -0.030167421782308024 0.09007019296767305 0.09123588710471076 0.12248601176791829 0.1382324377789251 0.0 0.0 0.0 16.0
27 0.14342988530119105 1.6574376567990203 -0.8110161085452288 -0.07007436739313677 0.18374603224335528 -0.11143180540779751 -0.08241425070228825 0.18118684528197293 -0.203228882529094 0.09056024752671066 0.16929305045587842 0.0 0.0 0.0 24.0
154 0.024005270394699574 0.05754778709913566 -0.08520226456486624 0.033520980537239176 0.11926708247046203 -0.05288797471259954 0.023793263854425373 0.1103166568735714 -0.04822782850451601 0.15913581799387755 0.13820067330311953 0.0 0.0 0.0 8.0
464 0.24541243759218734 0.08343501017328925 -0.1667006257431407 0.18256743799976483 0.07172097222916562 -0.22555741840590715 0.18656206289487587 0.07440176623013439 -0.23493745183536185 0.12328663330464469 0.14528335085114796 0.0 0.0 0.0 7.0
279 0.029288015368439613 0.0040353270340698355 -0.10035410988271443 0.04038612558823096 0.000847933974342796 0.031561868245954194 0.0652662144007996 0.028427662125150688 -0.003802168534188466 0.1574524383923279 0.16870556736121287 0.0 0.0 0.0 9.0
343 0.058664511712916534 0.13753297278999677 0.02050200270649749 -0.0007313081088554663 0.16116075436631894 -0.0666803707935314 0.007215986646873285 0.13004094627058094 -0.0172239648566318 0.15106384058845804 0.18498954605198586 0.0 0.0 0.0 11.0
404 0.18028153467918706 -0.10838851869582011 0.04561074008980759 0.02118518030601768 -0.13154958491828017 0.009755952035747084 0.017564018523684943 -0.14926278543918625 0.03395884777333458 0.15236690646636555 0.1583050885501148 0.0 0.0 0.0 10.0
218 -0.01710523872433889 -0.034896213365435025 0.036089651585055726 -0.019437635907553763 -0.042556819155263326 0.053416435190437817 -0.03216466521722794 -0.04349570033991579 0.043432413403647674 0.17383929606708584 0.15282737522117856 0.0 0.0 0.0 5.0
155 0.4060088811461613 0.27467800205602066 0.4674437555315605 0.14253427866352109 -0.037326936406558486 -0.097478724134478 0.18103498211372404 -0.016482870110777537 -0.014044640676535436 0.19042208964326277 0.22565399641225814 0.0 0.0 0.0 6.0
280 -0.03499809239173479 0.2605715560708848 -0.1454674076695448 -0.10982303686692796 0.18611280303437705 -0.23414548381985079 -0.18584957613293018 0.11568429327976526 -0.2678652170413347 0.16341100215300666 0.16314794516838543 0.0 0.0 0.0 9.0
405 -0.05929234707232045 0.0006560095262626575 -0.0828008219667441 -0.1554407057480499 -0.022967978219829654 -0.06647566179493203 -0.10802874119761352 -0.027017763245578807 -0.056211836193398534 0.11828824412648008 0.12269384892331128 0.0 0.0 0.0 8.0
344 -0.012843215747107561 0.033094565719087754 -0.12978140440231622 0.02938843259265389 0.12599507280074262 -0.04777806264488316 0.0185345521119471 0.11116643949755955 -0.05136053764469317 0.10474683849228651 0.14315721167639775 0.0 0.0 0.0 9.0
93 -0.10519553287069483 -0.02902042206200539 -0.08965538453425892 -0.06500495196999456 -0.11905810761343005 0.13797835958845894 -0.029499983921097317 -0.016713247832834566 0.06531240879986733 0.14918659592498512 0.2199333818368282 0.0 0.0 0.0 16.0
465 0.03587727850419209 -0.010832056377074739 0.046102450410192786 -0.0014718969334609477 0.015892087591233395 0.01657628278459966 -0.0033808617659538687 0.009192086696323098 0.013298909235642808 0.14703531060607805 0.13375270517283763 0.0 0.0 0.0 8.0
219 0.05311134787154659 -0.260767879081372 0.07311858574784758 0.061926121255399424 -0.01484661058892145 0.12571784157034593 0.07303282676943001 -0.047234913894891206 0.13572743526899722 0.1293505219601201 0.1338953618483995 0.0 0.0 0.0 10.0
406 -0.06581091482390189 -0.09736182626530021 -0.06804417636403659 -0.0016037556120254148 -0.03264757663578233 -0.020093940638277963 0.005917477837839691 -0.022322721125067946 -0.004431038164433132 0.14396599890580863 0.1484660622835075 0.0 0.0 0.0 6.0
28 0.464681315226116 0.4886606335945183 -0.0016997445221316188 0.12530384036486875 0.7226466671420433 -0.3188990969894876 0.18912670497605122 0.699914739206984 -0.23085633229819136 0.13582026835242667 0.14340412960236928 0.0 0.0 0.0 20.0
345 -0.11534799135303198 -0.12158236017459001 -0.1932326118292068 -0.10535618166676408 -0.05105341874648872 -0.1371051876408278 -0.12165341634910365 -0.06791600222091598 -0.13130527113393298 0.19694024862928156 0.22028442345448057 0.0 0.0 0.0 7.0
466 -0.056574941212026664 -0.028141747105603243 0.13096097702541276 -0.05026800269707721 -0.08556721509220533 0.10400280207856727 -0.030887383317814376 -0.05724538365794851 0.1224372625112804 0.18276918588032343 0.13897620911652575 0.0 0.0 0.0 6.0
156 -0.26082098888378447 -0.24827609710183662 -0.06490181259030525 -0.05696453399663781 -0.1978328612814063 0.04642885711744915 -0.11071623567307942 -0.19993529906048835 0.10908338531983475 0.1139348052604835 0.19414211452957264 0.0 0.0 0.0 13.0
281 0.2954634083539134 0.11660825880773684 0.2505611024345409 -0.04637611843175604 -0.1903857020580877 0.018054985881940322 0.03208444100597241 -0.12354703342649342 -0.004448928646184291 0.12572137194073765 0.13307022357957443 0.0 0.0 0.0 10.0
94 0.0667421451888488 0.060520953372660946 0.14927433839840853 -0.10009205590248227 -0.12907046381980725 -0.011414611016981935 -0.01737244233564783 -0.09471245063084144 -0.033214659348319464 0.1600615434722923 0.16520199789298648 0.0 0.0 0.0 9.0
29 -0.015197239346003921 -0.11520990530484199 0.021746196813657415 -0.10057774537713449 -0.15097180237555186 -0.03719057055778052 -0.05998154612075479 -0.14563297126379116 -0.011220047794699206 0.12838005189229354 0.15477999382829769 0.0 0.0 0.0 5.0
407 0.016559091706917828 -0.09286133732433355 -0.008673829733109817 0.018446660250065472 -0.005448579172425805 0.03944678918493061 0.021861536991190977 0.010771124154831169 0.019051580282604563 0.1432188455884592 0.14525226566698402 0.0 0.0 0.0 6.0
220 -0.07873221590575008 -0.02546421964103518 -0.048011673630602436 -0.06324969813288839 -0.009758989809608765 -0.004983082560627294 -0.060153377786080875 -0.009859696442657606 -0.01406423375332222 0.1417473413866301 0.11401357811323833 0.0 0.0 0.0 8.0
346 -0.05834591959729796 -0.13441991779465712 -0.05872768714145182 0.00973517000630042 -0.129651808265416 -0.0498013592584744 0.005534068787893975 -0.1277187111022431 -0.04880476208141926 0.21460714766401914 0.17578819030906742 0.0 0.0 0.0 7.0
467 -0.13211373798678716 0.3749529184785756 -0.3023093161815106 0.03878990893892098 0.3078555822428075 -0.350189402577602 0.05394760251118069 0.3467916742579409 -0.37319251548048105 0.14543978284494144 0.13806886885454778 0.0 0.0 0.0 8.0
157 0.011290586941374858 0.03749737864342739 -0.009834880103572363 -0.02108876863596343 0.013219383863908751 -0.009309195943652537 -0.01481369377674091 0.024956899405472965 -0.023314852065498992 0.1241797823604771 0.12583710625536984 0.0 0.0 0.0 5.0
282 0.13011388329135798 0.06095488966894669 0.29900853578034003 0.19514052285140804 0.0329851918833004 0.25045313888730725 0.21065797416240017 0.04096115411715662 0.24700592269571997 0.15806563704707763 0.19699447158060962 0.0 0.0 0.0 8.0
95 -0.11392280657286169 -0.15944876230668947 -0.024775266686063113 0.020482408500523075 -0.06716250461682749 0.04811779130701965 -0.01355894812611047 -0.0924266642836451 0.0311918764056216 0.11522679266285832 0.14062586374398436 0.0 0.0 0.0 9.0
408 0.027372862761291694 -0.04474166100928334 0.09871326793526358 -0.009922650999890648 -0.06726491027085846 0.0869731376900551 -0.0042987546863745285 -0.05960732018935733 0.09084975268905526 0.18040490397581901 0.19076525999690014 0.0 0.0 0.0 6.0
221 -0.05577239820130164 -0.13416392298177893 0.02766005471378441 -0.061342932970024244 -0.11137532455033261 0.07025286773321349 -0.06195618375531464 -0.1128492086533579 0.050052163892460255 0.1614943300439703 0.1691583905023754 0.0 0.0 0.0 6.0
30 -0.02498629900385141 0.11290074999905708 0.5854696365117231 0.09778775141202245 0.11690258696809774 0.24265036586087207 0.06625309964053838 0.09845594430342386 0.2650627634800524 0.16439258670971868 0.17195869438400108 0.0 0.0 0.0 9.0
468 -0.02567948041797008 0.0707907103259251 0.02383759145790365 -0.04596299706123175 -0.025545789834814592 -0.038063497468835306 -0.05943431534212662 -0.016114499865917953 -0.03811990480120009 0.1111870324865412 0.1023820840092863 0.0 0.0 0.0 6.0
347 -0.05990359466468376 -0.013694032588836946 -0.14811341776374198 0.0017455516468207755 0.05857489531427973 -0.10859423437030158 -0.011491133472291026 0.043168475243708704 -0.1101039702615838 0.1379679105961218 0.1363661824795633 0.0 0.0 0.0 6.0
283 -0.10263638440777512 -0.24553911608983425 0.06884982385105443 -0.07907017387275439 -0.2448134946382199 0.06878408478113807 -0.07537894777219967 -0.24711808933650914 0.06651646609047956 0.19901318737102242 0.21114966350851955 0.0 0.0 0.0 5.0
409 0.11144836643668721 0.05310802094905531 -0.00809572075013143 0.037195477812127065 0.033598625827030215 -0.01645461313918073 0.01986969714599751 0.0033400966925662967 -0.029135277585156105 0.16432332732243862 0.19722245166252517 0.0 0.0 0.0 5.0
96 -0.07824441956117767 -0.08919885614437917 0.14283600908576322 -0.03901956211978985 -0.03797167242844157 0.13276937345886197 -0.047890846051168334 -0.09882873272485226 0.11653553819711848 0.13030747969835524 0.1078910804990942 0.0 0.0 0.0 7.0
158 0.3050454287367468 0.3584636571785187 0.1594311145939511 0.3817281250508535 0.3613103071343464 0.05570200193901309 0.3809444454055191 0.3511243093223988 0.11760494438085556 0.11938982379373082 0.11374433867687443 0.0 0.0 0.0 12.0
31 -0.046979353283890135 -0.02165119050611386 0.05237794184414368 0.010692544532846737 -0.048882134847231806 0.0636673151945868 0.006178491443377343 -0.055963361938966005 0.04120791705405735 0.18327480972786167 0.1730521647187681 0.0 0.0 0.0 7.0
348 -0.038860923239905754 0.08714361530295611 0.004205583817446845 0.0013341843728709168 0.06378759682393409 -0.022525389280136143 0.010276692886230343 0.06256607199894026 -0.03189608507645525 0.154172605922556 0.19359280517358077 0.0 0.0 0.0 7.0
222 -0.06839754352325544 -0.2786860582169386 -0.1904213691490123 -0.06029860834281342 -0.03702413206015154 -0.012645767034440425 -0.04678176620460872 -0.010299095597675834 -0.032290959694668775 0.11185975879784947 0.12311921871538403 0.0 0.0 0.0 10.0
469 0.11337586372227548 0.08484514927747511 -0.174386531243652 0.05864675007867182 0.18878744539117642 -0.09621358210996722 0.04593669633010311 0.1847028227665357 -0.11606494009194701 0.1737376419549677 0.16780239265655067 0.0 0.0 0.0 8.0
284 0.0986107231278115 0.44389484696001213 -0.0728690475146746 0.19942659407842123 0.41313710030442197 -0.14469829797706357 0.17688341474181857 0.4252126356936854 -0.12029672623688037 0.15520244729239463 0.18214332617225293 0.0 0.0 0.0 9.0
410 0.042799680537950024 0.044957836594635925 -0.10502448566397504 0.02831775492187849 0.022383864874730097 -0.09723063901156537 0.044484212581584526 0.04175264370395726 -0.07925720772035749 0.17062239778252544 0.17898777030896 0.0 0.0 0.0 7.0
97 0.06733322645650319 -0.0321445515095119 -0.08831306434507857 0.1481079931762448 0.053507618685276315 -0.0036766229996371136 0.1340729715060276 0.06270788035678865 -0.0029247301115887803 0.1872154504950855 0.12821838561539625 0.0 0.0 0.0 8.0
159 -0.07473030652712953 -0.03293961943052237 -0.04166541798933132 0.07059030576765268 -0.019411105839463594 -0.06675528801389474 0.007512081865635345 -0.1354988714787242 -0.14658201529406767 0.16357651709574578 0.16755911233702805 0.0 0.0 0.0 9.0
349 0.005694194820073051 -0.057153852733800914 -0.017949702705411075 0.051519860393324235 -0.014164502778568955 0.03459670712472818 0.03507409001899586 -0.03755877067435309 0.058845784160077796 0.1465833860480255 0.22576945167893422 0.0 0.0 0.0 7.0
223 -0.12761301832641214 -0.15019269660800005 -0.20051497190369982 0.03422514898741591 -0.07604314392866574 -0.1277470759607061 0.011885918634619186 -0.04926901409555995 -0.11792657119192951 0.15100970496036784 0.12038341598246607 0.0 0.0 0.0 8.0
285 -0.007334234094787728 -0.1287318283729849 0.03676326455549428 0.002491608448096372 -0.1450331402081375 0.011774967316822593 0.002710700834154256 -0.14191192549360943 0.016086244897763446 0.11494152858686704 0.1107809057037076 0.0 0.0 0.0 5.0
470 0.0032100053569481535 -0.02120267811358323 0.08314846548965193 0.024525603264477835 -0.10784244479570182 0.08659320589170871 0.011267034020400635 -0.13041007499207125 0.08217124224052363 0.1566221992672872 0.13889512824529793 0.0 0.0 0.0 9.0
32 -0.08156628044289627 -0.052961616991647587 0.016517905719233728 -0.06856857442982145 -0.0725527834091092 0.025442461374127756 -0.036441746352531945 -0.04992907074961628 -0.015202811994738163 0.15923070835615835 0.2518285133177854 0.0 0.0 0.0 11.0
98 0.1360318960264757 -0.11272182791661933 -0.08294742151310064 0.0810387350442523 -0.07475146462925741 -0.1815318621467693 0.09732537185306778 -0.07852450091393726 -0.16633852942784777 0.131041606621429 0.10040199439046686 0.0 0.0 0.0 5.0
160 0.17075425808919698 0.30692643838874867 0.19615480565194665 0.13069444671049757 0.2789672073790066 -0.03885218784464506 0.09626879383646525 0.18882353919745243 -0.018397646741483697 0.15792231187340472 0.1737884513625082 0.0 0.0 0.0 7.0
411 -0.4180317892392039 -0.10918742359759859 -0.035564111219058114 -0.05130774125823656 0.0925959912796861 0.1388501595314291 -0.06688468199110997 0.05032736609459465 0.14332291852579848 0.13418051229467495 0.12449683885767412 0.0 0.0 0.0 10.0
350 -0.1489418569067802 -0.08748934553766252 0.04406918569675411 -0.16386581303679693 -0.18159647986667815 -0.081190926878146 -0.1705763163567744 -0.18188178869750316 -0.06084473587371053 0.17397028606493656 0.2266369450062257 0.0 0.0 0.0 6.0
224 0.13115402884688399 0.4523877919508361 0.20520091016111008 0.19810528143391748 0.28589685754414806 0.07356233802512624 0.15600989486097516 0.23516377563560042 0.07349743283086574 0.1409016183987714 0.15866917875501657 0.0 0.0 0.0 8.0
471 -0.16754378384708624 -0.1436788338409194 -0.0849356370459271 -0.08155464522629396 -0.12249990555339918 -0.06361936391855061 -0.09499886576714012 -0.09815183552945517 -0.07436508025792588 0.14819834096571324 0.2585644161414638 0.0 0.0 0.0 8.0
99 -0.00636849362834957 -0.0007824296821680177 -0.02797825637511764 -0.017955978368580316 -0.024045894982003824 -0.052816742910509085 -0.017976765278441942 -0.02402808885713481 -0.05445297577572006 0.17337173485304758 0.21695389575802457 0.0 0.0 0.0 6.0
286 -0.02619469596222046 0.07218637389366567 0.15890230060119825 -0.1063313965031989 -0.09497920732557674 0.06365579839998237 -0.08089298425828384 -0.06532376066350998 0.05060061905866897 0.1149168961542775 0.1429221412627431 0.0 0.0 0.0 9.0
412 -0.035188078384918664 0.0343339281070969 -0.1449668267808818 0.15226144177939305 -0.06400776067473535 -0.05719339040182869 0.16640374943183223 -0.10905167509789482 -0.024448069789661964 0.18638585713075542 0.1691418324584822 0.0 0.0 0.0 8.0
161 0.006074795329624294 -0.07841155167460367 0.06040515802162427 0.014773949609429682 -0.006389194593642289 0.05525592936259849 0.005490026964429795 -0.04731058815617861 0.07270977924437294 0.14107679461805997 0.14354406567236452 0.0 0.0 0.0 8.0
351 -0.07330189034440349 0.40458064415723816 -0.5046126319830275 -0.026249264180175924 0.4975900778771025 -0.5119270227267367 0.09439686299921402 0.5105009958760138 -0.6041020488831845 0.13348673223526455 0.14132737903147624 0.0 0.0 0.0 10.0
472 -0.011554124107706287 0.004549410929539643 -0.007312686214337671 0.01069225331521828 -0.005927738249760117 -0.023787838970465658 0.0054015837540288825 -0.0008125399420609858 -0.01684793410194252 0.1110652862709414 0.1013634239384025 0.0 0.0 0.0 6.0
33 0.5835207857707361 1.312819036219457 0.6340996443399525 0.5048956120950829 1.179247535562387 0.5355402262018172 0.4505783483024093 1.0048260483546376 0.3869130338928872 0.08329775991366642 0.09635077393138984 0.0 0.0 0.0 19.0
225 -0.13195043499701098 -0.11465561864306473 0.02763825725286395 -0.06567701456719721 -0.06744236789084468 0.09037920760826057 -0.0834061052212478 -0.07583793132202699 0.07685030092357881 0.18009847631244394 0.1532166846178123 0.0 0.0 0.0 9.0
100 0.19276276778174606 0.20541257461953633 0.10268119653799479 0.038358313122585974 0.029865623055316703 0.022644862339992855 0.050447689835405596 0.044825254395436165 0.004075111057544323 0.1186608724216164 0.16261272410828903 0.0 0.0 0.0 6.0
413 -0.0634953362976568 -0.020301498774927818 -0.05712001471916528 -0.04055695018446559 -0.010575536183186851 -0.028662020793023046 -0.04255138647305823 -0.018998932397781276 -0.0383552262299901 0.2089384652553381 0.21808942902650455 0.0 0.0 0.0 7.0
352 0.034017292996544324 0.04618851536044355 -0.015774505895865598 0.030487937699400725 0.07177805433034279 -0.013066455486349882 0.023809698050406114 0.04098202715561006 -0.010617241666936783 0.19419475766064045 0.2431757425483248 0.0 0.0 0.0 6.0
162 -0.09349616113985193 0.19833383714567465 0.05032062680290683 -0.11800770614917855 0.22197239702587845 -0.022661780847790913 -0.07421696172776482 0.20926292368685528 0.06026605074947211 0.14950325827389038 0.14029770900742702 0.0 0.0 0.0 7.0
473 -0.10175460557377669 -0.21278154108939729 -0.10944784615764824 -0.06993178791430399 -0.16201951674353976 -0.06901309755504703 -0.060115299630284946 -0.16475388701278615 -0.07386292019109764 0.13744735822208132 0.13480267857872316 0.0 0.0 0.0 8.0
287 0.41466340844956107 0.6271728455274361 -0.09161672016395161 0.18548292140158673 0.5884534169163382 0.47108954100994826 0.09184931810422947 0.4306675336632533 0.3916609734845966 0.14235005981011617 0.15090783496811785 0.0 0.0 0.0 12.0
101 -0.018189121253600393 0.2234844581221036 0.16630875338883122 -0.044804316796171584 -0.09577570255451051 0.04908365549145555 -0.005262477636029161 -0.010559221412306585 0.06663916928493041 0.180105773296711 0.20270718754862868 0.0 0.0 0.0 7.0
414 0.15927747605329046 0.20699088748057948 -0.014975595414108311 0.00623521652644099 0.07449219353229641 -0.07052210145433668 0.021572527188906676 0.07821172361192352 -0.08317697483855657 0.12770388608823482 0.10315456678261306 0.0 0.0 0.0 5.0
226 0.13794723779993734 0.19731350472395248 -0.24513050940364112 0.1849107842286526 0.48925913627237594 -0.16826517673850416 0.20994946535411518 0.5157016886217696 -0.14882726324725237 0.08701953647491167 0.11460591139085029 0.0 0.0 0.0 10.0
353 0.046215854796040956 0.041107348405656774 0.0645530386843427 0.06036003082965191 -0.01281599696772795 0.028875048256539193 0.046995226043620164 -0.027453104377540227 0.01310942716617447 0.20662246016034871 0.1946482401434344 0.0 0.0 0.0 6.0
34 -0.12646768645523343 0.10356080492886277 0.03108574428555899 0.05917636476314714 -0.11890533068567644 0.2415630282939969 0.1532089611323939 0.0773215840066892 0.16727948181011243 0.13086456182819942 0.13018083642479603 0.0 0.0 0.0 11.0
102 0.23684713290624004 0.37638481995406825 0.22566494894868927 0.1680494340479648 0.2928037711504794 0.09653891748420507 0.17519354827358402 0.2133534411638358 0.14681034820584093 0.11583827412952281 0.10425987191155486 0.0 0.0 0.0 8.0
415 0.19303282714620296 0.18891101342823013 0.25618159730641943 0.13272732944695798 0.12087221697720008 0.05252772744058354 0.12527047732754282 0.0747733836484874 0.15174576431318676 0.19336201144989887 0.17771766389131316 0.0 0.0 0.0 7.0
288 0.12331504268121662 0.07073313452134555 0.13700326632870907 0.1105145325147201 0.07704535477638874 0.14148389722583876 0.10904215963716712 0.06742136965045398 0.13546059701394042 0.1606181205386279 0.1693950476309234 0.0 0.0 0.0 9.0
35 0.03264586580421658 -0.061652905015244674 0.22576259750462357 -0.14394466032046693 -0.1163110588106997 -0.016911434378659496 -0.14086356019228174 -0.047063060864381945 0.03753227411889215 0.1837024326193756 0.1745565756468145 0.0 0.0 0.0 6.0
474 -0.06871162450294477 -0.07228395173794866 0.2848653407640309 -0.05148773855974176 -0.16338595994152727 0.2320097619040078 -0.02156341154131236 -0.1646880122308818 0.23564958618847842 0.1363922547937215 0.1225203055641804 0.0 0.0 0.0 10.0
227 0.13182170570332352 -0.19555757368514015 0.29620633260256435 0.18576883964811874 -0.08808446021206018 0.14945341571296655 0.1879602784675225 -0.15191568491192875 0.1841326963053984 0.1877431549038302 0.1715848569806852 0.0 0.0 0.0 8.0
163 -0.6480660795327332 -0.028219957659180173 1.1352236337948107 -0.14931121770366695 -0.4415009359471068 0.966995045794887 -0.2153177734344649 -0.5980125622993477 0.6738918019506026 0.11234723627670434 0.11604141738542503 0.0 0.0 0.0 21.0
103 -0.010687006665677123 -0.14467760017724696 0.009379688705031475 -0.010149833178934808 -0.24129749374169673 -0.04347404026239576 0.006210314572408393 -0.22778251748788902 -0.016289431472822802 0.1677524692757309 0.1394762418178613 0.0 0.0 0.0 6.0
416 0.014488756767512712 -0.02516800059833546 -0.014185803408543474 0.021451234031670152 0.0034052563265170033 0.006298874687707956 0.017902276761103675 -0.013196583880363266 0.0026274515750723815 0.1221366036931966 0.10095662115255137 0.0 0.0 0.0 6.0
289 0.07066963097416812 0.04639082177363174 -0.08502790848982555 0.05392138711672101 0.030479600725108247 -0.09809785468566012 0.05151015336180653 0.042449070590804716 -0.10298063496667453 0.24706284854881078 0.24144771116404756 0.0 0.0 0.0 6.0
36 -0.0007989578943252695 -0.13598006059432377 -0.09826108009917645 -0.0016010024023178637 0.0624981486955285 -0.022103906973932275 -0.01810163259190456 0.035891383589298 -0.018112448611897647 0.20042926448626397 0.22258733000598843 0.0 0.0 0.0 7.0
475 -0.14407988278002126 0.08733155641386037 -0.23050457690951132 -0.04710966737944311 0.03593671724785863 -0.24599220274327183 -0.05665375576369447 -0.014972757112899915 -0.27355549425649006 0.19405752766504097 0.2002904544463366 0.0 0.0 0.0 7.0
228 -0.012840724255988922 0.01345839681687333 -0.029776800687996263 -0.02016443736180995 0.00012934952988041815 0.03452773487936622 -0.013700002247027498 0.01916430758055121 0.02254288281658523 0.13437262383906598 0.15387042297334252 0.0 0.0 0.0 8.0
354 -0.11746179794737155 -0.010600992327367331 0.03586341936633475 0.06294361860434927 0.11568749396679623 0.13753835586217966 0.04534286944712096 0.16104258363723956 0.10347705980040645 0.14047995344208453 0.1445272003692247 0.0 0.0 0.0 17.0
104 -0.05661532159713012 -0.03775376137221753 -0.2558069255443093 -0.102756594879022 0.01439576935736575 -0.23737560891118348 -0.08897760100635788 0.05021711639283222 -0.22096149348233196 0.15550752172312526 0.17122956600245773 0.0 0.0 0.0 7.0
164 -0.09589853471420873 0.25663000999094354 0.1256678623762828 -0.07119088716179744 -0.022671602187508744 -0.002762833540514431 -0.07534985093568969 -0.02671649865429515 0.04836612939928364 0.16391542883427962 0.20673481024199997 0.0 0.0 0.0 8.0
290 -0.08356688164774662 -0.05079509505449453 -0.077052824623565 -0.09462511401905316 -0.0037700728521150584 0.06163096878818175 -0.10481826172332487 -0.001744368706192323 0.042005694397934334 0.19124689803331835 0.14478482440932894 0.0 0.0 0.0 9.0
229 -0.07077427225049049 -0.05550971716493436 0.05481557367193335 0.019686591264541864 -0.021644894641842716 0.08686422383640324 0.003352902079423181 -0.009099813419010228 0.10975433589540029 0.14570157176490986 0.15512470146586027 0.0 0.0 0.0 6.0
37 -0.06054652906100799 0.07367482290426497 0.059865652971091476 0.02963667455596153 0.12920323066442996 0.08384792099509664 0.03527202717064615 0.08360404590491255 0.10148590624696974 0.14700612117280099 0.10644212471447373 0.0 0.0 0.0 9.0
355 0.003394734874962335 0.16204785988102954 0.03629201918243541 0.11276550254901885 0.13148729754018484 0.035681088928873894 0.15383083217420412 0.12151488165577184 0.04507594608421073 0.1525471924780047 0.18484432221202637 0.0 0.0 0.0 7.0
476 0.35986571930984157 -0.36275235980867604 0.37971494165764486 0.1301039775965449 -0.4187881966725433 0.5626676609028225 0.17869247025611923 -0.2763619830927475 0.5664164908018818 0.11256195548036484 0.1674649679854417 0.0 0.0 0.0 13.0
165 0.19559209503296193 0.11551315307205146 0.19690927656899615 0.04921255392041313 0.10761198480363632 0.13372895773560978 0.04897216577640351 0.07223765573048158 0.1273214898642916 0.13378751606868391 0.15685223685679386 0.0 0.0 0.0 5.0
417 -0.31498617467073897 -0.5465311959127921 -0.16047707706909042 -0.2368436005773007 -0.5201925165263936 -0.002103151362995659 -0.24413229195001307 -0.4631498080927938 -0.0015953462213414982 0.188279526619349 0.2253431204381524 0.0 0.0 0.0 16.0
291 0.003788567494323658 0.12744643960980584 0.025599824372186886 0.04798415738374051 0.0716088949611331 0.028900609400065225 0.046554525680841286 0.08040320384176969 0.03842502214899457 0.1632824523509481 0.1700168061679602 0.0 0.0 0.0 6.0
38 0.00661643790322719 0.15257142412357982 -0.007968912513687587 0.04959778332266218 0.17615998796913712 -0.04150467107724076 0.050413217143217226 0.19911569031721466 -0.03290181631253819 0.16858256903558877 0.1668853005324881 0.0 0.0 0.0 6.0
105 -0.007039173954475397 -0.006230206237712865 0.11826961580563422 -0.02021255056400073 -0.057467192739305006 0.04089957626717955 -0.008257096964081612 -0.05660832788903969 0.053068671994352945 0.18523212264789063 0.18876260832474662 0.0 0.0 0.0 7.0
356 0.015195804884965414 -0.06917704121837753 0.06793834369772678 -0.07175792660158298 -0.11422776129468082 0.10377930171863503 -0.061709144459703213 -0.06903407971303832 0.08892960625556667 0.18728482444975691 0.17632952932318194 0.0 0.0 0.0 8.0
230 -0.19842633756359718 -0.5430708142068692 0.0838310617259892 -0.10362673127585975 -0.5891654482643829 0.1708013950901912 -0.08286659498436577 -0.5689330077166606 0.13678500741721655 0.17496650149446802 0.17477443161098752 0.0 0.0 0.0 12.0
477 -0.14493461485864223 -0.1986400591367542 -0.028133950061415613 -0.05446380485211988 -0.11418499803669258 0.13196378139563647 -0.056670313667404604 -0.14227764805458976 0.07794437756332573 0.13297769135054455 0.13732017956609446 0.0 0.0 0.0 9.0
166 -0.13447304328282172 -0.24894652964852504 -0.06710701486920367 -0.09726266186889299 -0.256737239061964 0.010567987045633664 -0.08760151588516563 -0.22233199871359743 -0.014462271946501293 0.14097925167071684 0.17396217568673145 0.0 0.0 0.0 8.0
292 -0.059765343049175024 0.18629234605943013 -0.06779344344793858 0.10698056671640965 0.22050573772455095 0.04677776195592376 0.09749794539324186 0.20834906724905689 0.028693807634739832 0.09712994429782451 0.08994052867970012 0.0 0.0 0.0 8.0
39 -0.10489890437945204 0.11694691559137893 -0.11869354227329754 -0.15670614800676574 0.0031318427775501867 -0.16138566124456855 -0.15086018530877499 0.012218415144771733 -0.16110077055786354 0.14634977558795959 0.18100354353429562 0.0 0.0 0.0 6.0
418 0.3608338238764608 0.05252674255640666 0.05757710957043649 0.09362879650688871 0.0336866666660649 0.04915411851011009 0.11592876070817604 0.009826946354172028 -0.009459262740806995 0.13679892782836767 0.17679352632210701 0.0 0.0 0.0 10.0
357 0.01778609805570075 0.10538320889856068 -0.04226642886554077 -0.00955209477968022 0.07420872584416394 -0.06814002466029478 -0.0008250639627374046 0.05962683822952908 -0.06387137607013715 0.15814306273906 0.17338071218283904 0.0 0.0 0.0 4.0
231 0.015204387398211505 -0.015762688728331198 0.01715639035263239 -0.00733935065239788 -0.024799944790866557 -0.019124595172509973 -0.010426707325882578 -0.010225347414741237 -0.02347887635280299 0.15388208429943095 0.19675494251086467 0.0 0.0 0.0 6.0
106 -0.030501630278892966 0.10648570283812209 0.08526583222244444 -0.04863062998554457 0.12914495011854443 -0.05994154610076963 -0.0830746445898426 0.04553414566226377 -0.03697057851954377 0.1425433079891241 0.13188140295517886 0.0 0.0 0.0 11.0
478 -0.13592117759151146 -0.48127164359224284 -0.31680677277251235 0.013828616873315491 -0.4882603371421034 -0.1511470228163293 0.05583806123277113 -0.5013705897064009 -0.15176792997887023 0.15031308537514565 0.20006074121131148 0.0 0.0 0.0 8.0
167 -0.01733940580782023 -0.08761346499255629 0.0019313628906219016 -0.01576977283248948 -0.08205465803874412 -0.003952187603358914 -0.017925684184224466 -0.08488436274110955 -0.00958875609749632 0.1377373771070873 0.19472417107415652 0.0 0.0 0.0 8.0
293 -0.10077435289745151 -0.04233129637142963 -0.020109209610554846 0.008220933817143283 0.013464473124216614 -0.013103539304732736 -0.070045041794083 -0.09723429815746776 -0.035134618611680324 0.11010254829518817 0.10777832561106497 0.0 0.0 0.0 6.0
40 -0.1758753230623823 -0.146830492099028 -0.29960816605341045 -0.14718580678817383 -0.07955927870558588 -0.24040383653436803 -0.15166453429890725 -0.12722534620533588 -0.23134419353195157 0.1544099850365075 0.17881313686680578 0.0 0.0 0.0 7.0
358 -0.07400012548152213 0.4068946579554442 -0.06436732840523218 0.035647408556655824 0.389348391276217 -0.036202419365046645 0.03982833539535968 0.41186015617886884 -0.011114523993090764 0.1556588067395477 0.13634481820296795 0.0 0.0 0.0 9.0
419 0.41377605630432446 -0.029840141101602713 0.019387747389111976 0.02692002563866991 -0.15698335957430665 0.030904531242542665 0.03894586705222891 -0.13754962007020388 0.03778864251717606 0.14487207709495123 0.14898142887862037 0.0 0.0 0.0 9.0
232 -0.035793497691564924 0.013271805684755389 -0.13193679226161026 0.02126630821645481 0.06785701152387213 -0.03420627852918967 0.015099879206365685 0.05248737272217241 -0.052816724996285536 0.14664012424507983 0.14273809273811303 0.0 0.0 0.0 6.0
107 0.009023174089862085 -0.009643383109150583 -0.01053833695229145 -0.002713188032637981 0.022519788291107012 -0.014471890876641247 0.003236288984554525 0.015937580757426906 -0.006608690029315967 0.15868486134123982 0.1691126473677255 0.0 0.0 0.0 6.0
479 0.16455827967178327 0.17696690715216645 0.07014268882358898 0.09445029389467341 0.09310830050143526 -0.027199862109392625 0.10278507918713897 0.10006940428147759 -0.012040927055441908 0.11911175665275012 0.14721778473254998 0.0 0.0 0.0 6.0
168 0.08211683654564372 0.09056906994734781 -0.12729184062427823 0.0365159588133519 0.09397138750324796 -0.16042496200914924 0.026102098286658215 0.08274189631516449 -0.15847743448255447 0.1736199301422573 0.2361089077722962 0.0 0.0 0.0 5.0
294 -0.05575160955949454 -0.09311444861030893 -0.015498444277130874 -0.014501312159897028 -0.03322519807804081 -0.02560087934652433 0.0012461046789435937 -0.021061690576117176 -0.03467648117781075 0.12262973098469296 0.11538112077834498 0.0 0.0 0.0 7.0
41 -0.046799177499577405 -0.2194448820150412 -0.09172893383247571 -0.054478600078184836 -0.2527823500776789 -0.14596124976829095 -0.05770658472611623 -0.24389887822921863 -0.14067660603752852 0.1776645730603369 0.12253244390192679 0.0 0.0 0.0 9.0
420 0.17524478640353958 0.12221647905898392 0.24309608825049112 -0.01497397187504168 -0.0038611580972450765 0.08880908826677447 0.02591431872525085 0.03579508030048539 0.09173151674555124 0.24492701837344252 0.1709350946324695 0.0 0.0 0.0 6.0
233 0.03239558482191307 -0.0391388274187896 -0.05921105868433041 -0.025907033348447017 -0.01903568792134913 -0.011307503701274535 -0.01671199612112373 -0.004319781776682574 0.006954345220480551 0.15398920542280428 0.1410938462843078 0.0 0.0 0.0 7.0
108 -0.03236691681111503 -0.10234885738547483 -0.07117199293593546 -0.04017368637587726 -0.049739605889990934 -0.04386525689189347 -0.03215572590961813 -0.04890061342728036 -0.04117023755178695 0.1361034525891383 0.16339648176454358 0.0 0.0 0.0 7.0
169 0.015046741552357856 0.11732418585995452 -0.09475551685460226 0.00966985445029489 0.07605383630073104 -0.053427160934577334 0.008974077934017721 0.07794934382000673 -0.06284165398462171 0.20580032749959948 0.22901858077432527 0.0 0.0 0.0 6.0
359 -0.09670688530105775 -0.08802286743344956 0.02455489463399818 -0.08976575975276757 -0.03850544065726014 0.055214891380773734 -0.09285180011790228 -0.04898942246537763 0.056402758841140876 0.11712980509654039 0.10797102469433287 0.0 0.0 0.0 8.0
480 -0.12618360268608253 -0.11833991990160131 -0.0022003389121202366 -0.033554151429475376 -0.04195246583350232 0.05625598337923954 -0.028231086463930466 -0.07544016289087851 0.09866901185278132 0.138188974135274 0.15834877367987793 0.0 0.0 0.0 9.0
42 0.008753630919481115 -0.049003595653812626 -0.044691888134773206 0.0010889776133837792 -0.04091281804323088 -0.0060984906883522205 0.00615502740158913 -0.03338339963316317 -0.010182395096197117 0.14665192835059346 0.1205003167963771 0.0 0.0 0.0 5.0
295 -0.17856194959933436 0.16497861513628065 -0.022413038588091183 0.007237509708312162 0.10995549763678114 0.031804985702848176 -0.050401949625399345 0.13921597614361803 0.05445784539513876 0.15652522870002808 0.15676643097267662 0.0 0.0 0.0 10.0
360 0.016817737631048546 0.10548723378077307 0.44869010289189193 -0.08445705821912208 -0.12749741807953197 0.24525190223160775 -0.07694422313591187 -0.11161097441536516 0.21853454868749522 0.1055027713036385 0.10433994365597023 0.0 0.0 0.0 7.0
170 -0.0132082658360696 -0.023074804549965355 -0.05611836651806312 0.04672685409275523 0.019525271870764804 -0.03155600808595682 0.06794733840174771 0.07683064601460932 -0.02947047735383046 0.16793132541390113 0.21053693129528003 0.0 0.0 0.0 9.0
109 -0.009726472821859011 0.04340558674957351 0.10555102874537048 0.0486608336326404 0.029705338347753907 0.10849694121545239 0.0030663129530363875 -0.04871447351876235 0.09980180069769373 0.14337605810538712 0.18177297585929691 0.0 0.0 0.0 9.0
421 -0.15419368226883912 -0.10674832325742512 -0.17019470824612393 0.09743176943778309 0.014970162224865247 0.1794094929504333 0.07232687804780102 0.0026669458443708827 0.1385247577688402 0.09997383931359512 0.11114601623274305 0.0 0.0 0.0 14.0
234 0.1722517685950058 0.1360207370231339 -0.09341350817041771 0.2628912890933912 0.3434792801276987 0.11160261109109038 0.2628071820982494 0.3574021636117166 0.12802760150544357 0.11363798449229583 0.09864376587569305 0.0 0.0 0.0 13.0
481 -0.2751667685516457 -0.31742508095376165 -0.06540734205543652 -0.24287165576627967 -0.2722728759911498 -0.04238504300051682 -0.20102360953245324 -0.2780755938709213 -0.009364111738702996 0.19277125846210205 0.15811670861504448 0.0 0.0 0.0 7.0
43 -0.07860833812626178 -0.03630655266060012 -0.006261674692677577 -0.07857827147331198 -0.0028113655239436763 -0.06040571420683827 -0.05248873826463207 0.07973225426355968 -0.11763084557307979 0.12997034324472984 0.11966807434480496 0.0 0.0 0.0 7.0
296 0.02301156637869295 0.07660147313221044 0.10744290948028912 0.0627850639864509 0.08603237684005882 0.11937860385474153 0.03666673923622987 0.08331236896747174 0.12059181220783244 0.12849123426267123 0.13772676804514827 0.0 0.0 0.0 6.0
361 0.0005075976154931272 0.01607906681743776 0.025871018420711378 -0.002714903125606072 0.014198142721722595 0.07090407360058526 0.0036408896977884186 0.04244329916875178 0.07550507976604903 0.15152554675769844 0.15298677476768088 0.0 0.0 0.0 5.0
422 0.11529382160584789 0.18353192593737955 -0.07192985197394786 -0.03354443040449506 0.06248054233455003 -0.06752585621342666 -0.01314021197590498 0.10189442153114148 -0.08662268894177316 0.12336805534749641 0.1818507608484384 0.0 0.0 0.0 6.0
110 0.031491648620457724 0.011799679470485325 0.05774736087483112 0.00845634950559071 -0.017375431471003844 0.03281792738423217 0.005494570598308712 -0.018081015009830725 0.0314212475130069 0.12430472498479103 0.15316100170929253 0.0 0.0 0.0 6.0
44 0.020334685845925238 0.16144554341512274 -0.06384201191296535 -0.0019888492644800637 0.13542864042799496 -0.09724951879130317 0.0019844250041229916 0.12389474425737834 -0.08896728698035106 0.15063060603189113 0.12547603576693364 0.0 0.0 0.0 6.0
235 -0.21227803350060515 -0.1682415995278611 0.20170193396146008 -0.10355111112273674 -0.1974085667389638 0.14281676165470225 -0.09081704749528663 -0.15962160442486195 0.13855744615214394 0.17945461414001868 0.20536493704460235 0.0 0.0 0.0 8.0
171 0.023812926504996224 -0.224271950069861 -0.3043204412864854 0.13793646942129079 -0.061596334151040155 -0.05660168894769335 0.09519071619340558 -0.09744638778442105 -0.024007752901465618 0.17023951496465933 0.13429293044597912 0.0 0.0 0.0 10.0
482 -0.04779592980796499 -0.15095693974975355 -0.1739557105746583 -0.01878524366467038 -0.1158659266494132 -0.07007469197412863 0.0014285521842243298 -0.09129049458710914 -0.10524744079943993 0.21762423665991196 0.17618893566827895 0.0 0.0 0.0 9.0
362 0.17856288842524215 -0.1722400413313564 0.2904644563460932 0.03914568630233095 -0.17663896599854711 0.1078177325528058 0.005408440356039934 -0.19030135977443052 0.11979360866753064 0.11017317486647203 0.15409813448836973 0.0 0.0 0.0 7.0
297 0.10605623684711096 0.14340919500007687 0.08256463032881767 0.06995686860348238 0.09448003730339982 0.05418821031361398 0.06751532756882739 0.12097445830790399 0.04626389832033495 0.17088482170305 0.251560677864535 0.0 0.0 0.0 8.0
423 -0.03277083480199916 -0.10862862535148676 0.01465879727070818 -0.028921164771936958 -0.12628602766164887 0.011468281112762657 -0.026519259346364343 -0.10998055910744675 0.022605634562549826 0.1040440433419253 0.12781553746474597 0.0 0.0 0.0 8.0
172 0.1491474180941572 -0.11120550767231019 0.010185922522653268 0.005351752425731382 -0.18281666382773998 0.03432549572076815 0.022129791300563362 -0.1498731935654074 0.022881394360057428 0.16731685391083856 0.13274544152040285 0.0 0.0 0.0 6.0
236 0.0052451175726508925 0.003963714851195066 0.1105249690788721 -0.04565592043469102 -0.09186465889636108 0.04603112631044515 -0.049441669716756786 -0.08559543042650064 0.026277294392848427 0.1572429147231 0.1148174002233699 0.0 0.0 0.0 6.0
483 -0.0012836401047470192 0.0005952564696092288 0.03700654888019117 0.039743287659161686 0.022720884503892202 0.013883304811568298 0.034993423482217345 -0.002726165286069504 0.02708650253913092 0.1508130169483818 0.12706062537285423 0.0 0.0 0.0 7.0
45 0.037308726051344276 -0.09427634638964844 0.011147513547484111 0.004165449665525012 -0.060445070221766484 -0.010825979319466605 0.0023489369544931193 -0.06780834474885933 -0.02196675958905847 0.13932870966454788 0.10702748230045915 0.0 0.0 0.0 8.0
111 0.013757819087578227 0.0679539375497209 -0.18457930820237978 0.1068195263220395 0.04752680398839759 -0.061387833091849586 0.07823321371482095 0.004421975868286632 -0.06749496571636981 0.13583692572192196 0.1307755925198021 0.0 0.0 0.0 10.0
363 0.03885357828832059 -0.0754657664321462 -0.03339370168386557 -0.0036466878290370985 -0.09979505437836922 -0.04866438658690386 -0.017855630154755886 -0.08025337319298065 -0.039887155980990796 0.20058811072894406 0.13739363689858164 0.0 0.0 0.0 6.0
298 -0.06610262309820447 0.11172781547460264 0.11442183373463344 -0.026603225147675214 0.0902059049075139 -0.013915847764709999 -0.051215963159302325 -0.01629637257505412 -0.06364176439133507 0.1715627888249955 0.19894353442398433 0.0 0.0 0.0 7.0
237 0.09983624388616974 0.07180331941223872 0.1281198123994407 0.09888051513682994 0.0876139319711855 0.05935145005322218 0.09550383546307106 0.08449023993156812 0.03682840571683532 0.1168529329079577 0.16152704410230662 0.0 0.0 0.0 10.0
112 0.10084837207536768 0.13109151210839465 -0.19460365112199962 0.10058109777021884 0.15975447298790568 -0.17793319468561752 0.08563027422646852 0.18492667103176053 -0.1782090407251723 0.13489613513993307 0.13513288041070567 0.0 0.0 0.0 7.0
299 -0.09442403842018021 -0.03263149260708231 -0.04428128130832887 -0.06518410753452064 -0.02411064942719421 -0.038124783124542594 -0.052194611059353635 -0.009966490023895491 -0.01501963170531384 0.14280000421187933 0.15556386710742912 0.0 0.0 0.0 5.0
484 -0.03003287862354964 -0.05951074746875429 0.06345594374871899 -0.054834772083863004 -0.2518403684507411 -0.007722705142960695 -0.04806855397570109 -0.21554905604492614 -0.008246155577206093 0.14644458267492197 0.16205512168218106 0.0 0.0 0.0 8.0
424 0.07132764995799823 0.02361874725901081 0.027018890838289344 0.03243793240012427 0.0332119684646075 0.027103413986441893 0.027147488016691756 0.035240642761046104 0.012774261157059819 0.12182713016065991 0.1413480759450458 0.0 0.0 0.0 6.0
364 -0.04373492981219762 -0.00956611684970654 -0.04195872685266422 -0.021173194046474775 0.011787572189492446 -0.009520061273883162 -0.04024449329069135 0.017350158720888853 -0.017657255919318326 0.16546799504575316 0.16045843754598724 0.0 0.0 0.0 9.0
173 -0.04661908254450564 0.23690900872867449 -0.5130617862668732 -0.018554175551954377 -0.02556670651606585 -0.12925206275227996 0.030845425685062322 0.30238887295863814 -0.08572448855309645 0.14305327217586153 0.12932548543944022 0.0 0.0 0.0 14.0
113 0.004183664168831758 0.05559135944284721 -0.032731517409287925 0.02088083705330912 0.02562738625350769 -0.08498201090017776 0.029401844179679948 0.026732397168311994 -0.05957033426104763 0.14048328747788197 0.14732517401692166 0.0 0.0 0.0 6.0
238 0.21686933397151775 0.06837812721217107 0.001865803585039405 0.09521995880861822 0.07210182315599489 0.052270032918014575 0.06415672760249569 0.0716528630178428 0.041740801977226294 0.19678463303058377 0.198366432809317 0.0 0.0 0.0 7.0
174 -0.043474146833927474 -0.02614407338125546 -0.05980233901911136 -0.011213745585480717 -0.042993374985004995 -0.06519455771642857 -0.015261502795271165 -0.03847395947115728 -0.0666303333474566 0.1436752223291257 0.14933101695837933 0.0 0.0 0.0 5.0
485 -0.2864151522272821 -0.8036810578133025 0.023325043885224828 -0.24176263424133648 -0.7747748677929638 0.11517780916946352 -0.2640006486538533 -0.7924723245003247 0.10335255073675942 0.18606781873001457 0.15004989599937238 0.0 0.0 0.0 8.0
425 -0.16018255330521414 -0.2251970630158543 -0.14976801299617937 -0.059002586449882766 -0.16166140885204583 -0.07667501669722376 -0.04953641091833605 -0.15323650014240853 -0.03973987741445362 0.19573539622649594 0.177617401135591 0.0 0.0 0.0 8.0
365 -0.01337118765337808 0.07292716418542167 0.024120858257862476 -0.005988252458980825 0.030645189905547987 0.03557680775148153 -0.012105246939678183 0.026277153054065527 0.01940192961596554 0.1705953797595011 0.14481772729199432 0.0 0.0 0.0 7.0
300 -0.18904714897870933 -0.2649505011781189 -0.01580600772005525 -0.06088838383279738 -0.1186143362309795 0.18315016528962524 -0.08947341185866486 -0.12446564817288519 0.14774329427278055 0.18796725442390544 0.19386338903403796 0.0 0.0 0.0 12.0
46 0.1982355831968623 0.005846608284260535 -0.14049894704437194 0.446567066630976 0.4731490239535927 0.5266723947514438 0.3587214421026732 0.5363334593026046 0.3709664663966563 0.12355341529908276 0.13549985976910256 0.0 0.0 0.0 31.0
175 0.12069715036772033 0.3253431936941389 0.07008374738766565 0.003185766676141677 0.19685106693258603 0.0036214679138419914 0.012127700743360004 0.19580750885711384 -0.0019315975041034328 0.1603612010407746 0.16240834645879113 0.0 0.0 0.0 6.0
114 -0.12108125358749033 -0.12378110511150908 0.012848698729025498 -0.07296972343400743 -0.057749072007706514 0.048104662871427006 -0.0799985531210714 -0.07765456645906621 0.057951616684956075 0.14466086283198373 0.15151368914841348 0.0 0.0 0.0 8.0
426 -0.029148523257231607 -0.026742425448725515 0.07097993906193811 0.004173136932076771 -0.06467738639117793 0.09365699427282603 0.00392464574169904 -0.05223657002888504 0.0833472933450845 0.22459929592083902 0.2589998524681362 0.0 0.0 0.0 6.0
239 0.16749654484624998 -0.18000434365293794 -0.004978484165229835 0.12617423543582373 -0.13088212267509436 0.052449657106561354 0.11330903024024574 -0.1301583181423781 0.05498581884193898 0.15375875655342755 0.17139609009269893 0.0 0.0 0.0 10.0
486 -0.2141099830182892 0.08883145288807182 0.10624982899166002 -0.1493052482585986 0.16603709997037175 0.2026271516574223 -0.14077505862216644 0.15732323302374285 0.22788765182966597 0.12647353139411074 0.11030762824922276 0.0 0.0 0.0 11.0
366 0.0031605008070880736 -0.06355157324312954 0.09060194400158572 0.12270501990357285 -0.008378925379820656 0.08394325284422854 0.07303306069898419 -0.024502268680059558 0.08242861170768112 0.12110540351286087 0.13347808460102129 0.0 0.0 0.0 9.0
301 0.15777996075734513 0.11394737771053487 -0.08569348246436337 0.19119218629637702 0.33057795733105344 0.06821528687013445 0.1473779665874546 0.2867368157412702 0.016270257174854308 0.11678858519899789 0.1252706208605228 0.0 0.0 0.0 11.0
47 0.07774710459248846 -0.014346897640017398 0.02225797868736601 0.03915227550923772 -0.017340419425248776 0.017734542191429892 0.03812788854079763 -0.026388280278382248 0.0147682222448704 0.21371622701416396 0.17308043176031437 0.0 0.0 0.0 6.0
176 -0.04333584508834831 0.18597548798779884 -0.1683548764769638 0.11740612010494367 0.1444005710752525 -0.043097184276768896 0.10763140911392366 0.11275628399688631 -0.06169729666596935 0.16719853873961496 0.16406822477038027 0.0 0.0 0.0 6.0
115 0.10372812133846288 -0.05638477004065767 0.14977767817616372 -0.0586250470890014 -0.13366841123944662 0.06406129026644725 -0.02959049216567755 -0.1550456565267152 0.12569562975220538 0.16473872088950794 0.18515977383191298 0.0 0.0 0.0 6.0
240 -0.058834650940268185 -0.10732809479235039 -0.04970779068664943 -0.08314802592213022 -0.08737591178955795 -0.04706128118585773 -0.06370399110615266 -0.06772353538703901 -0.03433849319638316 0.16069961412571276 0.15021077657623277 0.0 0.0 0.0 6.0
427 0.155390303053772 0.013818594767882608 0.309169856525112 -0.037429293190301194 -0.05321117701981071 0.09621304024493482 -0.06018752612136502 -0.08375869478238229 0.13714198165008273 0.1272433935022869 0.12352540273721412 0.0 0.0 0.0 9.0
487 -0.17427906469247845 0.1894483659845334 -0.33097379311321473 -0.1416074666653211 0.15981524756087762 -0.3075765437111154 -0.16828042222400086 0.14659655523107928 -0.29284980711417974 0.18034846695105974 0.15778898708715408 0.0 0.0 0.0 7.0
302 0.04458265126768457 0.2283460105575159 -0.208365893970614 0.06286758948534232 0.1845583350362221 -0.23632494177189856 0.06657055652480337 0.1906666100988652 -0.22519946592384577 0.14014297009303525 0.15295110328481706 0.0 0.0 0.0 5.0
367 -0.04694304946046712 0.06423616768351281 -0.03525641450795891 -0.016520213544105156 0.09340884242769953 -0.024344771862382375 0.011128681364546589 0.12288911271781666 -0.022388297902958487 0.13378657647442918 0.11704403557447478 0.0 0.0 0.0 8.0
177 0.045712757954336825 0.08773910199580204 -0.03156066718332995 0.02815837681764033 0.060295589549514084 -0.06293676564056727 0.01247882173641468 0.052204071859961454 -0.06290591519368738 0.11753662524006746 0.12425360820153526 0.0 0.0 0.0 6.0
48 0.07132744627481591 0.0929305683791668 -0.06425827784174387 0.007816696841075776 0.08522987724338726 -0.07949104433697018 0.005438686798805437 0.07113038025769303 -0.07002671107816716 0.16436234954018225 0.1437565913115923 0.0 0.0 0.0 8.0
116 -0.017882596894934544 0.13032021218565415 -0.2093354977490528 0.017064314061787877 0.1310414832210307 -0.1923742199408892 0.04855779844377439 0.12207185578844815 -0.16764394429917773 0.18326776731403413 0.15459510874165072 0.0 0.0 0.0 6.0
241 -0.32899066958080925 -0.28854046344795414 -0.10937471518318576 -0.21059113985612077 -0.2876078251508749 -0.03355400171780365 -0.2009982696252709 -0.27205678620139895 -0.03911936579847364 0.20023186015412733 0.12057284758754182 0.0 0.0 0.0 7.0
428 -0.12489686332610583 -0.0636385532273045 0.14794514775988654 -0.1160618139637507 -0.05765412214458154 0.15873304072839156 -0.10858474755786551 -0.06240522573788532 0.17409876150427195 0.16228784353847064 0.13247166323807083 0.0 0.0 0.0 6.0
488 -0.0202835209101776 0.0994460321216839 0.09976946573551548 -0.09764312150458476 -0.032392176428586605 -0.036041629434362954 -0.07749581231216729 -0.001878478509918069 -0.038825303550787504 0.14909164329654268 0.1284301131502247 0.0 0.0 0.0 7.0
368 -0.07683626665971877 0.1767189677108605 -0.14463048099804177 -0.09539274923541496 0.12939069768502387 -0.17868919919168824 -0.07640770571661315 0.12913623554971143 -0.17449445540906772 0.19934825209749313 0.17070713089726292 0.0 0.0 0.0 7.0
178 0.14804695036887217 0.1853506882679905 -0.14181821960282126 0.14842007334537333 0.16485617936461927 -0.13773057581612236 0.14421710274813715 0.15425354890347664 -0.13943479811481563 0.1951814426837404 0.18037265664687877 0.0 0.0 0.0 6.0
49 -0.02137100915457213 -0.04799604527732526 -0.06100313645117328 -0.017866354962967623 -0.016038078041679338 -0.037519473911229895 -0.016599675064504105 -0.013661503559189159 -0.0382964936209198 0.15571610489233673 0.17850551021120828 0.0 0.0 0.0 6.0
303 0.3146003348058688 0.6159615371263572 0.5570440564507593 0.2633035538635802 0.307647037628868 -0.02054938470281309 0.24797967920971664 0.3281286064240694 -0.047190876000650306 0.1427628850169331 0.1220184848695275 0.0 0.0 0.0 9.0
117 0.1638012273789171 0.13348409995065946 0.055222296095456036 0.0930260420348421 0.11674539590009925 0.02265855810970785 0.0921445161842227 0.10957096326487203 0.02226710044708269 0.10794199168402784 0.13791741156528847 0.0 0.0 0.0 7.0
429 0.04207427287297483 0.016958203465268218 0.06549460839565335 -0.01005493565832194 -0.0008677948600838148 -0.00818614079541069 -0.01337905811320439 -0.017356912042201023 -0.0016479507272405547 0.13361650171510622 0.13954185168952282 0.0 0.0 0.0 6.0
242 -0.13322780921072097 0.00619737311399593 -0.05225523702820134 -0.0467812553812873 -0.012260246293977928 0.00952403013774239 -0.04966841836649494 -0.030402757088168753 0.020929032136970838 0.15929761550552785 0.19225820636453297 0.0 0.0 0.0 8.0
489 -0.0019170109391396517 -0.048280307008429446 -0.03467414345856179 0.07518837420455071 0.02965854035495541 0.03163348084602413 0.07428348297179133 0.034737321103243346 0.06372966017637705 0.10988164416813981 0.13228364852384353 0.0 0.0 0.0 8.0
369 -0.008389266413663776 -0.07436084573369584 0.03341271862857198 -0.029188599097681456 -0.069303722381452 0.034000654272450914 -0.026672861842777396 -0.07072380610627627 0.03370378471283786 0.15483021163140195 0.12440518261690846 0.0 0.0 0.0 6.0
50 0.00725980768011758 -0.018285165980552742 -0.038493706771137504 -0.03670754184641978 -0.04567056791436397 -0.03694710919994826 -0.03129379065475102 -0.032553773370947 -0.043864697948969744 0.17668447444537827 0.17647494242534356 0.0 0.0 0.0 6.0
179 -0.007997000368952345 -0.035474109929051534 -0.07910311651912805 0.006118320128144061 0.009462042845269858 0.004038552760225356 -0.004761782294768091 -0.007976599768181436 6.898885610695515e-5 0.14864918833731022 0.1249350855882899 0.0 0.0 0.0 8.0
304 0.15867356434773394 0.11174495839225651 0.1599803142067 0.009206084459032482 -0.004006270001969847 0.026680200264382226 0.02653795138388948 -0.01319390787588004 0.04533051706025448 0.15648915544826072 0.1409738772962737 0.0 0.0 0.0 7.0
118 0.06797460983598924 -0.07443315801379724 0.091739846298867 0.015379138003325687 -0.08137030752374763 0.06743481993014488 0.02261755349558947 -0.09969822587574151 0.05727687688379679 0.17155592847494025 0.15014837580112064 0.0 0.0 0.0 6.0
430 -0.16718160108417912 -0.08974662159360447 0.14067989151901927 -0.0874111235908418 -0.09450080005104056 0.1317849964577411 -0.11253296102314769 -0.11468196504658978 0.1262433850314404 0.19564009860083678 0.1954237865809582 0.0 0.0 0.0 7.0
243 0.03504458219598705 0.1268619784370577 0.3126906372638405 -0.08034567567429307 -0.2040493761011024 -0.06394258824216348 -0.08174904620492718 -0.20468682046411113 -0.0048044700892752035 0.18035994328589386 0.22695337265072796 0.0 0.0 0.0 7.0
490 0.15853490005282267 0.09528979923521841 0.08648257259223469 0.12119234214712016 0.05758799705329398 0.04214492774736911 0.12665354972342402 0.07855577736331432 0.05680690462910043 0.13572560355964022 0.16806713971098164 0.0 0.0 0.0 6.0
305 0.20906635490205683 0.28126716501752047 -0.0610508495516926 0.04866712106007709 0.18716714443189542 -0.08712602627619292 0.04327910505734556 0.20445844433029414 -0.08007865543155834 0.11574328379449861 0.13074739185534306 0.0 0.0 0.0 8.0
119 -0.026178949537820406 -0.11372634299368678 0.02508866615693206 -0.008048697734270416 -0.09935320005796278 0.052898397381880846 0.006661865690632984 -0.09695144098548936 0.04850451386751242 0.19706811161634538 0.26423348301058647 0.0 0.0 0.0 8.0
180 0.1665458214741926 -0.12497857189554096 0.09723688782762063 -0.06956741813484002 -0.1639262528687112 0.08930526559621077 -0.06023164663388347 -0.13185965808079914 0.06720984458512436 0.15973943712156982 0.14896258597671405 0.0 0.0 0.0 9.0
51 -0.06596654422039305 -0.18565290573626414 -0.09296689807128611 -0.07642307216693822 -0.04310617430190844 -0.012455566831252818 -0.05128823994371512 -0.025524818082733436 0.002395906393799274 0.08756780436023459 0.09149083842550203 0.0 0.0 0.0 11.0
370 0.14039762672363576 -0.03680300195215347 0.11115463234084388 -0.01922379936829588 0.13607269166815672 0.006825968952074879 0.013800456763797486 -0.030485778234063177 0.059679999770537284 0.1422682549316787 0.15510892573457366 0.0 0.0 0.0 9.0
431 0.016884604923445234 -0.03616336283895549 -0.0489593830553684 0.019556510026291996 -0.012718229821513716 -0.015525250653718792 0.009035924938712192 -0.017579913099046163 -0.04006004026635013 0.14615653443817217 0.14610030864468243 0.0 0.0 0.0 7.0
244 0.13574088073283286 0.11950849512162653 0.016493487967013998 0.06402604349430474 0.07491203803898072 -0.07681986094986148 0.0714450942686422 0.07477419819847397 -0.07135801372985928 0.1291940112981695 0.17982614109284337 0.0 0.0 0.0 7.0
491 -0.07972203017247292 -0.1893925822729432 -0.1864461107736456 0.03248039146018411 -0.037789469764561656 0.002702000446757502 0.016946556208301322 -0.007261367498204163 -0.002977983664199879 0.13141058516327983 0.10543792144019427 0.0 0.0 0.0 8.0
181 -0.010293877507392968 0.017501699897038092 -0.08448668949229354 0.002008581855472702 0.026738857520480552 -0.06903830312243964 -0.0012443538582709301 0.028651624836839362 -0.07894801262108386 0.16871505191701025 0.16611464404477666 0.0 0.0 0.0 5.0
371 0.04655598397235394 0.08029161306393284 0.054802976514565005 0.01750660677626037 0.08114071103127518 0.07565321268573943 0.012151785290620998 0.09294600582168244 0.06364867270868713 0.17601745894372717 0.1681167716716501 0.0 0.0 0.0 5.0
52 0.041143583312063914 0.008372096988694233 -0.0394893268780091 -0.0040877581434126675 -0.030485002146598106 -0.06519732656343269 -0.001289337842449667 -0.03473358997897957 -0.060137437772100566 0.16273393334848496 0.15262242093768147 0.0 0.0 0.0 5.0
120 -0.16674686640213487 -0.11548148791959312 -0.17403981973513116 -0.11605747249903742 -0.08018176148320677 -0.17788842967092489 -0.11348736657057801 -0.09695648139744972 -0.17096811040455673 0.16605778327431117 0.19161534634745195 0.0 0.0 0.0 7.0
306 0.04517277312915957 -0.07339203976237041 0.013298211804918969 -0.0012475871280527295 -0.05801898497404501 0.009119335128007666 -1.85898314344346e-5 -0.06117195558418176 -0.0008201581679549985 0.17032948420754776 0.1772369249417644 0.0 0.0 0.0 7.0
245 0.035937133574184044 -0.030912842451830347 0.0329492922973591 0.028220918215581703 -0.037432442058640714 0.05131700316481402 0.030218190274309498 -0.05880554707093777 0.04363448163768946 0.16937668574440726 0.16979247161018213 0.0 0.0 0.0 7.0
432 -0.14272478341885986 -0.13259230637573638 -0.0858318916519566 -0.1173769633434586 -0.2158594453996906 -0.0570044010193661 -0.11421916248553199 -0.17083230338803146 -0.07739459850295194 0.16949480880459533 0.20313546655522202 0.0 0.0 0.0 9.0
492 0.0928891182571916 0.0016269913342590314 0.039354687088944074 0.08156251935145975 -0.00031862794683990003 0.044766549616125806 0.07499953757149336 0.004774346448014777 0.03547751683144473 0.15663733930042503 0.1541340146463698 0.0 0.0 0.0 6.0
182 0.05043400931241737 -0.07589736191764829 0.051943722485148 -0.109602456268585 -0.08388304953272885 -0.08222621237176253 -0.08399696350083752 -0.0950298957016038 -0.06804628912280075 0.19080086719138784 0.18815179428448908 0.0 0.0 0.0 6.0
53 0.09027397439621287 -0.1069978879665866 -0.06987330545351267 0.06862202496554626 -0.08920366846309824 -0.06323341495937451 0.06808944909865078 -0.09181630489505088 -0.07184610448197681 0.1680221911423359 0.20029770660800922 0.0 0.0 0.0 7.0
307 -0.034847037546947734 -0.025605231623470726 -0.010222455354473747 -0.00037145434728647064 -0.01704789022325892 0.021833530435114046 -0.007074089832862729 -0.021665642798537332 0.013554009886172613 0.14097580424750253 0.18280917436980032 0.0 0.0 0.0 8.0
121 0.24912444396341793 0.8309092631392654 -0.6993858656321599 0.17234869177371404 0.7113102402955753 -0.5994497488389996 0.14443916019201364 0.737054616927624 -0.5952947223875729 0.11788285418768264 0.13217083149275943 0.0 0.0 0.0 8.0
372 0.24396128263790406 0.21592323143192793 0.12963991146571052 0.07458484360477491 -0.09051912330463796 0.08749311956204564 0.07089390103477755 0.027957148319135205 0.028285711449556494 0.17729301306369227 0.09893338299653197 0.0 0.0 0.0 9.0
493 -0.17615666800871543 -0.22251338091806194 0.019042051898808365 -0.11924871178184748 -0.20633487447177634 0.09141761327968356 -0.12583383238839396 -0.21711510987078075 0.10846526903887121 0.12805442555070634 0.11042881111390557 0.0 0.0 0.0 7.0
433 -0.1369344848000671 -0.0742083306518242 -0.05613113282438764 -0.039577876407110635 -0.06674105330643598 0.07575724554338881 -0.045062371734601925 -0.171925621526829 0.23219003722307918 0.1178941457166992 0.10097539752205202 0.0 0.0 0.0 8.0
246 -0.22233171378762662 -0.013269963763507975 -0.06801195608072819 -0.07215855253955017 0.07662290328669652 0.17784212817858092 -0.06278626791946007 0.11060281755388424 0.06420520217254122 0.16582300542951073 0.23377069141291004 0.0 0.0 0.0 10.0
183 -0.06557798056937147 -0.2449688790363913 0.01253552025371496 0.01119875275622606 -0.17931480983495351 0.1024764215489673 -0.03507780626725043 -0.2335806450682847 0.041201615654147705 0.12912410827690746 0.12732356548624604 0.0 0.0 0.0 8.0
122 -0.07717981316364575 -0.06014090944919781 0.04367319303577455 -0.05592527653767898 -0.07546819095853963 0.02594965773348079 -0.04514782111207494 -0.06122349750539424 0.036278163366051386 0.15858122751939427 0.16663940517136971 0.0 0.0 0.0 6.0
54 0.04764046200579397 0.10712563616920256 -0.06646064501898252 0.047330097802557924 0.125964812696302 -0.04476249985060987 0.03269880920341195 0.10227970752524818 -0.046345676887523335 0.17245629654784025 0.14129158605826958 0.0 0.0 0.0 9.0
373 0.12886165169626618 -0.028429906247340653 0.4259775290939327 -0.04004052115152501 -0.20391813156991012 0.15093427639998902 -0.05365786505352599 -0.22543878592680422 0.18445876528384275 0.16226374039506372 0.1804357513232983 0.0 0.0 0.0 7.0
308 -0.21877475245538391 -0.33185026953096675 0.20705751382014048 -0.08631177791869649 -0.3147843703481533 0.3118980370242539 -0.05899408706118814 -0.2344770544169752 0.3196361488173989 0.1430215932594143 0.11070328693818586 0.0 0.0 0.0 10.0
494 0.17245849576715755 0.08834056653553368 -0.07006672307421757 0.09908862870638813 0.10776777727264775 -0.1037557605649767 0.10182904457124242 0.09095478909358357 -0.09557189633236851 0.17850969217022755 0.17835587271818365 0.0 0.0 0.0 5.0
247 -0.010521414156767772 0.0027346596389674627 -0.003637896552915576 0.01300304794222984 0.026450814023411873 -0.02196777893940427 0.008473933857204186 0.03322463955988586 -0.026940873443682567 0.14831168185586666 0.16186263668287482 0.0 0.0 0.0 6.0
434 -0.011056007489439579 -0.14312993425257525 -0.06909030389308479 0.05160583529578 -0.08564108917672131 0.041101384365572535 0.0422030267064355 -0.08345666874897895 0.021740985338528418 0.13948351451578161 0.10970261025132612 0.0 0.0 0.0 9.0
123 0.008548821097035253 0.002553109357232408 0.04461893775398673 -0.0399910472440872 -0.03425227107881501 -0.0018439910022826078 -0.03097456016707456 -0.03608489146674987 0.004496930411793443 0.14421205512989888 0.15489177267195947 0.0 0.0 0.0 7.0
55 -0.07037441640933084 -0.10338683146835048 -0.1334443178029625 -0.038835994502396165 -0.06514246614101893 -0.008538180717489796 -0.07826600649588411 -0.07728361881629486 -0.0778704961653135 0.18109068639916542 0.16397062376531124 0.0 0.0 0.0 8.0
184 0.0037688518448524277 -0.5755159802442744 0.3739151187469796 0.16425006654024288 -0.25886052166602525 0.20389479471314287 0.14432610398356394 -0.2545899357597825 0.2516762072304428 0.13542690285632947 0.12939703264626026 0.0 0.0 0.0 11.0
374 -0.03464541415100808 0.1335120056187995 0.08903082948382846 -0.004091325259757195 -0.011900646875842469 0.07442759463614324 -0.007052101453092874 0.06773409085381332 0.050956770129603646 0.2092828173350149 0.1565142038588764 0.0 0.0 0.0 9.0
309 -0.00959360495670436 -0.1142899649528688 0.02538775706815999 -0.037561538440292974 -0.13640847972646541 0.007160627906455108 -0.038232920153808525 -0.13787643646449588 -0.011187885173593037 0.14208271576477696 0.15801221876752436 0.0 0.0 0.0 7.0
495 -0.019214509828404114 0.07587762896564532 0.09726299467304655 -0.003480117400930016 0.01178426834653612 -0.021634770965982097 0.001033289882729438 0.014040570109016715 -0.0455151428634295 0.13558891738227738 0.11248856930181558 0.0 0.0 0.0 6.0
248 -0.025568644982298605 0.0022494957455927445 -0.10650988867810851 -0.033736816436735095 0.05150305097374841 -0.0806474973588105 -0.029197154432259786 0.050136920956523 -0.07482874651899585 0.128448532046438 0.13645949128824097 0.0 0.0 0.0 7.0
435 -0.38046668457072685 -0.1881782935514278 0.22554116691429393 -0.2042188167494836 -0.26744522843929475 0.15817396664503547 -0.23058792955821905 -0.24037137199707193 0.17897585653424186 0.14719536103357644 0.10950549891731538 0.0 0.0 0.0 9.0
56 0.002777356291587596 -0.0418043660596541 -0.03120922884764843 0.021991519388791403 -0.091804310665627 -0.04832622799431596 0.02383964868536026 -0.0692804200390027 -0.0410091040625965 0.16237480248859948 0.28341304116039356 0.0 0.0 0.0 7.0
124 0.17296322007791853 0.15448676074960965 0.1282598545931617 0.11015498734967655 0.05849649393414613 -0.07067426730929005 0.10387269518131204 0.07981331603657438 -0.037479390540375745 0.17748138628059318 0.16132788542446674 0.0 0.0 0.0 9.0
496 -0.037294606320209645 -0.08320263454871135 0.044740041766551775 -0.033095990346761806 -0.14195465360454818 0.10940187614942398 -0.023354442646815188 -0.11942582351844011 0.08491711759822751 0.1719226275393619 0.15080546549380774 0.0 0.0 0.0 7.0
249 0.10208815618102629 -0.024322970894233187 0.0944568941854933 0.015863811893684465 -0.07025853345866473 0.03655208251495545 -0.027937343641525003 -0.13774165967503393 -0.03029185103036436 0.17926405785905916 0.15793469555350487 0.0 0.0 0.0 7.0
375 0.06498591610296334 0.3773522948667958 -0.02542501351451265 0.043634125059977436 0.015500653153483368 -0.3893790019160661 0.11291331726745524 0.09737280103231671 -0.33034930757887104 0.1423394732202773 0.12307820863831138 0.0 0.0 0.0 10.0
310 0.00439940714546827 -0.14299836240346986 -0.10643565279304446 0.06989746721515178 -0.13365111694421516 0.0031027086085650968 0.04591697008472462 -0.10343231733940594 -0.00652971430568372 0.19642940514731888 0.16103333681112275 0.0 0.0 0.0 8.0
57 0.10384366652444754 0.30648282574373065 -0.0820365659154062 0.1296172088643046 0.3083264928493439 -0.0755953585726008 0.12377302066817641 0.3127167216451294 -0.06492004859914768 0.16731859741364707 0.14165750603937788 0.0 0.0 0.0 6.0
185 -0.0843155771960814 -0.2611220908567041 -0.29504283277318843 -0.09349030011094883 -0.14673665688582138 0.0476319219664636 -0.1202064119785321 -0.09097157946671153 -0.03764963130249932 0.17295886737331181 0.1813204812575478 0.0 0.0 0.0 15.0
125 -0.046384023802016006 0.08736348913200342 -0.041800348499586804 0.02832016605909038 0.05772755831761911 -0.0021572119389183797 0.016258787666152408 0.05519266507553611 -0.013114900622733683 0.15488448476293531 0.21008138500287815 0.0 0.0 0.0 5.0
436 -0.10462361255831942 -0.06972540210688116 -0.07571394499395534 -0.1095428443643035 -0.20737081567405646 0.07117506921269334 -0.14521737386582545 -0.21308180666200383 -0.027746183465038765 0.14861093017017282 0.13665152120110138 0.0 0.0 0.0 11.0
376 -0.08017015379381642 0.020334149560081727 0.060549946383018804 -0.05197078608909411 -0.03272139362508897 -0.023516274452204944 -0.04506267497569594 -0.044428543766587336 -0.00022443271519012598 0.20205193427106619 0.2329451517832828 0.0 0.0 0.0 6.0
250 -0.0430715912403814 -0.3561338657841966 0.08320990022314945 -0.21989666538327213 -0.4136967594948201 0.063821928851159 -0.23917885421732776 -0.4435166324785219 0.059955757947965926 0.16299555834397822 0.13442430010114187 0.0 0.0 0.0 9.0
311 -0.08120855304184649 -0.2206610577591963 -0.07807651553152828 -0.18297995111010168 -0.12404848612398245 0.06707178617842158 -0.19913333844340375 -0.12402668283498164 0.024187223793816548 0.21242737246953194 0.17754069167347136 0.0 0.0 0.0 10.0
186 0.002502701108507255 0.09709414575154107 -0.04247466692559898 0.08978885571901629 0.0926744216751283 -0.08428206968413321 0.10214496900062553 0.16537860680813488 -0.12542210362343698 0.13012082412881096 0.17404605783442326 0.0 0.0 0.0 9.0
497 0.20314013227541272 -0.2515966507552386 0.23419563143188848 0.11594763677490416 0.011901651098849886 0.2232143382947731 0.0817038151161944 -0.08575644397355286 0.20013830703001956 0.1526790079134502 0.1230735962829129 0.0 0.0 0.0 17.0
437 -0.024753880766734793 0.13262499128857352 0.04098050437075651 0.0518241079955859 0.042569674827271475 -0.03389352919146027 0.009619032957120854 -0.01813070324249888 -0.019286920824934328 0.18366787047636146 0.20145152371670677 0.0 0.0 0.0 8.0
251 -0.1858720811738831 -0.047757711951683324 -0.23071512354463286 -0.04158955283524757 0.07155441336177448 -0.1977849703983574 -0.1574338069265846 -0.035734591256891934 -0.1836139129716018 0.11262920876351805 0.12153499363476213 0.0 0.0 0.0 9.0
312 -0.016238728004840608 0.06929408629213252 -0.06466940318826264 -0.02376340608452332 0.030745609051174183 -0.08254051718236288 -0.057818740295259685 0.020864380809880956 -0.08226987655784601 0.1946514717105975 0.1560248557219984 0.0 0.0 0.0 7.0
126 -0.002351610055985165 -0.25011995862240144 0.07208193893479686 0.20687532214661886 -0.1207311335782667 -0.23856402924401932 0.04962085900590574 -0.20927153886199346 -0.1607983022201126 0.09965786072288688 0.16555318061007882 0.0 0.0 0.0 21.0
187 -0.09364857669023197 -0.08948638940341869 -0.10503127157373138 -0.0728292421839658 -0.028425338882253848 -0.018536344359413426 -0.06981957493295543 -0.03353604468787852 -0.029256466490306887 0.21230612870827784 0.199134358576185 0.0 0.0 0.0 6.0
252 0.0027453693685930425 0.1346644855362109 -0.004454029088967859 -0.01167518834834258 0.145689188274569 -0.0043046058758100525 -0.016686874421516396 0.14262211307823702 -0.008696248884029978 0.14669659372519914 0.2647126184891695 0.0 0.0 0.0 5.0
58 -0.318269233945618 -0.25940023330639783 0.10245202186969138 0.3191654493767617 0.2800753428081315 0.6223293837975805 0.3125752205684895 0.2744410955455916 0.531709522556141 0.0990844920379325 0.2455719998682796 0.0 0.0 0.0 21.0
498 0.09013347582557318 0.05434121801505687 0.5290671441533685 -0.15241537002588335 -0.09329802090844164 0.13585542799909112 -0.16133017609702904 -0.19941572093445104 0.19196388142939602 0.138176015971829 0.12716511609743555 0.0 0.0 0.0 7.0
438 -0.23577752295326715 0.24740064197197853 0.15360692468527937 -0.1250103228967011 0.21041346984519493 0.1381792877925867 -0.14844951164274756 0.2072968068828005 0.08921095960580105 0.17865259263757918 0.2217793942593178 0.0 0.0 0.0 8.0
313 0.05128732345983544 0.17097891127857823 -0.033864067024825584 0.011342781368212318 0.09413977601254353 -0.07113944852072707 0.018931555510947273 0.11022599723630067 -0.06976509212675386 0.14302475047911198 0.17322421101094154 0.0 0.0 0.0 7.0
188 -0.3015812250946167 -0.015468215508004368 0.17059155277649163 -0.24359605160126663 -0.0854652242197893 -0.027414903207553576 -0.2963190231035865 -0.13130348369059575 -0.027950464225278804 0.17315041483092977 0.14466802384817107 0.0 0.0 0.0 11.0
59 -0.052481620890215686 -0.07033765198658404 0.03331478789585507 -0.03510927952540133 -0.050059991811905125 0.0510275624005756 -0.02534527811145426 -0.04778215034491207 0.0522079296586091 0.15163919034358264 0.1250338763774443 0.0 0.0 0.0 6.0
314 0.06287414686703197 0.08586150978253881 0.10534430719372989 0.001532526416135438 0.06376838997540157 0.07345411765153442 0.007080389525161879 0.05190541259884762 0.08030168748117483 0.16085295167889094 0.14900482521010433 0.0 0.0 0.0 6.0
189 -0.0241854638204142 0.005708611411345377 0.024347128326615453 -0.08471309354406986 -0.013880679276128571 -0.0012321677530461317 -0.07961486466466594 -0.02793690247767666 -0.007877194096762796 0.23921672507870195 0.24298602973620395 0.0 0.0 0.0 6.0
499 0.06642583495331711 0.3078329254162522 0.6466476983189433 0.05230001318333555 -0.1856660186864778 0.18656603289072748 0.075121905192014 -0.11165423227258997 0.1736054488844163 0.13421225822025656 0.10595180208313563 0.0 0.0 0.0 15.0
60 0.025452716616343407 -0.1384445625719335 -0.02359924116668588 -0.022988938000587433 -0.07223435934282918 0.08716385180332464 -0.044866115097924486 -0.08283459788895464 0.0548344550659392 0.13086465721688018 0.13143550078271635 0.0 0.0 0.0 13.0
500 -0.19567886546080637 -0.14867254609877945 -0.2837201479119874 0.0005639328854509795 0.07629086945072983 -0.15686966718215012 -0.0679300253828331 0.029756501204535768 -0.15291442086713758 0.13264258465817935 0.13174109231690215 0.0 0.0 0.0 10.0
61 -0.003995419322040061 0.06675884949707989 0.27342077185637326 0.15832036053261778 0.1045964632752332 0.11868598883879988 0.14720056401051163 0.03894331426818343 0.17316055456097557 0.1477270873312226 0.17358099598697388 0.0 0.0 0.0 10.0
62 0.1486194217558594 0.6858370342922677 0.06406280476797988 0.04140639291388126 0.17095694780215687 -0.23925387748551408 -0.02158204709871392 0.11011744019762881 -0.23563075834631664 0.12207525871197265 0.14803948918233267 0.0 0.0 0.0 7.0
63 -0.007739271232247935 0.06484934603269887 -0.1226686721864565 -0.07851797485224321 0.0649919924802762 -0.10100456021292104 -0.08399682434346667 0.04733380712658719 -0.12133731614655852 0.16820798835397935 0.18293826876836208 0.0 0.0 0.0 8.0
