377 -0.08648197215864839 -0.15042100704610084 0.09090722727342038 -0.07522016448505509 -0.08446470282335128 0.1243666820065581 -0.08169112598855388 -0.09399977020638028 0.12264148053251067 0.15362349091058392 0.12219390196686128 0.0 0.0 0.0 5.0
253 -0.05111597895990949 -0.0019964476652057916 0.005426915292174872 -0.013576327575370972 0.016138025926699662 -0.026252757168310437 -0.03697136950134905 -0.00697067958245734 -0.002209750847767644 0.12325552506982433 0.11600673317950552 0.0 0.0 0.0 5.0
1 -0.06722214348577871 -0.0759103165994307 -0.021403917653672888 -0.049759049233078945 -0.07719348881395904 -0.021440812303695655 -0.045427402369169534 -0.06740591861204082 -0.027220440736363205 0.1489907417502908 0.15030018615562382 0.0 0.0 0.0 5.0
315 0.08868350809408665 0.08618125757276984 -0.035576261241475726 -0.008725230459689537 0.0532819712489454 -0.10035871058357249 -0.011261096558865868 0.041774587793932394 -0.09974100884593107 0.16638480233781958 0.1612781126452631 0.0 0.0 0.0 5.0
190 -0.043627131430318045 -0.05931943315185717 -0.04875226680031486 -0.011478496825259699 -0.03806393324984536 -0.017016133570367242 -0.01572387327824032 -0.03425287053351034 -0.01927925210409287 0.16803465429518974 0.15805682184864997 0.0 0.0 0.0 5.0
127 0.05185765837311118 0.052090406272737866 -0.012539118144225592 0.017157567259775686 0.04273517041865693 -0.024344723960826542 0.016352296692227375 0.03947016286449134 -0.02152486415771626 0.15154309359671406 0.11586480648508761 0.0 0.0 0.0 5.0
64 0.09147828951362302 0.10284111954102526 0.07025950420277893 0.005031880212075235 0.03247116350467105 -0.005992300976414566 -0.002340346899627921 0.0427230745880518 -0.007999797905951733 0.13851691923452755 0.12641755766258705 0.0 0.0 0.0 5.0
439 0.05440874717815958 0.09990228231329712 0.07199965477550063 0.0033279092537794597 0.09744946313836178 -0.018982043366977064 0.01481537556067658 0.09275812666436023 -0.03817588079981693 0.17789778660054123 0.15682157193621152 0.0 0.0 0.0 6.0
128 0.0029844432938750387 0.05130515556328019 -0.03938796959419322 -0.00424332269032357 0.057503030135330535 -0.03745367680386669 0.0004903859351061968 0.058815048857218555 -0.027349721771500857 0.17322121906012494 0.16987615938599523 0.0 0.0 0.0 4.0
316 0.002821893905973427 -0.022096558791386056 -0.051031473328025045 -0.07847604479807568 -0.03220675529536876 -0.054012326991688564 -0.07065681257606571 -0.02405827192610488 -0.037747813645668704 0.13084275472292922 0.12342759733433083 0.0 0.0 0.0 5.0
254 -0.019718757355925653 -0.011841954743428973 -0.033374498538858655 -0.016351140927475916 -0.0074146393988565595 -0.019007517551033026 -0.0158408673243704 -0.007328978947701792 -0.018915206967459852 0.1730451020886126 0.15722748668911116 0.0 0.0 0.0 5.0
378 -0.16997379556174963 -0.23234449474539176 -0.1413224403846065 -0.0157171959120479 -0.11552649116816249 -0.04801325867075279 -0.025787302777669052 -0.08894744609730787 -0.07440166486775124 0.14522032189515732 0.13050166002407315 0.0 0.0 0.0 7.0
65 -0.029989198482542445 -0.029099483950131066 -0.02354358456408201 0.0014095732122838545 0.013387434372110318 -0.006439134879970165 0.002521850530837977 0.01243031632366276 0.0012487962999330193 0.13022891818182067 0.15205925821825142 0.0 0.0 0.0 5.0
2 -0.017221994336935276 0.021285913955318314 -0.1392290116348377 0.026568019946875188 0.019986888225588917 -0.10113352081776461 0.045144287816072826 0.054853191370161314 -0.12291742109704629 0.17824249362589054 0.16224614166480494 0.0 0.0 0.0 6.0
440 -0.01718198957922812 -0.11212670377406841 -0.08196310261244877 0.08391053743892707 -0.1748551389642482 -0.016915073933435276 0.07857393825511316 -0.169010519601414 -0.03485285847108477 0.13068934832475274 0.12265046452706267 0.0 0.0 0.0 8.0
129 -0.012365769815212757 0.07499224945534788 0.021710255683037083 0.0070391655928860875 0.07101744595385373 0.018826182906485744 0.004905502062848788 0.06521456008691362 0.02362717308521911 0.14762128981614991 0.1263620741913284 0.0 0.0 0.0 5.0
317 -0.027087057548482063 0.03902173161003031 -0.05031679211330753 0.005791747803459035 0.08341881264921369 -0.011053953229554048 0.0040712411820647 0.08430080838400866 -0.018807474503167998 0.14607834365843197 0.14688771718060437 0.0 0.0 0.0 5.0
191 0.00898590857264514 -0.011322951544304627 0.008683431183433399 0.009630372789226849 -0.052333456580565096 0.029327256555169656 -0.017295844786484382 -0.07278335981563466 0.027374096993168395 0.1565881810178338 0.1511552105176006 0.0 0.0 0.0 11.0
255 0.01650098582605186 0.07666761907815123 0.0024642358597339875 0.005652585926646303 0.01662443248548895 -0.03415249113066865 0.0038506594701073205 0.018645237515068747 -0.039060077674588634 0.14409019361097558 0.14703064946411776 0.0 0.0 0.0 5.0
66 0.09459998187435725 0.11920457212817759 0.08271781009580459 0.041962405042760276 0.03762767322978244 0.029437540282402752 0.04396074921255533 0.046072584798423355 0.03513729652991082 0.11678005996782412 0.14071304387734454 0.0 0.0 0.0 5.0
379 -0.08827736334509007 0.12305908722588632 -0.3164764747254579 -0.019637645341160304 0.14818503093031254 -0.16136800787551553 -0.017381849339755284 0.13250338284805663 -0.18814793712090994 0.1742181914084971 0.12614766347638376 0.0 0.0 0.0 6.0
441 -0.02401321738706974 0.03695586288470509 0.03431230584178646 -0.07691787873059386 -0.0560697284433902 -0.05395799178966665 -0.08602978360267532 -0.05877071888066665 -0.05965696222315331 0.15239558387616806 0.1422954622197025 0.0 0.0 0.0 4.0
3 -0.018743157069069927 0.00043940123580488155 -0.08332629829162574 -0.09304840663598213 -0.005751802843419362 -0.12075935817793726 -0.08628501126940002 -0.014798042562077063 -0.1429411153429755 0.1891803345871385 0.16285705859399366 0.0 0.0 0.0 7.0
192 0.025102340069086404 0.00943490915042533 0.10006020633981727 0.01738275055604488 -0.017114877763258485 0.08108883809270107 0.017341195709475787 -0.016734894641984188 0.07750504934364888 0.15106022358510965 0.17831371421370815 0.0 0.0 0.0 4.0
256 0.01550891379781194 0.07924109527559353 0.032687708302372 0.012023265387655524 0.07349069113273088 0.04042323539439674 0.01719008181829418 0.07585851760699058 0.035721116324022306 0.17253269548237915 0.14667971601908555 0.0 0.0 0.0 4.0
318 0.018490945339746823 -0.0727852568970051 -0.04658566368348571 0.06166734070489799 0.00859606083375386 0.010228193673426755 0.0657002722430382 0.0017990099459015418 0.017184959209985307 0.13757222999353647 0.12900750066721578 0.0 0.0 0.0 6.0
67 0.21789410637886686 0.43913948014452786 0.27872997910982833 0.06357088656070564 0.14598801917701887 0.0703807796491922 0.046820486651167226 0.17553266786795407 0.06139155933218032 0.1477329671288817 0.15375470184302167 0.0 0.0 0.0 5.0
130 0.10897952305626468 0.016658477486826584 0.08681163007909398 0.1236510600473637 -0.04491869980487617 0.0955316713977512 0.13503985620897785 -0.041076501807432275 0.036832692580436976 0.14794151984793089 0.14102951230862407 0.0 0.0 0.0 7.0
380 0.15173488648737288 -0.05052300132079568 -0.001889023171094295 0.05064783137581741 -0.02503008966622733 -0.033718617296299214 0.05271609892615481 -0.006827993937858712 -0.06458441498536072 0.16745397821687164 0.1503600883302874 0.0 0.0 0.0 7.0
442 -0.07309786931427376 0.02874633062810017 -0.08965019935909035 -0.015299868977654008 0.1048677767562376 -0.03990280234963417 -0.02295750882063463 0.08178763614948426 -0.0265268348844635 0.13040898392356937 0.12077990206766118 0.0 0.0 0.0 6.0
4 -0.014241752209323999 0.005932618127443723 -0.001122666404816064 0.003996159188765835 0.0011126394456182354 -0.012034230118040723 -0.00452957285225819 -0.005560708667525338 -0.014642502789715017 0.13846913482065681 0.12421211429225916 0.0 0.0 0.0 6.0
319 0.005506740495868412 0.05430807974545471 -0.031354597293609676 0.03177025722050564 0.02693048891939087 -0.03817761333485015 0.03300108397898405 0.02572688741750806 -0.045356225283734175 0.13910564920240454 0.14826233015974466 0.0 0.0 0.0 5.0
193 0.029075767610402092 0.06799454188216747 -0.006419683342928639 -0.00890855407078539 0.03282383549168477 -0.05822915585816457 -0.007545295690887022 0.03023726193252818 -0.05347252872372854 0.13900790232531507 0.14985101783843038 0.0 0.0 0.0 6.0
68 0.042652621080383035 0.18253860377820574 0.14010452750597935 0.042816398375753906 0.10654664197595398 0.06106152033974244 0.045539417360909384 0.10406747146038198 0.062020810453732755 0.15280866085246378 0.12656355603173206 0.0 0.0 0.0 5.0
257 -0.06183284082329554 0.009945628025292752 -0.03885342411892723 -0.0035560244610065572 -0.005481590930382696 -0.03156758843278651 0.004740602820119344 0.005188281337353828 -0.03354032509882576 0.13766828449691318 0.15504335554719342 0.0 0.0 0.0 6.0
5 0.06367537204845175 0.009101141295149828 0.02833176169102236 0.06426146238170483 0.005818472681480946 0.06283605273575255 0.06878031955866448 -0.0001435251705218521 0.06550160138526584 0.13959253430451832 0.13775747091321897 0.0 0.0 0.0 4.0
131 0.02666490008143274 0.02547428309710087 0.06124676215175051 -0.017466911275936248 -0.0031100562324589687 0.015349659816219718 -0.014337042287338453 -0.009985827884189113 0.019614228240920628 0.1669276386288209 0.1746949935864099 0.0 0.0 0.0 6.0
381 -0.08981968564511966 0.02401640913497971 -0.048693400748432425 -0.03386656779210462 0.07047568938129944 0.000694835030740304 -0.03757342055243329 0.05679643290317693 0.004779036603105746 0.13531158460941492 0.12488272303430481 0.0 0.0 0.0 6.0
443 -0.09385144509963683 -0.12928404050589237 -0.05613479455383197 0.003373910488384535 -0.04140997225528453 0.023574488191091536 0.029776680949662904 -0.0639718616438828 0.031017092582212635 0.13507189258120764 0.15100593305766677 0.0 0.0 0.0 8.0
320 0.03823405301890137 -0.03186047167746242 0.07840726005052168 -0.014949902083154054 -0.04456339613322402 0.04440544639959332 -0.010186228422297883 -0.039692792620109496 0.04025104111193234 0.13660762973885984 0.13248102704535233 0.0 0.0 0.0 5.0
194 0.016127948603380515 -0.03634478480801895 -0.0228972802243933 0.025487316843527674 -0.03313662165214837 0.038145694720068235 0.021633213092820736 -0.033891287498666434 0.024723881425091854 0.15439206804512295 0.13984249812142827 0.0 0.0 0.0 5.0
258 0.038604415201924036 -0.002650507667209645 0.02683720825731095 -0.0037904643971787833 -0.05456976376984568 -0.010674013183663567 -0.006666257501831807 -0.04954759444196988 -0.01566665334038042 0.18907125080673065 0.14292764630465724 0.0 0.0 0.0 5.0
132 0.004382486737738223 0.05418469680436999 0.022329569223522805 0.0023316757863041104 -0.05121938757184319 -0.08840197298796271 -0.005572843889268153 -0.05665840480139184 -0.07901037784046516 0.1717313029923018 0.14597209440150885 0.0 0.0 0.0 5.0
6 0.0017386286593992217 -0.17820374965408747 -0.01618128538626229 -0.03143089509195829 -0.15492423912599662 0.02533492655328451 -0.019788648110051432 -0.14769172388957075 0.013359884849988513 0.1608909817726094 0.16624501291222277 0.0 0.0 0.0 5.0
69 -0.054769493312252004 -0.08602474900260892 -0.05769237159584484 0.12741219440836393 0.07375868534686303 -0.017013662046219458 0.12805160822643624 0.11137535851824198 -0.03102318018318384 0.10722888322503056 0.10348003086117748 0.0 0.0 0.0 10.0
382 0.1004550769639827 0.08257578488408512 0.15398201225369545 0.061370322692583246 0.12673997311458418 0.08030239749590984 0.049490539699721614 0.1283920312517497 0.08546185472337098 0.14869766109104807 0.1447074889094611 0.0 0.0 0.0 7.0
195 0.06826067689922222 0.06295390281928781 -0.07814937848784131 0.039747786928695295 0.08008225928378643 -0.06944638906339051 0.033169604416736664 0.079540112327523 -0.06647446597012896 0.12590445222371305 0.12478921095830997 0.0 0.0 0.0 5.0
259 -0.006299211546891059 0.01118167463365749 0.038543608926174144 0.011951660864416347 0.0025625945351237522 0.02737862520421319 0.01103687939371123 0.001723292102769225 0.03131628284664312 0.16555939615472748 0.13299201883529 0.0 0.0 0.0 4.0
444 -0.22964128203905287 -0.15890127377773766 -0.0710801390586624 -0.1061251243666479 -0.12517990556349867 0.05853300040222953 -0.10507701156819826 -0.13149781096926028 0.04531505569124361 0.14304235327760575 0.15266615358617688 0.0 0.0 0.0 6.0
321 0.010806520145332899 0.028612800468837074 0.009027846039000753 0.010920089512457931 0.013960394510217577 0.003113991609870581 0.010395105941406912 0.012861913168651151 0.003996619081832575 0.1762161630875251 0.17860167200399263 0.0 0.0 0.0 4.0
7 0.028374995114241797 0.057042951825406085 -0.02087744598079344 0.025375009251374037 0.04352105646366633 -0.03709394919619169 0.017377158619439337 0.035439258208116664 -0.04984294628716235 0.13873106145775096 0.1366628695278006 0.0 0.0 0.0 5.0
133 0.02047187262697525 0.0079313345869223 -0.0052254173120054315 0.03774456721601127 0.004877195305684534 0.02289042107260708 0.036832063110504576 0.007962916462136649 0.01941292029318875 0.15930890624892866 0.1432896290437458 0.0 0.0 0.0 5.0
383 -0.04753309501177072 -0.02904521145598782 -0.03439111660772465 0.040510505416772036 -0.07341261371270791 -0.02710545885793625 0.0386101433146977 -0.06816318678624322 -0.01935582748357989 0.17155621295707169 0.19149582927973396 0.0 0.0 0.0 6.0
70 -0.0024315734451231252 -0.09338847065221789 -0.03489161231123461 -0.02078762537552392 -0.015274572576920331 0.005733006846955879 -0.024727064134196675 -0.024349665921533092 -0.005846148250275407 0.13206148316906308 0.13826610516398208 0.0 0.0 0.0 7.0
196 0.010168269964085486 0.006693811797673588 0.06805097311959418 -0.033956921686315034 -0.05286312511464486 0.02642447085162658 -0.03292789514816841 -0.038387290824243414 0.029931142045119152 0.16208803500784968 0.16334536117631623 0.0 0.0 0.0 4.0
260 -0.04231421164731841 -0.03250864117762842 0.0063550921616088996 -0.032604383416124816 -0.020883276064678324 0.041147385998402175 -0.029563884309624422 -0.027186524862392147 0.0421496176510856 0.21893658816897366 0.19543012475600433 0.0 0.0 0.0 5.0
445 0.002048136409804391 -0.01918985321647726 0.012685894245768825 0.00769845421355031 -0.001593274693290181 0.02213390153516004 0.005516371996489466 -0.0032746966390819754 0.020919818698031944 0.1295349713800216 0.12179851483235804 0.0 0.0 0.0 5.0
8 -0.022454718081963865 -0.023446865925666138 0.004576413371863097 -0.0051437737470446665 -0.027225206810251645 -0.0018392531311492988 -0.0034081127690296364 -0.03166594058969652 0.004269220600287227 0.1674930995998943 0.16037330085611118 0.0 0.0 0.0 4.0
134 -0.016465841754128352 -0.00895811430877913 0.019350637815988447 0.010579254633891422 -0.00027028931783679155 0.016896773953634536 0.01203176661504246 -0.0037343049921692018 0.02024684299763435 0.18131775586373372 0.18672280686203385 0.0 0.0 0.0 4.0
322 0.02202152757714826 0.025312922836757012 0.11419688086623214 -0.006937664260606047 -0.024944429517407718 0.06427979776813575 -0.010455988195900212 -0.025988407247553247 0.06694348065413136 0.18109359204556913 0.15459018698289778 0.0 0.0 0.0 5.0
384 0.00519367467780496 0.029392490411867866 -0.04112162812881193 0.027254954084895866 0.018083473179870246 -0.04105954856090299 0.02639110735236727 0.017698372922977157 -0.03433402030961996 0.17421777482782044 0.12489402132167422 0.0 0.0 0.0 4.0
197 -0.044823287641789666 -0.006892723857228944 -0.04931996854245235 -0.022626436491368196 0.0037350656329757648 -0.04645526597373495 -0.01912686177383638 0.002663400484882672 -0.04132759746768677 0.14107630168349442 0.1301573909919664 0.0 0.0 0.0 5.0
71 0.015454441197312985 -0.19526583531253616 0.03691316921826693 0.024321738834311768 -0.09976354119884456 0.10647407868661873 0.029609752619984553 -0.11699320362597532 0.11951952484889272 0.13307496621760312 0.13439863573514726 0.0 0.0 0.0 7.0
261 -0.06235916603267777 -0.05598818970228314 0.014028769671894148 -0.0030838186929600386 -0.06227889607757531 0.05636095945006803 -0.00559421430813789 -0.06112308626567875 0.06478847792810072 0.1506188294836287 0.14610449704850356 0.0 0.0 0.0 7.0
9 -0.008657741030242305 -0.029110363046441656 -0.09353119910096508 0.08099198807570174 0.008936035006114063 -0.07466965946031456 0.07959568652984039 0.020903329434742268 -0.07344275844894577 0.16861511456316858 0.1433005136439126 0.0 0.0 0.0 6.0
446 -0.03982869761595198 -0.06556196727843788 0.042143563374662074 -0.004865055647473415 -0.05556501917279133 0.06105607025648396 -0.0007566621458247047 -0.05584284172573295 0.061772413896637124 0.1683198239433871 0.15461503064799828 0.0 0.0 0.0 6.0
323 0.026009566732391187 -0.0478305105822765 -0.019984060418797966 -0.030676281061735367 -0.03889851630837027 -0.00733770067076589 -0.02711765674929756 -0.046960928251542744 -0.008214526633631425 0.17000661486117014 0.15277196699988038 0.0 0.0 0.0 5.0
135 0.02320635575468466 0.046936199570228654 0.022651429996979777 -0.02702265076502053 0.03084600832322315 0.0006607037588646225 -0.03016356945244203 0.03422578549926514 -0.002468166387202708 0.13184634950521953 0.15964350077747597 0.0 0.0 0.0 5.0
385 -0.015474108222276017 -0.12676756375397946 -0.0334395301239333 -0.04471208842960506 -0.11675408776332641 0.010557554491876342 -0.033506576036840374 -0.1010286161267756 0.016126078681169664 0.11756717580003502 0.11386296629866217 0.0 0.0 0.0 5.0
198 0.006962926332035435 -0.012875988899813562 -0.0961568313609098 0.02132632881089891 0.04091861101102778 -0.0732930558276853 0.02843731068019051 0.039764975266241454 -0.06568259812884558 0.13185605575279583 0.10914403231324905 0.0 0.0 0.0 6.0
72 0.032744158134558 0.002230230422223478 0.040446303093633285 -0.031099971836063278 -0.016024182831411715 0.013648057776254774 -0.03393388402805264 -0.01978499204834394 0.009821688625978098 0.1297666835982661 0.11451324065531276 0.0 0.0 0.0 5.0
324 -0.04903610681380832 0.04456466809392978 -0.023523706185621274 0.008910645474943024 0.11749709468974912 0.046436710483661825 0.0104595729784982 0.11385465283925145 0.04377946179605918 0.16823315424695737 0.17771863595144574 0.0 0.0 0.0 5.0
447 -0.017632617039869514 -0.014007707219462096 -0.07173748438084881 -0.026557274957279997 -0.020614278887305715 -0.06853309473415636 -0.028444459593459315 -0.01981752853366847 -0.06883294520009609 0.14558716460771048 0.1853418196571012 0.0 0.0 0.0 4.0
262 -0.005115585380851884 0.01446475067777686 0.010398236555279494 -0.020745069240658665 -0.013723704832191097 0.025227896077763212 -0.011293486086595084 -0.008700171365738085 0.018624768649364132 0.178393773695331 0.14175528373098767 0.0 0.0 0.0 7.0
10 -0.05469836268301875 -0.19143259334627494 -0.0725672059237682 -0.022154110358335144 -0.1045247377231101 0.013057842190695723 -0.03236929801979571 -0.12823447176457992 0.012128229150713876 0.1915324679358438 0.2262650786730072 0.0 0.0 0.0 8.0
136 -0.029066721252005046 -0.08489330926564287 -0.03182775475362931 -0.017331758708557632 -0.029601791091770413 -0.0029460100845409842 -0.025961571518014037 -0.039214843532018095 0.0018885517778968186 0.15662065868125982 0.12431170889462825 0.0 0.0 0.0 7.0
73 0.032630866935774216 0.04793008564248735 -0.0048814224810116436 0.018999707730286808 0.017191862816494208 -0.008197597517980326 0.022140893084118263 0.025997353200390316 -0.017342941317943228 0.15758788417971553 0.13456970619865816 0.0 0.0 0.0 4.0
386 0.021444513347453453 0.009415613999385286 0.013832201539657252 0.010463669015760235 0.00153879065253415 0.0051521843328357075 0.007866986195333325 0.0026098376700727233 0.004459489970994657 0.1577610410485918 0.17628032722416284 0.0 0.0 0.0 5.0
199 0.029719553948270416 0.023968372739329835 -0.02083433877294394 0.029385784136936266 0.005973562839424629 -0.03591393401566678 0.0353066039848593 0.0066662808252035965 -0.042709509656474465 0.1479455429034397 0.13572547538991103 0.0 0.0 0.0 5.0
325 -0.06466931993589742 -0.036278107500943735 -0.028246125281401024 -0.03016265791427608 -0.001379131034537906 0.012009143686893653 -0.03135664527766879 -0.005623385159585159 0.014838241120884721 0.16290072202916253 0.16289883679763728 0.0 0.0 0.0 5.0
263 0.02787194974467222 0.0027381857463772974 0.0503494496256891 0.00655492140727576 -0.008269054985103663 0.029193754211705114 0.003293386097506401 -0.009556329596450697 0.025474508558673836 0.14269231879194577 0.14188094890452557 0.0 0.0 0.0 6.0
11 0.018069854811203934 -0.009550658236278209 0.03019356279323393 0.007578486348192026 -0.0072890775978656785 0.022593532703373054 0.003649584156498964 -0.010272700339260643 0.018066125920001452 0.1425463402484451 0.13278642136917218 0.0 0.0 0.0 4.0
448 -0.0549988212967214 -0.06001345858067486 -0.032776116977004555 -0.03452214623104388 -0.04361261678446249 0.0037160533729569956 -0.0354599958902414 -0.04713181149367984 0.00999260466031715 0.15537682743146866 0.1537639934076589 0.0 0.0 0.0 5.0
137 -0.031151505889141506 0.026877176964390737 0.039751130542350355 -0.01255876110039289 0.013348577461629985 0.02790098036993216 -0.011112391284817669 0.012776678172002232 0.025459978458010513 0.15059497394816948 0.14818315271094865 0.0 0.0 0.0 5.0
387 -0.02573115060746667 -0.0771589933801361 0.012249446187426072 -0.005901458533258297 -0.07392855373183105 0.03799531047922078 -0.008711012718142008 -0.07552539420161941 0.03486224712658759 0.1383947127774913 0.14112084957432505 0.0 0.0 0.0 5.0
200 -0.028838513945456445 0.0431046639977839 0.07057902264486215 -0.009974143845561945 0.01752345497064911 0.059291513664375906 -0.024157099947065608 0.008428090910260977 0.056484408223476334 0.12902422239264355 0.12526697972391695 0.0 0.0 0.0 5.0
326 0.008551687433396404 -0.09762738533817694 -0.11287320343851903 -0.0006152873126391567 -0.0391065232050648 -0.082597278079239 -0.00815296846312008 -0.043155139108697504 -0.07418350740666979 0.14717869384937404 0.15444520768217393 0.0 0.0 0.0 5.0
74 -0.019752491256738836 -0.09757162226942595 -0.08279426435787729 -0.02787928760879399 -0.07566502015795462 0.04397048586505159 -0.017757487857496645 -0.051947218930714745 0.026504200155691438 0.14850324969965514 0.13725830649292103 0.0 0.0 0.0 7.0
264 0.0023399551006679786 0.019757628741214228 0.009182742889259687 0.008173200321588192 -0.002495034352756109 0.0014024739591720348 0.008087474125711314 0.000434459767290285 -0.0018920419568507763 0.13496251804857193 0.1171798661413732 0.0 0.0 0.0 5.0
138 -0.052895110996707295 -0.05150197717063154 -0.07099459448939816 -0.04202278838886686 -0.06013466738849049 -0.08433783274491902 -0.043065705164000656 -0.05911887307978536 -0.07752121652020638 0.16917995310441966 0.1821904617314072 0.0 0.0 0.0 5.0
449 0.033055382102322284 0.0106523245396406 0.033392923935330554 0.025394774233998607 0.006838167451952426 0.027278873481213495 0.02590529015570575 0.004618758164633752 0.024459022597915325 0.17759089444323956 0.17489943091840882 0.0 0.0 0.0 5.0
388 0.009597192168546487 0.08751130918154804 0.12305780956558032 0.03974790270918738 0.03606737339018373 0.09606834058378233 0.029711451857847626 0.024169205863942667 0.08980675450082076 0.18640191177878596 0.19728070447793386 0.0 0.0 0.0 4.0
201 -0.012590304606330815 -0.04214129208572637 -0.027536353084893328 -0.014014054193556391 -0.025426585610977992 -0.013335360824359821 -0.01353360517927038 -0.025309353622485542 -0.012593999641627884 0.15694342223488766 0.1314326097335335 0.0 0.0 0.0 4.0
12 -0.04782004415405261 -0.03864777971634281 -0.09354864220855885 -0.004840656560359813 0.005394698080446236 -0.05348351338248625 -0.006460761855902941 -0.0018803621048748553 -0.06091207533264564 0.15383550831670592 0.16350725214610945 0.0 0.0 0.0 7.0
327 0.059417665661366525 0.09662458736992674 -0.08152622898648576 0.03356807085416791 0.09453892001925035 -0.07739104238857941 0.03868312854253575 0.10122105336598453 -0.06947578124474074 0.13809861684511063 0.12152035664476855 0.0 0.0 0.0 4.0
265 -0.020535461396889887 -0.0072312664661203785 -0.010741475255138022 -0.017800247682603243 -0.005952708649070604 -0.0036434976079129378 -0.0194874576167704 -0.006255750504410185 -0.007915029668097984 0.1517988720979317 0.14973913991248616 0.0 0.0 0.0 4.0
75 -0.0024400731992263447 0.11942770893016252 0.11977180864689085 0.001896987154244023 0.03673344685670621 0.0662926609087382 -0.009706333678435652 0.04157401254483983 0.04816773465261259 0.16246409362384906 0.16089197265266955 0.0 0.0 0.0 7.0
139 0.012848663158946838 0.07322016747208426 -0.019790717541855907 0.01713489128889556 0.07002060307196944 -0.022914234414807444 0.018100678791464597 0.07041825846138727 -0.02252577756353602 0.14312746212956898 0.16151601516011949 0.0 0.0 0.0 5.0
389 0.011600763002219683 -0.055357215295981144 0.06396956035324042 -0.02292044675752758 -0.08376078297034673 0.0013122575194490782 -0.016394668270335533 -0.08878946825264944 0.007414535230176655 0.1658931031547518 0.1480566900173625 0.0 0.0 0.0 4.0
450 -0.05346663020421916 -0.009428815557057546 0.019779810679771526 -0.026819414291684662 -0.028575111016824528 0.0009502693472696055 -0.02638147230421739 -0.031952439484980166 0.0008766743296539925 0.1465121788382283 0.14492622826841292 0.0 0.0 0.0 6.0
202 -0.02060292158746646 -0.009219808878773827 0.09462354815913088 -0.04549811324327935 -0.001218305959012178 0.1113071007997668 -0.03940192625512817 -0.010376849217770157 0.1004981399019178 0.1935062981407041 0.18220759720108828 0.0 0.0 0.0 5.0
13 -0.0049795575783210255 0.09904630417477489 -0.041438334938162624 0.015631425577550262 0.10631781597920109 -0.06011292751951647 0.026041434030204647 0.10589252676947813 -0.05966137499763691 0.1101904487073635 0.11066291353214736 0.0 0.0 0.0 7.0
328 0.009499554908495078 -0.04878865613596162 -0.013229521910193776 -0.012875223908407674 -0.05948980141827476 -0.010693911416894353 -0.005502558206256114 -0.04727910500016874 -0.0036927506150373768 0.1524527042807288 0.15715457313027517 0.0 0.0 0.0 5.0
266 -0.0030687547808505578 0.055275974500625935 -0.0552201627554163 0.04066669568975678 0.11188714507257913 -0.012286474222529153 0.022180006128942553 0.09610230890324467 -0.01574542791825606 0.1359567859840804 0.12017597581325677 0.0 0.0 0.0 6.0
76 0.14158396327124412 0.17499399800142612 0.09256718834270328 0.03931002211098389 0.050699891651390105 -0.005680043755298292 0.056429584792030196 0.0789379482743946 -0.0020065925885972558 0.12547889146456345 0.11524606222029848 0.0 0.0 0.0 5.0
140 0.03470370606937423 0.028812094247986142 0.0019623758823010817 0.03172515505794382 0.02627820496711042 -0.009814085362377156 0.02772896812293002 0.027773729936136027 -0.009307692317864769 0.13290042786625034 0.13762401933839966 0.0 0.0 0.0 5.0
203 -0.03455288657295508 -0.1421163921965749 -0.06601591858997025 -0.03451968719518361 -0.12317641607551777 -0.06411293819447939 -0.025935159542476827 -0.10525959316759259 -0.05614613447610384 0.1851250210929709 0.17907855750096258 0.0 0.0 0.0 4.0
451 -0.0553393145879334 -0.03697409140230001 0.11477321286832098 -0.04554407317946918 -0.10413334501547233 0.03588938452892365 -0.016504235948947787 -0.08268437845505172 0.06514252812966936 0.15646807983906705 0.13352172440215315 0.0 0.0 0.0 5.0
390 0.04195926999927946 -0.07161088914078617 0.1793396342567024 -0.0667866001093651 -0.09079565193234973 0.18766123375652688 -0.08302591739663046 -0.09959460114914731 0.22988598231051438 0.15295763794892417 0.1295430217693489 0.0 0.0 0.0 8.0
329 0.14350825867929484 0.12253087226492054 0.029193633439461353 0.024744704514145344 0.10129995698044758 -0.053717323688397434 0.032831816757304066 0.1008416122784388 -0.045303950467419196 0.13292573537758556 0.11591706482843522 0.0 0.0 0.0 5.0
14 0.019085722475739475 -0.012242187988030673 -0.032334787228838646 0.030159556228399165 0.022124930167920276 0.0048709385875054245 0.02827211170003685 0.02607535740343958 0.0037245364629823197 0.16203594535120802 0.1457115820793645 0.0 0.0 0.0 4.0
77 -0.031990970692767795 -0.005707521794000026 -0.03583374474152479 -0.010241533472348574 0.004834776475924896 -0.015792852331223184 -0.014116149436663838 0.005771371891103216 -0.015371137416255287 0.17442689779038487 0.16877549413477574 0.0 0.0 0.0 4.0
267 0.04229015279214532 -0.03555814062810292 -0.01964558144290396 0.009710525629809785 -0.021432796728533487 0.008199546842948102 0.010781695133951885 -0.016349813818773984 0.004227832973951795 0.172238376264306 0.15790103516097806 0.0 0.0 0.0 6.0
141 0.038946988420254014 0.1057947230736016 -0.013111721914010999 0.05453935205243399 0.09704033111634969 -0.018628262770535198 0.057121735035108756 0.09832991881232034 -0.019478027022726385 0.1489021929582861 0.11790774222324457 0.0 0.0 0.0 5.0
204 -0.022036986386616886 0.010540032241459274 -0.045186236632407395 -0.0057225367187712095 0.01926650884815495 -0.03130404996184977 -0.007341272052355241 0.019743830756969727 -0.03447325976657856 0.13269566189258689 0.0919861102408681 0.0 0.0 0.0 5.0
452 -0.02336760162679208 0.06793482626330105 0.11145831578590704 -0.06837488072963771 -0.00299391062748533 0.0668501723045214 -0.03031626941151977 0.03290522488369274 0.020905345152371524 0.15043744104499318 0.14651844107966275 0.0 0.0 0.0 5.0
391 0.13785080989007525 0.1689496813887077 0.07585547443572227 0.023496789493992587 0.0694184873400776 -0.0764088250590107 0.023320636577327303 0.06203688916614403 -0.062489338595326016 0.13076581028172363 0.14073779649027715 0.0 0.0 0.0 4.0
330 -0.005372939811292277 -0.14105121895135708 0.08738682725502267 0.012483742418786914 -0.06558296883347337 0.12246186068658216 -0.015702160764159423 -0.08432893981223122 0.12618137877955982 0.13586119294060175 0.12898154243628351 0.0 0.0 0.0 6.0
142 0.026949002613712025 0.050758927819733346 0.03854930755971564 0.013984424754847513 0.024995038988918417 0.005643233099149825 0.012420782921654716 0.029803124022169447 0.0049677950884265965 0.1718441482432887 0.15248931123503381 0.0 0.0 0.0 6.0
15 -0.12528633244040233 0.21429833789491637 -0.05926302962911345 -0.05844624266591081 0.19372163024316547 -0.0730110632614458 -0.059165418888574406 0.19309656078192106 -0.09549014055619331 0.1486899116710285 0.12218470974408903 0.0 0.0 0.0 9.0
78 0.03450657153739223 0.024058184885155764 0.05678089185589785 0.012966950208571193 0.012165643574219676 0.00241212791410228 0.010080606189051045 8.396419398537525e-5 0.011695802619902551 0.16057621128983454 0.12797684525293443 0.0 0.0 0.0 8.0
268 -0.02169763146746273 0.06233981943338596 -0.07213986940876227 0.004216807584122684 0.13631031890665013 -0.01981050839542542 0.0036877099627736776 0.14865573285137001 -0.01695827266072214 0.17936009167434544 0.1732065564011045 0.0 0.0 0.0 6.0
392 -0.06896876971527033 -0.06319783709557725 0.03229466636638989 -0.017256532960656767 -0.057827714910785644 0.041465644836648385 -0.02160945336313358 -0.06392454337929099 0.041593397761512385 0.1312499214719492 0.11358421102167524 0.0 0.0 0.0 7.0
205 0.133253104784397 0.25593993010234684 -0.2820060957509196 0.06802346630434619 0.25340175833583034 -0.22691872634329457 0.11293320612573665 0.29587748105693934 -0.24765811248500036 0.15830417307936406 0.12811084973034476 0.0 0.0 0.0 8.0
453 0.16241187858416617 0.18165485914427548 -0.09365539387336375 0.0854755105992746 0.18645924008107295 -0.044724397252729475 0.07725044005293702 0.1741823006421288 -0.01819408952006385 0.12619797471183358 0.15007527087212497 0.0 0.0 0.0 7.0
79 -0.0008252595398103857 -0.037981284703691665 -0.0037450374033467515 -0.030662296550042156 -0.039083423692336416 0.04093900365057257 -0.02166732820889572 -0.01481826231249439 0.04596140717073127 0.15983841792514755 0.17341174895065556 0.0 0.0 0.0 4.0
143 -0.04266025799228612 0.014400391356461872 -0.07287992545491073 -0.018814973029940063 0.028071243443402727 -0.05334742038356577 -0.01998980328345179 0.028027722787121734 -0.05345689418555766 0.13386172550577385 0.12612005658230632 0.0 0.0 0.0 5.0
16 0.018704955332987883 0.04546778628391923 0.009675014778205204 0.03258790611089957 0.05455806563526533 -0.04114658964263562 0.03851264652174935 0.04937729615514086 -0.022313712863920365 0.14631818379967565 0.13343625969508285 0.0 0.0 0.0 6.0
331 0.1891887895678559 0.0028420762712597636 -0.160973881436569 0.19568784143851148 0.25331821357386786 -0.06845518623057911 0.2045505133681842 0.2794030859268406 -0.03287818598058756 0.13783525225600343 0.15288872499816838 0.0 0.0 0.0 10.0
393 0.011433328631939244 0.018915737933501875 -0.0012475646387912764 -0.00810658902517536 -0.0006374842128152869 -0.02024241336129584 -0.009092829967839 -0.0021502015635707084 -0.020303649411365532 0.17583254094580422 0.15562595697430442 0.0 0.0 0.0 4.0
269 -0.03863553078976523 -0.08864504479793966 0.12036296771174637 -0.08859549795508537 -0.06489183423271228 0.2208601661829499 -0.11959853437105505 -0.06014464042075984 0.19877875956737312 0.14690430709723507 0.12253332689424762 0.0 0.0 0.0 6.0
454 -0.0391565488783745 -0.16536852150328163 -0.0009810317382232814 -0.015322395624889018 -0.15154544223075528 0.0008061580943863333 -0.01173713140423227 -0.13695652320120244 -0.005774075879112606 0.1463722478076961 0.12236410180538615 0.0 0.0 0.0 5.0
206 -0.0549934459202307 -0.11711564330535318 -0.00942157121610776 -0.03657489788821422 -0.10134520127843649 3.9369428401325735e-5 -0.04645501655567419 -0.09842247434812412 -0.002273228802983307 0.1903798782513962 0.190615518109994 0.0 0.0 0.0 6.0
332 0.0031245167851063904 0.0854318143449393 0.023897747494335597 -0.007476600470787131 0.019133444881798578 -0.030622072051926574 -0.007388937877410684 0.018837723338752443 -0.02590092320923565 0.14356885102983474 0.10722035661824351 0.0 0.0 0.0 4.0
80 -0.03213159693016632 0.010944879566497034 0.050720666686737026 -0.05170225809175888 -0.04437263324167107 -0.005923378399683377 -0.046589553262848304 -0.03139877356469556 -0.0028652421998971445 0.13135303692013173 0.14865353399163048 0.0 0.0 0.0 5.0
270 -0.003298617138779658 -0.06692893193595495 -0.16621930626291648 -0.014958945627550846 -0.04239355802239608 -0.10063237541573211 -0.018988193218535954 -0.043872491506233846 -0.0649663318557312 0.16897823682789936 0.10635794443016695 0.0 0.0 0.0 5.0
17 -0.002552685174324165 -0.004862155184232608 -0.13324953767539915 -0.025048456776890382 0.0018509415204701618 -0.11340993887196882 -0.014375503200948048 0.00987466595300912 -0.11669174857321873 0.15896750218080286 0.1422804010747991 0.0 0.0 0.0 6.0
144 -0.039974225221838355 -0.060586901109914715 -0.19060375908839167 -0.020593495586168298 -0.008029403955444492 -0.11178576820005515 -0.02970824222217794 -0.01271513267550417 -0.10520540330533068 0.15347307339392485 0.13283686286457247 0.0 0.0 0.0 8.0
394 0.06463013185208522 0.015097680663316515 0.3777756161302577 -0.018114436139985868 -0.20978730072927942 0.16674482668175217 -0.0033512063339878884 -0.18360768334718636 0.20334088869509737 0.14385339204016148 0.1258716162840104 0.0 0.0 0.0 5.0
207 0.03610622856712942 -0.07796462280882999 -0.005678736712107391 0.03149795902669861 -0.017638681406529688 0.05409717881460541 0.029054603733243978 -0.030040844238960362 0.05714340285790631 0.13949965670889017 0.12243185626619513 0.0 0.0 0.0 5.0
455 -0.05333207925696626 0.12014442824288007 -0.11386747610271108 -0.054702369317588984 -0.022130109539389764 -0.19268262056023167 -0.054031673847604766 -0.025410824627832285 -0.18507901657215997 0.1319507366999386 0.1161682249785558 0.0 0.0 0.0 8.0
81 -0.1470611747332814 -0.07018028976168778 -0.10819593801323024 -0.09836065619060819 -0.06728944780958679 -0.06919188798035192 -0.1020170649200457 -0.06500170007317141 -0.08089910158061375 0.15609990444115776 0.16233816914800778 0.0 0.0 0.0 6.0
271 0.09850740323574336 0.1467210350692385 0.03619887797172061 -0.016231928969874576 0.007637322373094113 -0.07866772274665135 -0.01783728092765069 0.00102084226250021 -0.05632010878459359 0.16865402472012764 0.1527867835098136 0.0 0.0 0.0 5.0
333 0.11572070669677426 0.043033319287021365 0.13730374120684496 0.01844076528418337 -0.05503768972787826 0.07840761536527241 0.019786064082163213 -0.05123553740415554 0.07512674621982063 0.14774875099828919 0.14976234421432724 0.0 0.0 0.0 6.0
208 0.01891781975116036 0.02303303159443404 -0.06522534745468778 0.054004004668051886 0.06631080619948726 -0.02974619102472198 0.05366194892697118 0.06454222937847387 -0.025733793016980977 0.1307962773737903 0.16852895548950672 0.0 0.0 0.0 5.0
395 0.00141773437764936 0.04649154780140363 0.022296961119024683 -0.002915279357180056 0.027384334311510106 -0.030635001395837524 -0.0024385016152371763 0.02946790535420596 -0.020589907086750348 0.1445336317910915 0.13817141856132328 0.0 0.0 0.0 5.0
145 -0.007246887834812532 -0.014717308608503399 0.042880370578564087 0.01462161275798568 -0.034415126527088113 0.028697587287607185 0.011281862091168104 -0.03623757249113113 0.03167198367671942 0.16740596775040376 0.14712070174158148 0.0 0.0 0.0 6.0
18 0.038321124143960494 0.05018026403064901 -0.0008118606622548041 0.04287067951068391 0.06414002805922037 0.01607925882524386 0.04854424402752677 0.06793456240719231 0.02461864366363664 0.17530295036382884 0.1759279317201545 0.0 0.0 0.0 7.0
456 -0.008717280535583849 -0.01050203254844273 0.00890290022579543 -0.009976008364574351 -0.008781214186486364 0.018982614708457968 0.0009168165061161915 0.00651084141577174 0.017111795063784907 0.1115702100663648 0.11759293477447613 0.0 0.0 0.0 7.0
334 0.0651062908276474 0.15798161882375306 -0.11941284695030663 0.09723345516235837 0.18345747792949485 -0.10458376652230639 0.09752725115138072 0.1823972730298553 -0.11556317860811982 0.15330602271729796 0.15478484563506462 0.0 0.0 0.0 5.0
82 -0.042884903888986914 0.06345371150139223 -0.08274313802631705 0.01384121578005848 0.028447115152501645 -0.12046363903140633 0.017582160761543175 0.02621686382680033 -0.09113819301496262 0.15729579187399473 0.14258749552129063 0.0 0.0 0.0 5.0
272 -0.033241851457882166 0.014569075248419106 0.1234881427086163 -0.032235819281594136 -0.08716999004807624 0.07995983646397908 -0.02478674748205356 -0.0745548500902865 0.062042055218445524 0.1745538387421082 0.111166387123461 0.0 0.0 0.0 6.0
396 -0.012332079043171573 0.04983189134721333 0.041445210868231275 -0.03164926021523451 0.006564814319707457 0.004886563899616947 -0.029611109633769117 0.014736735203456863 0.004828134609983659 0.16080316881652743 0.129524569429533 0.0 0.0 0.0 4.0
209 0.05591200317918621 -0.1492614429796436 0.21758759104161607 0.05034953942320741 -0.1671467624337154 0.18924846720294286 0.05236989409081527 -0.1427757251090347 0.17846734852449142 0.1621381231446304 0.15642133380700973 0.0 0.0 0.0 6.0
146 0.23164289576854769 0.1153517710298071 0.03308159996656812 0.07926650853993134 0.0980750090128839 -0.009308926711438681 0.08371198123068857 0.09617283402648491 -0.012934942628413437 0.14941554066162305 0.11956981139749472 0.0 0.0 0.0 5.0
19 0.006120707273607806 -0.01307338590707241 0.041044076406478114 0.004771274356041966 -0.018786313187333148 0.03450126731971426 0.0030638686727482156 -0.01684540656939837 0.034711513931616755 0.1789484356450906 0.1639102478363698 0.0 0.0 0.0 5.0
83 -0.012802239536206739 0.07935702674111922 -0.02754962852378251 -0.011710927404570137 0.0809292920265321 -0.03279292535897271 -0.01263901808183332 0.07365440521961664 -0.03552194858794899 0.12681957754106174 0.13437455304923387 0.0 0.0 0.0 4.0
335 -0.030925923241788555 -0.05761003084007976 0.01726367245218796 -0.02483690384366266 -0.03829785048723422 0.041762113315843674 -0.02870326393139988 -0.04271993416284081 0.03872216933974548 0.13804917209633072 0.1130797050113719 0.0 0.0 0.0 5.0
397 0.013991318652774254 -0.03339345994217946 -0.003910043663505336 -0.039118947799854475 -0.03277234039671839 -0.019993622052329796 -0.037334156313137856 -0.03153922497380268 -0.021616612238738675 0.13471126165025404 0.10608710695993892 0.0 0.0 0.0 4.0
457 0.04169538502864922 -0.1501481601523832 -0.08038498578114661 0.026469206354970964 -0.09231806220562766 -0.0192490816071601 0.014531556037716387 -0.10364633746655161 -0.012085286271128481 0.14507221092780262 0.13601746929016095 0.0 0.0 0.0 6.0
273 -0.0634092007046313 0.030466674590131193 0.15716460746113015 -0.01129648398630445 0.0003261496902888794 0.11515762148309028 -0.02959977967938343 -0.010828979994091381 0.11059783493859121 0.1704156788756914 0.15724138734491863 0.0 0.0 0.0 6.0
210 0.06898672420348317 -0.007902382648138806 0.06570059126526662 0.004014529844303505 -0.00510637412089443 0.048291775351185784 0.008470035449779756 -0.0033375344078125924 0.04195871907741666 0.18222846145207788 0.16680525573301255 0.0 0.0 0.0 6.0
147 0.05001050771715665 0.014491255037830664 0.11072336039224173 -0.03461634283912629 -0.06316934227199955 0.007347271082110529 -0.02633726900016653 -0.054521818123743904 0.005272566540756918 0.14506515941459833 0.15011204757078672 0.0 0.0 0.0 5.0
84 -0.00865032419730316 -0.16190943097806998 0.05237017393593901 -0.05468575143464749 -0.14300292332731324 0.08829538155302519 -0.05497866476043989 -0.16425171695713625 0.05189183906292283 0.15670559771608697 0.13536737844840274 0.0 0.0 0.0 5.0
20 0.08877161993663796 0.1693987261284664 -0.07130505028343426 0.07564298198313568 0.22153302212593218 -0.01695037210181205 0.06533902117686585 0.21052919370485124 -0.03836512335263775 0.13534873672088243 0.19455180909800385 0.0 0.0 0.0 7.0
398 -0.0024777934288813253 0.006581306529254816 -0.06328692348651521 0.001346162336745671 0.006683509264985288 -0.040628473362132156 0.0035102935462756335 0.016904255667050005 -0.03716964268125056 0.16583195259190564 0.13306150274056475 0.0 0.0 0.0 5.0
458 -0.01168543698192781 0.047142838687874056 -0.02732930395229516 -0.025517800330909335 0.06208161006696078 -0.011840404301550977 -0.027062320092266834 0.061666220335051314 -0.018245255125252102 0.15678022017500864 0.14242129740073084 0.0 0.0 0.0 5.0
336 -0.029063089682819232 -0.11600190018452805 -0.052192273632979735 -0.04269811371215371 -0.07595830969285156 -0.020044870879132648 -0.04691043670950057 -0.06968124384407459 -0.008638557099065136 0.14092689550200363 0.11885850448147053 0.0 0.0 0.0 6.0
274 -0.04840338138534106 -0.004065301892940187 0.02165379933623135 -0.0652467350602044 -0.0627059302193198 0.03874018775846477 -0.06820028109941323 -0.05691142494170376 0.027377397527992064 0.16406344188397745 0.1454399531667052 0.0 0.0 0.0 5.0
148 0.04095703575855847 0.04653948701617061 0.033526800172283044 -0.019893411149086493 -0.008120020807830253 -0.003064534009835751 -0.015931693962198845 0.0038911553868636872 0.0022287505097251525 0.14899433654594882 0.13278988617346638 0.0 0.0 0.0 5.0
211 0.13814808950201662 0.10469563981245456 0.05947007955033845 0.07924703661809729 -0.024242751240759253 -0.021630648983192335 0.05877296023089129 -0.11196700116903191 0.034470546873106356 0.15697360276568098 0.09504794696220153 0.0 0.0 0.0 7.0
85 -0.03466955125241988 -0.009125839886652054 0.04520146907061595 -0.049871981973952595 -0.08563455214479665 -0.00041261382017665493 -0.05024154810039705 -0.08068466640584915 -0.0013256307695621583 0.14866135495602667 0.1343172975764385 0.0 0.0 0.0 5.0
399 0.09902046859429947 0.06924001305813321 0.07446902035916092 0.036505466590274205 -0.043639946128966156 0.009591191739314997 0.06822094011486146 0.023312811933179356 0.020004219774379495 0.15812672706298117 0.15656475177644708 0.0 0.0 0.0 5.0
21 0.04307864071896583 -0.02269931505629541 0.005163784488007694 0.021536010778550052 -0.005867707858325577 -0.015023558421961791 0.01834257181270016 -0.010475613063461453 -0.01546591177732548 0.1484025943394999 0.12795718040297133 0.0 0.0 0.0 6.0
337 -0.028621153831982382 -0.05152317915632654 0.034563174623367665 -0.020164830154149604 -0.05522187436833903 0.01717984549204532 -0.020866888611525303 -0.05893167710354141 0.01780031245468483 0.14796459169322254 0.15332278692609716 0.0 0.0 0.0 5.0
275 0.20983583657747817 0.0679830997290165 0.1196228424399266 0.15424150406052228 0.0014301215464511685 0.06863144820850176 0.14912168519647007 0.017244265917307322 0.05605558031961766 0.18725944644775155 0.17098467982245574 0.0 0.0 0.0 5.0
459 0.016443769496817362 -0.010647714272383868 0.06213103938820108 0.003385967786113442 -0.017795688561164424 0.04007545157712267 0.0016790978907554877 -0.020857773641033583 0.03734250524080163 0.16093544403269874 0.13069474943743978 0.0 0.0 0.0 6.0
149 0.038596900536658874 -0.028063004823275284 -0.053447802522320065 0.024531390205736026 -5.1188040472993634e-5 -0.030649833517783054 0.020204964813619997 -0.006461102987077028 -0.03318997510640087 0.1511013614828567 0.13137508244585588 0.0 0.0 0.0 5.0
212 -0.02084048646221448 -0.025924063825850996 0.111279790024289 -0.03015425350827028 -0.04276557392925351 0.09984069241642923 -0.030402351545353534 -0.04941540031363478 0.09328177717480002 0.17824017412701576 0.20255082495949955 0.0 0.0 0.0 5.0
86 0.009331137643517673 -0.13591586034553638 0.015392443220860086 -0.014099089492387695 -0.17167736599282646 0.002089650761379014 -0.009719404977237667 -0.16435159180079395 0.00028072376421350853 0.18479057708847071 0.18603108351427847 0.0 0.0 0.0 5.0
22 0.011188573620338982 0.012342056742482566 0.00394441824327374 0.004070672081750937 0.008849480130945997 -0.006142821465395798 0.0013571908484333317 0.006327013528199421 -0.00419917078652976 0.13044235896103828 0.11663974092094224 0.0 0.0 0.0 5.0
400 -0.00519575218732371 0.0012889605849344399 -0.02226664933684408 0.03216667605307677 -0.0178652029974935 -0.05718812007230689 0.03424778780161786 -0.02856315168281498 -0.04126722200298005 0.17484375284769677 0.14283181235527811 0.0 0.0 0.0 6.0
338 0.03562216497200632 0.012176617398063971 -0.06873075340130874 0.04774405582521579 0.019249121024434324 -0.08172581954891811 0.04639766967355419 0.025071048562917086 -0.08264156663966771 0.14953482647875965 0.15517742567482593 0.0 0.0 0.0 5.0
460 -0.007013547687174548 -0.029163980340748852 0.0014223486056037515 0.0132742734339526 -0.019427813833359453 0.012009668817879016 0.010783138996102393 -0.01996284617883337 0.018302859950204198 0.14911229258733125 0.14201132219756737 0.0 0.0 0.0 5.0
276 -0.029026020108277706 -0.03692869472760629 -0.023754359952071202 -0.003460886777270522 -0.009613327088882517 0.00888316774071729 -0.0028950559217754135 -0.005586847886512758 0.0032699170093957175 0.16907526437650033 0.15366853713790765 0.0 0.0 0.0 7.0
213 0.027218493514838515 0.03428472012889805 -0.004776743807265671 0.010267965170849491 0.023795006720105594 -0.006722211502127262 0.00788011223976448 0.022474467301167644 -0.0070756815176958865 0.1551925614634613 0.14953281224146903 0.0 0.0 0.0 5.0
150 0.017232602152836174 0.19017301668116215 0.07560610786174027 0.05875990945739229 0.08702657460747165 0.025567567802593283 0.06464632368249812 0.1340102593922483 0.04407414767175921 0.12540235695766208 0.11265171173937286 0.0 0.0 0.0 6.0
87 -0.03565953839355673 0.01917088746009754 0.07100940280183377 0.0013143789837721798 -0.0015231382900270374 0.0006704627087341652 0.0031143023123958447 -0.009169029337287471 0.0009056130457421041 0.14038111471970893 0.14013914622805912 0.0 0.0 0.0 6.0
401 0.014829126625468758 -0.0996227806033484 0.07527625992229758 0.04060009676853893 -0.11302619426754712 0.02383567855450397 0.050523147780616284 -0.11524579985408567 0.0273540039462834 0.15583334429538417 0.14326151203771997 0.0 0.0 0.0 6.0
339 -0.03285546982893128 -0.09268136249970171 0.07136939798753228 -0.024000028306087606 -0.057519977832486635 0.10146366785862959 -0.025315014436298133 -0.0773869830556968 0.11094553183138856 0.15578412070822495 0.12656833693656233 0.0 0.0 0.0 6.0
23 0.08735634727123354 -0.01914162599556868 0.10511580298763379 -0.03628792499482725 0.013542340070435976 -0.007525472861506177 -0.0455436107430649 -0.005722503370984122 -0.010273509423134985 0.15783608938101445 0.14850322464042423 0.0 0.0 0.0 8.0
461 0.013752723416819768 0.03065725691507204 -0.02179987304565456 0.033635884008317074 0.06344580350076257 -0.002074300598670309 0.03566092436012758 0.06299650686130565 -0.002368472467579874 0.10983696806412457 0.11444025726862424 0.0 0.0 0.0 6.0
214 0.01915312320024465 -0.02334997051572607 0.11203596298726559 0.02301604802673829 0.0136650984134421 0.14018390070794573 0.0251095830550232 0.0027989971365158794 0.15086241537602585 0.15089299318153723 0.14406465822025383 0.0 0.0 0.0 6.0
277 0.06943475454820969 0.04222926726225973 -0.039984159992351054 0.11974352964635093 0.04683414334960978 -0.05616265913971752 0.11568844038931636 0.0482764002285716 -0.06662003224786062 0.15395853857697014 0.14625398921541777 0.0 0.0 0.0 7.0
151 0.10826660738459126 0.13345276501159797 0.0036604381636677896 0.0349431829216198 0.1849330422864044 0.022905155159081314 0.039971453757940534 0.185380122498354 0.019993328802313526 0.1467724577853155 0.15538712274919525 0.0 0.0 0.0 6.0
88 0.034739653110595015 -0.019459441411988854 -0.012075189927027385 0.06137950010127091 0.008352262605672012 0.034933139469678354 0.06231119396915119 0.009186282922237554 0.03535176514183602 0.1406254855642419 0.1566704097938278 0.0 0.0 0.0 5.0
402 -0.0685468135293763 -0.04218596042110723 0.013425455441555822 -0.05077787070093487 -0.08227487668806954 -0.008710997901397288 -0.04472989865602295 -0.08021863080828717 -0.006020031994060759 0.16799812092722122 0.15009338514958473 0.0 0.0 0.0 4.0
24 -0.0338104841167588 0.02622872452245506 0.05405796482803593 -0.009981727293070564 0.008814155718972483 0.025761358493288533 -0.012756941906409636 0.0041076617819202355 0.030666116861924442 0.17501612216604112 0.18228932948041668 0.0 0.0 0.0 5.0
340 -0.010848417054840187 0.007384912585410852 -0.02881119843256219 -0.012807459004395949 0.0016909159313494015 -0.0263725596937332 -0.013562917342984093 0.0008920313356606258 -0.027509168331731337 0.14863986446697774 0.1338288902499466 0.0 0.0 0.0 5.0
462 0.04244694968165019 -0.05984496989802468 -0.0049092348367467675 0.0007856964607717565 -0.032430105503343465 -0.009862038169700216 -0.00021466905823153137 -0.02369235448400997 -0.004022865065875458 0.15799047159905277 0.1532884633099348 0.0 0.0 0.0 5.0
152 -0.01879209385971392 0.04221570412077735 -0.07219870056534561 -0.004268385394080698 0.1008384319031852 -0.0401000837886798 -0.005877151165750383 0.09437936786810686 -0.03947635443241637 0.14216085363922862 0.1540338041086412 0.0 0.0 0.0 5.0
278 -0.18039280039605832 -0.1766959240365662 -0.012581215123354084 -0.14565399189589656 -0.22510587995038245 -0.034947274358467895 -0.12472517286731322 -0.18029474012068603 -0.02576807996309538 0.16809231770482483 0.15264340440238944 0.0 0.0 0.0 6.0
215 -0.01779455749759673 -0.13415052038646424 -0.045185821885426525 0.04746312239743289 0.012135220877229624 0.11117300010463338 0.027628780037790346 -0.024735927724435225 0.10775423907012183 0.11748625923064059 0.11053188508703927 0.0 0.0 0.0 11.0
89 -0.0008424378637127417 0.0390026188187067 -0.0027096227773828474 0.011036055611225892 0.027596090260141093 -0.01897710043659706 0.005271691456959493 0.022070533467522857 -0.010623314212097501 0.16264827390693037 0.15574991834935797 0.0 0.0 0.0 7.0
25 -0.005875434261090828 -0.0073360401405216935 0.008990126719534253 -0.006455609258927852 0.006526346702647734 0.012696046395532123 -0.004877316444325319 3.4809956990233815e-6 0.009521414557545738 0.14228101931040693 0.12964770578141585 0.0 0.0 0.0 5.0
341 -0.026735055202948055 0.1572697092395734 0.09930751607165766 -0.018357151226021107 0.04859902076802336 0.01043295420637902 -0.02966826927023869 0.06021527436565943 0.024694443944548228 0.15374621789783102 0.14692041568379002 0.0 0.0 0.0 5.0
403 0.11550478181366697 0.4670521548195692 0.09592999067595454 0.1289920685753998 0.28830691409992193 -0.025195829939340553 0.10055903808978761 0.258658770772785 -0.038465788875733486 0.13061048514774218 0.11943723727581022 0.0 0.0 0.0 10.0
279 -0.006547601859501873 0.00470141848292438 0.07093622805017263 -0.03805732801406814 -0.034899016679660555 0.042036027215941685 -0.03537045604281841 -0.020132527912528952 0.04317217274164631 0.154691395023854 0.15653032077190424 0.0 0.0 0.0 5.0
153 0.06942811016662631 0.10055219404202731 -0.05845802128647182 0.07355235506486335 0.06030723471145216 -0.09148864616737207 0.08293126556610986 0.08200106910815763 -0.0907794682902403 0.16634543489704645 0.1491089118696953 0.0 0.0 0.0 6.0
463 0.018581616251646338 -0.023951451624178666 0.015423218110609316 0.01284767717629065 0.0070807618289141505 0.02272460928428388 0.004748422299264421 0.006038281977744253 0.018956292923032914 0.16293223178292887 0.1610624866748021 0.0 0.0 0.0 6.0
90 0.14393407327388008 0.06796017628171169 -0.16106405862358586 0.11981379964096894 -0.024255620773332875 -0.2138040664650307 0.1165485629032903 -0.017938669782536776 -0.20998262797381784 0.18689693635094254 0.1835841353614008 0.0 0.0 0.0 5.0
216 -0.009392815573547875 -0.029789549945277827 0.0947972283156342 0.028411544263880595 -0.06832412489595519 0.056724634854041334 0.03284690165524018 -0.06456279973715984 0.053704271491548106 0.14866675946269248 0.11218166949799785 0.0 0.0 0.0 7.0
404 0.015639041266071185 0.024176670150739543 0.015573326488372397 0.035373481690287756 0.021522870282785433 0.019424447400877343 0.030897290945970157 0.024266782300761403 0.015304705305987154 0.1276961857469613 0.11251010613669656 0.0 0.0 0.0 5.0
154 0.07571411152546159 0.032111783920669934 -0.020678223489845937 0.03853248888789906 0.006712226526223164 -0.057568828005699735 0.035228706337492754 0.004118266700828155 -0.05099645733479263 0.13899153143297077 0.12610170880733634 0.0 0.0 0.0 5.0
26 0.11872244413052435 0.12203284370133272 0.07847523671310097 -0.060311801643372576 0.2612806032676298 0.1155389522351169 -0.0477315090611653 0.215271381811035 0.08660646065321087 0.13660675671389402 0.12463016098628334 0.0 0.0 0.0 11.0
280 0.09064207820641323 0.009515903634605749 0.052679031683376065 -0.033762492635255215 0.027348478616789018 0.03723114794863869 -0.031075138756160414 0.012046010905076399 0.07037238535583135 0.13963683310533517 0.12764846745427627 0.0 0.0 0.0 7.0
342 -0.17953757290346195 -0.05088159677439752 -0.0998434667829986 -0.011603055217430214 0.08686993936193943 0.1312276516111952 -0.0003096772116509827 0.15028523046869768 0.14663722683156877 0.16220551852238366 0.12019697577373584 0.0 0.0 0.0 11.0
464 0.13634417579804992 0.41290168001925887 -0.07930866352213584 0.051461337978091715 0.2291446892362754 -0.15342618246731365 0.042569970992697215 0.23568098450333452 -0.16458600428553583 0.13463459494421404 0.09542676280964196 0.0 0.0 0.0 7.0
91 0.04371568673849913 0.16353362189471565 -0.02370182970023471 0.06115997254406613 0.1063277903141091 -0.05915724931170374 0.0652237485601721 0.10956951014634897 -0.047838992010547754 0.16191143564088117 0.1693686938704893 0.0 0.0 0.0 4.0
217 0.07052997477391587 0.0761886827989966 0.11869845371791454 -0.002785337546765576 -0.04122870933307743 0.033476988466370594 0.003576812340132962 -0.052199580518906497 0.030938214407650877 0.14133848313509229 0.10428198787020718 0.0 0.0 0.0 6.0
155 0.0165888395466387 -0.03791978958375286 0.12112014773878022 -0.005372593729153996 -0.09496259608053492 0.06599188849812432 0.004110765731009991 -0.08080775370456517 0.08360801229587178 0.19485724248394204 0.1796270452519694 0.0 0.0 0.0 5.0
405 -0.031415886986530084 -0.046227896497577636 0.09904160122784389 0.03261422082484455 -0.10595684742471134 0.0556350939693151 0.03649009010928572 -0.10354424249828109 0.016089594827273457 0.1990929887563652 0.1984695335973601 0.0 0.0 0.0 7.0
465 0.028915098551228535 0.07328588082245724 0.015430979211419338 -0.009057927565577328 0.04298222628871784 -0.007688828639674572 -0.011825703007431354 0.05228772666579928 -0.009118309110055733 0.13245892968781353 0.12243392167002985 0.0 0.0 0.0 4.0
343 -0.02286931115659785 0.04261909109700679 0.0007167494937012631 -0.0224178026620252 0.007804641667097378 -0.014777712306934365 -0.024316673582362114 0.017195357053589877 -0.012311494038411475 0.14097654496337206 0.13825392627079883 0.0 0.0 0.0 5.0
92 0.07182188308245907 -0.00800411316117322 -0.10793485682069959 0.05698820334329846 0.10709343624485523 -0.045397268829405646 0.06453345998694537 0.10010488797123229 -0.04311092602047639 0.14588621898062026 0.15966704023249453 0.0 0.0 0.0 6.0
27 -0.14422590866396645 0.2615569227605743 -0.24004055329257612 -0.17618604263053572 0.2060912794667502 -0.14647619091281183 -0.14351226601105693 0.16487469118230003 -0.23523477031421447 0.10867979416623433 0.1340779063634999 0.0 0.0 0.0 10.0
281 0.05235702096950101 0.024756272173148686 0.022598834475931584 -0.016447208895748133 -0.01671487803964744 -0.014661091792461112 -0.0002830370223141365 -0.014734022405122338 -0.004108185576430556 0.1372716965076511 0.12054996726791548 0.0 0.0 0.0 7.0
218 -0.018576466969844496 0.07430249704991687 0.010817874109192882 -0.004491379169724752 0.06595270018830068 0.004924058508606111 -0.002307559318166952 0.06612964931896648 0.00865855047284847 0.13981978761724906 0.1324155896607653 0.0 0.0 0.0 5.0
406 0.0053876609833609646 0.05762005230737466 0.02050875794490059 -0.05132440787307657 -0.013628714075799131 -0.04819264561682879 -0.04124872536887114 -0.0020611190640762445 -0.07371829494322268 0.14761691120065684 0.1347650499618181 0.0 0.0 0.0 5.0
156 0.22492003733955235 -0.11439881387064887 -0.0668397793980231 0.051968743023604214 -0.08158197538734835 -0.03223111115297084 0.04395200967344115 -0.12326753828944859 -0.012426428200430606 0.13286934203531806 0.1255066590535709 0.0 0.0 0.0 7.0
466 -0.046158338554391776 0.009236924374796951 0.03301640734006761 -0.03153355677442815 -0.020151128556091802 -0.0004741329627578894 -0.0315658595527335 -0.020179440853737463 0.0055123131528134195 0.16367912758033315 0.14901891254797361 0.0 0.0 0.0 5.0
344 0.018802174702852836 0.01380452860610104 -0.011788302111056859 -0.00029473762882847865 0.008388733890084099 -0.009755231265175968 -0.0012243914646855591 0.010073721645711853 -0.007326978675316176 0.14018881552972226 0.1382209234124723 0.0 0.0 0.0 5.0
282 -0.09692478734789844 -0.16142296043184423 -0.049177943454318473 -0.026708530261593588 -0.1485161618380092 0.009153921915547425 -0.029441980759484787 -0.14478587598102277 0.010411632540347826 0.15350162034091686 0.15606601390196084 0.0 0.0 0.0 5.0
28 0.02847714242281918 0.050848326007385314 0.021174838144801367 0.015535925508380233 0.036631283448416596 0.0011936695516925333 0.017541781159118308 0.03421774497376884 0.005342173616634804 0.1423089122440343 0.15025509373256796 0.0 0.0 0.0 5.0
93 -0.05155722816583852 -0.1310780713076607 -0.06609756390848298 -0.10506843513075637 -0.13291509743863206 -0.024284120500536632 -0.1015132878200351 -0.12152043794306988 -0.0405903679137557 0.16667244965556016 0.1985286962965585 0.0 0.0 0.0 6.0
219 -0.05797890859397892 -0.029054656715675753 -0.06956747662499063 -0.015050584537266598 -0.025532077724789715 -0.04791837204107552 -0.01477119587294995 -0.005754967530244293 -0.05886098762132663 0.11412572405600828 0.11351006658585283 0.0 0.0 0.0 6.0
157 0.055829959854059696 -0.004020086446759441 0.06865666020325945 0.02670142873706083 -0.03154722023429113 0.019913254486662257 0.024618954076976785 -0.02856975786860827 0.03016306859270168 0.1431602353716131 0.12792319742978722 0.0 0.0 0.0 4.0
467 0.0040045471324305915 0.08671414666663146 0.10187722564347812 0.018640753437037638 -0.08252826026211257 0.022713026894042754 0.009346111791627143 -0.06265832494400869 -0.01428466288036534 0.157964949414654 0.14272668193584348 0.0 0.0 0.0 6.0
345 0.07715028175609073 0.01929662202341298 -0.010883583802123287 0.04313295907254333 0.03259590298000692 -0.01202281334129418 0.040308450804000806 0.019768364684312534 -0.010511193421851361 0.12802274337162423 0.12651458117454095 0.0 0.0 0.0 5.0
407 -0.022840044585948682 -0.044081531875726276 -0.034969861955390424 -0.011659806601682643 0.01029974207542983 0.010500815087012283 -0.016715473888109456 -0.0008380812077568578 0.012635066136106321 0.16377508935938395 0.15399310215650183 0.0 0.0 0.0 7.0
29 0.00259382218824733 -0.024297565364224005 0.0010807540668487103 0.005695987452556395 -0.02692766576836514 -0.006637627652774425 0.008195328329543061 -0.021905246474527185 -0.0023502052174247945 0.12853257583985006 0.10698471332621115 0.0 0.0 0.0 4.0
94 -0.059170244165568375 -0.06273854342870488 -0.14296244233176536 -0.045050964100163515 -0.024247245369803938 -0.10416174676914958 -0.04264186499494993 -0.028749363743289402 -0.10291800038702947 0.15939761203958458 0.1587871839431972 0.0 0.0 0.0 4.0
283 -0.06779975853627374 -0.04775471940254594 0.012572388489042297 -0.025192239122354798 -0.059953233629367775 0.014878273000553444 -0.019524917196398595 -0.06713398420076078 0.007487651587899213 0.1779268761495588 0.1644452725261401 0.0 0.0 0.0 6.0
220 -0.0006370525812349204 0.03147672183641448 0.014755767588785718 -0.010246944677753334 0.012663619974387696 -0.02632917450840011 -0.007469799815916112 0.012273607826179367 -0.018734624406624656 0.13539369091504014 0.1187567420444511 0.0 0.0 0.0 5.0
346 0.020173925337326315 -0.05767469790069979 0.026326997602344582 -0.02985948051527887 -0.06177306425644524 0.013012146598109231 -0.028074027242539934 -0.05630875513322886 0.006664214320040385 0.152909418787355 0.18103681032645197 0.0 0.0 0.0 4.0
468 -0.03510841582689006 0.06165262312557984 0.0011485522207907994 0.0032513860605503098 0.0775714208071272 0.008436645385485608 0.00485709757020647 0.07109191970318918 0.02249737629544213 0.14427412175724097 0.15456604335434554 0.0 0.0 0.0 5.0
408 -0.04477249516901427 -0.03881401740281343 -0.007908745420928454 0.004957259088063104 -0.002550471758228756 0.02936142520083962 0.004694482792836796 -0.006062377140831909 0.02578926818482974 0.1433487559362429 0.13889345255205762 0.0 0.0 0.0 5.0
95 0.029552492226158078 0.08557811814880023 0.03433831344924587 0.03790811005325945 0.057973005510334685 0.00850125430589288 0.035525613154020474 0.057133376520496215 0.005332377875544747 0.1481456309040237 0.1620306780769114 0.0 0.0 0.0 5.0
158 -0.11251127011841378 -0.10971641390984721 -0.12982103918007337 -0.08008386140097912 -0.019320699090330518 -0.07017324317426266 -0.08225195406240926 -0.0023991286116790134 -0.07358016627780595 0.17746167955683384 0.14900591900317386 0.0 0.0 0.0 9.0
284 -0.03555403517785394 0.07862380251531564 0.07185959708941625 -0.04071988763507062 0.027450619470837045 0.007572708576749632 -0.047887293816247456 0.02518309920209738 0.012781598931101312 0.13058247109520388 0.12594329652697128 0.0 0.0 0.0 5.0
30 0.21884329777431888 0.055484243203569816 0.02891810901474079 0.057349974328429365 -0.013734413947562696 0.023025278883181954 0.06437973081352832 0.01039941932046018 0.026395958871553438 0.1614908860391272 0.1507515535087847 0.0 0.0 0.0 6.0
221 -0.04578584739905589 0.05174089319888653 -0.061814790202297076 0.012441663258108804 0.05616556757750302 -0.04958324980281725 0.020625295542311628 0.07923213180872701 -0.04655421325628617 0.16528598352997506 0.13574071850736225 0.0 0.0 0.0 5.0
469 -0.09350755189601212 -0.10140144733641687 -0.03578629868914085 -0.061370512977662606 -0.0848726378507435 -0.0025168700754167883 -0.0653333123347627 -0.0895028699653515 -0.006613177871790277 0.1721459111279306 0.1551140341745639 0.0 0.0 0.0 5.0
409 -0.011804417834712644 -0.037860822677250994 -0.08015317563507263 0.02364397716723854 -0.002942519998269333 -0.028777472408336058 0.020828509839449616 -0.0052938266864877015 -0.024877459839762084 0.14447070680314256 0.16183875577288653 0.0 0.0 0.0 6.0
347 0.03844955850958898 -0.03488066441336091 0.04235661090042364 0.0360962682227306 -0.014860466400016814 0.04444558978325919 0.034988000178465706 -0.021278160555054604 0.03992411108126115 0.15695755542661713 0.13113418758165432 0.0 0.0 0.0 6.0
285 0.035148795507808694 0.042886488884745555 0.04738747461811865 0.012722083843601961 -0.00034186825964166445 0.0016566005020823837 0.012815835032318201 0.0034276925974823236 0.0028459260780644424 0.1201315371227198 0.10427811069568017 0.0 0.0 0.0 4.0
96 0.03700892590406246 -0.10667586648302574 -0.05016152582981803 0.03980457773472468 -0.041531222930044076 0.014338044070425493 0.029128067386239298 -0.05405014245656581 0.013484492863627295 0.1265118907908377 0.12911495376650906 0.0 0.0 0.0 6.0
31 -0.08701411347794241 -0.07056525309254436 -0.010655688484002113 -0.03488836720652966 -0.05112466832438001 0.05091527848254307 -0.02339868400170997 -0.07025005232823078 0.07315107835264656 0.14909325811259463 0.17081221658473308 0.0 0.0 0.0 5.0
159 -0.14626649019196936 -0.17074380385302224 -0.03607981901930357 -0.03659993302617004 -0.10044866943568231 0.04747610196687524 -0.04050809894888763 -0.12907287275883172 0.06054113426636509 0.15327822018167653 0.14312391701086055 0.0 0.0 0.0 7.0
470 0.029375018286683652 0.13352101646701509 0.03244421119135099 0.004935779191572065 0.1064420273177773 0.0035152411837748865 0.03364986904423661 0.12664578196603649 0.020600625518834903 0.14995283157857744 0.1504593468838465 0.0 0.0 0.0 4.0
222 0.06067652439728777 0.017187535402392706 -0.14397087847308665 -0.017991861136687604 0.09883988819135547 -0.013467095958923925 -0.014172015368789537 0.09855427502159486 -0.02931887647436504 0.15618573387712734 0.1450170658232521 0.0 0.0 0.0 8.0
348 0.03734632411325234 0.1061661321918832 -0.030444879385866153 0.04239840936725403 0.09469444917051573 -0.06349616924632662 0.0408780409511047 0.08758502696627968 -0.07594932196101023 0.14310072743131128 0.1300653952711443 0.0 0.0 0.0 5.0
410 -0.04124716420738572 -8.542988781612415e-6 -0.08672149758653158 -0.019654472471069107 0.026667432441896732 -0.04876782241905886 -0.015094516711566364 0.0373274085143398 -0.06043928109357788 0.14679790003568657 0.14579521779808563 0.0 0.0 0.0 5.0
97 -0.03250645814760911 0.008205904620410376 -0.021163440050067872 -0.08649250279792553 -0.010565334579258567 -0.06915048510243038 -0.0881897033982092 -0.019661531352256678 -0.06603146465637943 0.14409927788163546 0.13765065375564137 0.0 0.0 0.0 6.0
286 -0.022933253263874076 -0.135312581131252 0.0033084090290207424 -0.009711822064623177 -0.09999735256353659 0.06463255631300835 -0.01109150433718098 -0.09239990543242171 0.05393817946883295 0.1703032599935642 0.15965177965567992 0.0 0.0 0.0 6.0
160 0.03211929423597182 0.06321772108276313 -0.0009268572143452669 0.016623591223500878 0.05417964816600529 -0.02445846993686973 0.017516284238320523 0.051002310166384124 -0.024975771637620103 0.16541155228239568 0.16049765969697644 0.0 0.0 0.0 5.0
32 -0.04368583584578534 -0.0339363334329299 -0.003600819489906426 -0.03275640862814311 -0.03252298840085943 0.0028020025951860372 -0.029281919716656613 -0.0280899655385215 -0.006380764751069745 0.16637446746593887 0.15380935792740433 0.0 0.0 0.0 6.0
471 -0.046849044233578385 -0.042280714200418124 -0.03761793150988657 -0.05149370678636178 -0.0518708601465826 -0.051791329087160776 -0.039547557491758534 -0.048805603908463335 -0.04826812925562829 0.1465035394059621 0.12147996015618771 0.0 0.0 0.0 4.0
223 0.1368154290121475 0.1934748394101522 0.09185602347202426 0.06954103802774725 0.21597840149428493 0.003082778745050252 0.07307853244410745 0.2100696795410355 0.0035890990744495976 0.1527123144581639 0.1491898186935349 0.0 0.0 0.0 5.0
287 -0.0016952206626826838 -0.08057119653070399 0.0015482805763100682 -0.02179971334188635 -0.038559344619695346 0.029179849128277757 -0.02200741910029813 -0.04064151539812577 0.0289235718100338 0.1587533436004746 0.15642402702308653 0.0 0.0 0.0 4.0
349 0.027877552154259577 0.08631461399241047 0.03203334862077578 0.02579587083107393 0.07923898057502066 0.024612558848257082 0.02448423495592511 0.0761675849226342 0.020990143933583116 0.13022097271183375 0.11104298963407486 0.0 0.0 0.0 5.0
98 -0.02515075978471759 -0.039534527382837026 0.02179667253275186 -0.009176130760959245 -0.05892653734658104 0.030377770906359514 -0.01040720211003665 -0.06001447132177673 0.03400792680568543 0.1516651686493663 0.1230387532734771 0.0 0.0 0.0 5.0
411 -0.06223967057732205 -0.14857925209894007 -0.049298432198633946 -0.0274924701916045 -0.08117423226355203 -0.028885608887915803 -0.022481086620854795 -0.09484518042979828 -0.021117462421002875 0.1638063045790682 0.1404232370208822 0.0 0.0 0.0 7.0
161 0.08551853792126973 0.12932218579674148 0.08271179993178701 0.023254973545860924 0.015935937269915046 0.03663887436269908 0.033074058258987904 0.021584206800850936 0.029890995293208933 0.1351684318419623 0.11714112581254485 0.0 0.0 0.0 5.0
33 -0.0703972911650469 -0.36064363862568916 0.09667833463368503 -0.03906261518180243 -0.3279205408383906 0.15248007235657313 -0.03806178774126601 -0.2597152620690367 0.08985240735640088 0.1688877212456818 0.13800179982031122 0.0 0.0 0.0 6.0
472 0.007957833846876428 -0.0007908470853241756 -0.004722480944618135 0.011979088953882666 -0.003923230397193445 -0.005092554629899104 0.012803423582696816 -0.0044460829141957925 -0.002207877496255728 0.15892694278244507 0.14334942406148765 0.0 0.0 0.0 4.0
224 -0.006859892010445678 -0.08439618958730566 0.05575596058806043 -0.009003973782995112 -0.07640252882330623 0.044643265768140816 -0.011162621439048559 -0.06309294955400357 0.026759606549042747 0.13383499743022356 0.13772921678533112 0.0 0.0 0.0 5.0
350 0.03616777997096454 -0.044035813009695834 -0.06651288126369226 0.013563590175484919 -0.046569228418938846 -0.0778932002944005 0.014054635908460122 -0.054262974358486815 -0.07693008417438651 0.15935898640070534 0.13686884644757658 0.0 0.0 0.0 5.0
288 0.027344262095623906 -0.03647936062198631 -0.027387351000670912 0.0070162787019174555 -0.03636581062876587 -0.03366860229833857 0.00751103099751016 -0.03190695378190389 -0.030612177035456267 0.1443627128800972 0.16547758353405403 0.0 0.0 0.0 5.0
412 0.04337538671277019 0.2008309709376246 -0.1181769924424777 0.0912133441222156 0.21541835047145397 -0.06516084006077083 0.09031031830167069 0.2109559964204888 -0.07313465068574121 0.15703084653060914 0.12032861267604959 0.0 0.0 0.0 5.0
99 -0.054675601166213506 -0.08296625315507056 0.02472571533972756 -0.035299904357619094 -0.08402657781505085 0.030333960453521547 -0.03698796721428865 -0.08990003095418686 0.02815688994369525 0.20089342280386294 0.20136784474733477 0.0 0.0 0.0 5.0
162 -0.12498358863235692 0.00955332707826484 -0.10687316453707874 -0.05626036091132147 0.026650980661197865 -0.0608305725041024 -0.05003740016470848 0.01757877412011899 -0.058705340254695204 0.13103316353159442 0.10351483166729707 0.0 0.0 0.0 6.0
473 0.09485785891047338 0.08719585932275375 0.024984842716595068 -0.0176328404592343 0.05037792438252908 -0.05183489455634627 -0.012711683350627112 0.05749573679588593 -0.04061197013523277 0.14320745861083994 0.14428227465732657 0.0 0.0 0.0 6.0
34 0.09194735460404502 -0.0177782596069761 -0.006386098387267669 0.07707736104843943 0.03928197416821244 0.01071479754558724 0.07140729121768707 0.009685810930858407 0.011054108411736152 0.16887849763280474 0.13605966007092452 0.0 0.0 0.0 6.0
225 -0.05177769736746418 -0.01396246014393454 -0.014794413196082545 -0.032354303195397116 -0.006413317198557089 0.005538285718476477 -0.03426693577996953 -0.00936018741670186 0.004955175426331726 0.15851122162542952 0.12880400801150288 0.0 0.0 0.0 5.0
351 -0.06829835828113262 -0.07192193329608143 0.04993882043710918 -0.04089672997250171 -0.06655006881625625 0.047015590989990086 -0.06350400615387941 -0.08241104867227989 0.04239000435345175 0.14643828795066413 0.12140106292283741 0.0 0.0 0.0 5.0
289 0.20408744150292368 0.3690022202254073 0.25284235655721954 0.09381162157195444 0.19115383237597938 0.016783732887337477 0.08996034583954438 0.17932614139147174 0.018532919955957627 0.16062865892321804 0.15113289978208924 0.0 0.0 0.0 5.0
413 0.06705820747793934 0.015606544521411081 0.05966922245051909 0.004039879147460512 -0.0337627014177575 0.017139035902688837 0.012263791542318492 -0.035783131062845364 0.021180147602059884 0.16140008335835918 0.12084597281553948 0.0 0.0 0.0 5.0
100 -0.08120323179783095 -0.16404824956297281 -0.08572088847386183 -0.07985868160103571 -0.16585989704732884 -0.049430901462619636 -0.08614807798352087 -0.16186134824180676 -0.050487805760352944 0.14784981917520948 0.15903383902784257 0.0 0.0 0.0 5.0
474 -0.005558422956851494 -0.06422479393089742 -0.015078632690275207 0.004806900141772985 -0.03856417788340183 0.028979346439671483 0.007127408274275382 -0.0354135818103225 0.02636184336063563 0.15033839445707767 0.14949522733008203 0.0 0.0 0.0 6.0
35 0.01705900570019958 -0.02428579560029187 0.07029956032367668 0.044100807482488236 0.03455660150829054 0.15355886905469873 0.03971988400548887 0.01898392752596445 0.14185365504790393 0.11293379326822499 0.12124347536365906 0.0 0.0 0.0 5.0
226 0.04813705477230412 -0.026821898013248857 -0.036969276602679124 -0.014748360751464018 -0.036428536942514134 -0.034421040034100736 -0.014407550673672498 -0.0271306634543792 -0.039424440776534175 0.16117554865721423 0.152317144201109 0.0 0.0 0.0 5.0
163 0.0280987468685725 0.03925106656262445 0.020503013408346815 0.02097559402480398 0.04962308099125945 0.010083990879742988 0.019466043327237337 0.04879854996207689 0.008258516601220789 0.14368582912645977 0.12398062870618415 0.0 0.0 0.0 6.0
352 0.0501208792452128 -0.013610376652126721 0.04274791841767889 -0.004500434320135693 -0.05728562849953578 0.00020941377659156046 -0.009625107106751685 -0.04497715403234226 -0.003431528068771783 0.1285490293466861 0.12469375857775088 0.0 0.0 0.0 4.0
290 0.07228399155749443 0.26287794548150134 0.05069141944992461 0.10320801801389257 0.2738476245490973 0.04304096744390584 0.09912438422368308 0.26769380530404385 0.026703361261174452 0.15106058856229457 0.15829875962835707 0.0 0.0 0.0 4.0
101 0.05957453589612238 0.09186632358008806 0.04916383064266516 0.05098056906088111 0.050332946184214356 0.02810728637544746 0.05670922574421744 0.05526050857813858 0.02861665270640068 0.15348365652163706 0.12508618198281335 0.0 0.0 0.0 4.0
414 -0.02715773755065498 -0.24775605550046065 -0.23304736997277964 -0.017332765468438982 -0.09496941960993044 -0.1450890456086189 -0.0304479671046739 -0.11652271331592856 -0.15488834316306377 0.16872150184348297 0.14072283353832368 0.0 0.0 0.0 8.0
475 0.0356797213825355 0.025499187759863373 -0.058887841380205086 0.00012750929399563127 -0.0096616311008757 -0.11941515019800153 0.0027149906523844525 -0.02284459313881282 -0.1179685881710194 0.19420888300844774 0.1711699353539361 0.0 0.0 0.0 5.0
36 -0.06076227135079426 -0.15691161131711195 -0.10058371998661886 -0.05246870033409812 -0.058269486261847026 -0.04546888107337632 -0.06195051906799243 -0.05255818248741384 -0.04718804022293155 0.1659444321723275 0.13293871217512487 0.0 0.0 0.0 6.0
227 -0.025218025095454122 0.07562021625446924 -0.21646194928639095 0.00208044897956583 0.09513912446207717 -0.17704356546990918 0.0066355156751214395 0.09856428497666281 -0.19148322483950198 0.1480153428023203 0.13230238603764521 0.0 0.0 0.0 5.0
291 0.01147280310165777 0.02128736874754633 0.013582969016501467 -0.005836875821492171 0.012633971751151885 -0.0018457938211841052 -0.0016917939642817625 0.010091989734327678 0.001521253507307696 0.14020849449054454 0.13962090385507592 0.0 0.0 0.0 4.0
353 0.03103419612914271 -0.07261272973384136 0.12944388637023163 0.05122707416195338 -0.04523439172026067 0.09071091484032334 0.0530130794790018 -0.06600718482062362 0.0994072729260762 0.14872049641994278 0.15914871476261644 0.0 0.0 0.0 6.0
164 0.022578741215995235 0.018711114585819866 -0.030851706233579357 0.019536157989225478 0.051088042348012896 -0.02330304094752289 0.013622875397003797 0.029372675017407923 -0.031104860574639792 0.15429814808909004 0.12469187928959781 0.0 0.0 0.0 6.0
102 -0.24987361186333112 -0.3014579316409849 -0.22713530209949573 -0.170138923518106 -0.25835005360671104 -0.02284001585394757 -0.15804485653047484 -0.25938434092471463 -0.015858984913903695 0.1694414323547606 0.18644909332851753 0.0 0.0 0.0 9.0
476 0.20089976124692543 -0.005575405588935212 0.16792865200673002 0.12605736381740762 -0.09539206085944574 0.08791987667126633 0.13304279285792586 -0.08629970209200155 0.07441956969738217 0.14927931264725613 0.12393435884319536 0.0 0.0 0.0 5.0
415 -0.039897775328812335 -0.05767554977310385 0.019126002368754502 -0.0523198802882312 -0.06450341187850106 0.00017266729386400392 -0.05334072112655763 -0.06637795324280515 -0.0020906130316521443 0.15283768833456518 0.11660166016874371 0.0 0.0 0.0 5.0
37 -0.06390170223707492 -0.021075977199196183 -0.0676076095201259 -0.007217684380619871 -0.009095678467749169 -0.034556538049303476 -0.008613436735578572 -0.024350508384886616 -0.035152633152739976 0.16380541833875717 0.15408894370934303 0.0 0.0 0.0 5.0
228 -0.026711392695172975 -0.01733737525197132 0.11479348070613327 0.009396554845660932 -0.08700960331748553 0.04639122103916704 0.004157511451075679 -0.0782018729639079 0.05463948757476822 0.1574914867577618 0.14294325543190195 0.0 0.0 0.0 6.0
165 -0.019892503928229277 0.015055216309339592 0.038291610162782375 0.0031342008664227983 0.00278306879882928 0.0113133939322827 0.00014808492636575465 0.005678397293322313 0.012858165629813234 0.13450382304872424 0.12608398253839884 0.0 0.0 0.0 5.0
292 -0.07536134963382235 -0.10113457060412712 -0.0062196886873414625 -0.04379861727526324 -0.05592991121148361 0.06837873406393946 -0.04762254360754259 -0.05592456434583837 0.05799196854526656 0.1357542942858822 0.11544421746335075 0.0 0.0 0.0 6.0
354 0.13416375565992333 0.052800454102007954 0.0060746064481025375 0.11133998487604391 0.0544826147444355 0.05498931779946603 0.11566631349941026 0.06303906279840432 0.0601574939270495 0.155236158512026 0.1671997654756394 0.0 0.0 0.0 6.0
103 -0.07266399987208372 -0.07116029681398761 -0.07081838208738334 -0.06537621957477247 -0.05136638215532796 -0.025369507072617092 -0.06202270079430061 -0.04666617157097075 -0.030953102436751312 0.20882395927198502 0.1447327274608802 0.0 0.0 0.0 5.0
477 -0.00721670984198719 0.08339166531001574 -0.06267145721690459 -0.006231363175894233 0.11417076318221375 -0.08504006012701382 -0.009433805044361754 0.11639652929581068 -0.0910474244217171 0.18352336876505385 0.19970892785844216 0.0 0.0 0.0 4.0
416 -0.026186146632511176 -0.05207544643229223 -0.02793735325668334 -0.009261803492033649 -0.01677630373595751 -0.0071068637384716915 -0.011746256490191787 -0.02412972836795857 -0.004047796318941144 0.15113566508435522 0.14191917534800724 0.0 0.0 0.0 5.0
229 0.051396057084566626 -0.00210808146126773 0.02988907107939731 0.014321631434340176 -0.006598624962916744 0.010908209399149715 0.009918704516819865 0.0016492422379996707 0.00536435367185506 0.1720637864672281 0.11448162032206512 0.0 0.0 0.0 5.0
38 -0.06807450819551775 -0.01881686313762887 0.05408793609770757 -0.023217753691622156 -0.031129105472747165 0.024928126030977493 -0.02143522748227855 -0.02653119516483038 0.02669494787634319 0.15221007019333255 0.16252711455872984 0.0 0.0 0.0 6.0
166 0.24533564321414802 -0.24881042974834366 -0.14649018201003416 0.09049296988751587 -0.0730560893717177 -0.0350687776869224 0.0806766047895886 -0.13418316730554847 -0.015350329582933364 0.16825827452145437 0.1526523831102642 0.0 0.0 0.0 8.0
293 0.0257527263962829 0.12002797102817353 -0.03972302030398189 0.027555505034751793 0.15755419436380325 -0.011793845141992887 0.03539798809119454 0.13155225137986704 -0.005494450293857311 0.14092945374846244 0.13540487471555213 0.0 0.0 0.0 7.0
355 0.019614410878489252 0.027109254665796945 -0.04642539759273512 0.0424203788184323 0.058435935251092586 -0.030113881498916584 0.040889133397480126 0.0439345170507075 -0.011146885532980266 0.1264418864378765 0.11775373442244005 0.0 0.0 0.0 8.0
104 -0.06875521997911427 0.036514774751982504 -0.10545467764085237 -0.04359674020231663 0.042909098730266715 -0.09296440666496886 -0.04071486639363697 0.04531906818133136 -0.09810715633477995 0.13719670307303833 0.12683828301267627 0.0 0.0 0.0 6.0
478 -0.02068638447090687 0.18598757558110557 -0.12059374205262108 0.060206411317251796 0.26509816151619225 -0.07020211560454603 0.055607054904147635 0.2572593153441054 -0.07373700946464046 0.14168639250528822 0.11003148876913202 0.0 0.0 0.0 7.0
417 0.013877462577862376 -0.10140326885638329 -0.032116061204226054 -0.017786568625772103 -0.0535912655616162 0.019614511694593606 -0.02473791880462828 -0.0683502891953992 0.0002376749338361961 0.15662034984287332 0.15236737688749877 0.0 0.0 0.0 6.0
39 -0.026363468237957544 -0.02364616318082169 -0.053564230619963404 0.0018246371932766348 0.01132323148982839 -0.02280614019117555 -0.001172797972748385 0.0053800640667092114 -0.022824399586567345 0.14832060067464034 0.12814002303273253 0.0 0.0 0.0 5.0
167 -0.01387807410929176 0.04365768315157381 0.013530355817786166 -0.001122353387609798 0.0647706058703783 -0.005327891769688842 0.002440446157028431 0.04914389341638303 0.005360487149550952 0.14714339762188328 0.1447090045603068 0.0 0.0 0.0 5.0
294 -0.001806005818054346 0.01058516916971941 0.026317471954852012 0.02642390502922254 0.054788781840875656 0.02610347096280119 0.023030122555237842 0.03771802453712447 0.019022812351340068 0.15541077635442319 0.17018989862559059 0.0 0.0 0.0 6.0
356 0.00045588679759478445 0.007210117139322403 -0.02700694620448585 -0.0015940555912383747 0.02586396649424949 0.016746922586812873 -0.0013629516822480925 0.029043983224972703 0.01666948166399207 0.14322077745802272 0.12421086007669858 0.0 0.0 0.0 6.0
105 -0.004671743549271357 -0.010886706884961406 0.0006474967648195662 0.001796131430870096 -0.007330981911155665 0.00526201518024072 0.0013693970717172377 -0.0070689600568266675 0.003882820672095333 0.14829596181034035 0.1131751199983936 0.0 0.0 0.0 5.0
230 -0.24099200413480737 -0.3254080302899216 -0.1792227600584113 -0.1631012665448951 -0.22220092529524316 0.10404457583966775 -0.14468279846881305 -0.2534408583193568 0.07458276610288861 0.1816931532441381 0.18782273385198597 0.0 0.0 0.0 12.0
479 -0.02636666524465625 -0.02009171885665606 -0.06329767890350668 -0.00042455127912954804 -0.00900670196392872 -0.05595780130023553 -0.00629298482067453 -0.015739763144169472 -0.059473509890549336 0.12076431936127607 0.10231467792753812 0.0 0.0 0.0 5.0
418 -0.06431269008919205 -0.16818792204945288 -0.08862557618714562 0.005112114317711969 -0.09889753439704829 0.015560986640785979 0.0044907905114166535 -0.11004608482062095 0.014545670194876736 0.15217304084538896 0.11454330558516898 0.0 0.0 0.0 6.0
168 0.10440934430541016 0.1465959133989101 -0.05217877963059714 0.04072815139106867 0.13037110904729188 -0.09424268859802365 0.03794424923057926 0.13076771128253228 -0.09778277424975534 0.15998102704302394 0.15778079368732034 0.0 0.0 0.0 5.0
40 -0.1336355081464925 -0.1296486791911884 -0.1448085061874651 -0.021595243026640287 0.004993469066726819 -0.0616643340446843 -0.014575914223067588 -0.004225656248804444 -0.04560547472579013 0.15934863256468018 0.15208063339791594 0.0 0.0 0.0 8.0
295 -0.23778382537738274 0.10757659235687078 -0.05024102913182793 -0.11152460596340052 0.08580848916993977 -0.02322410723549395 -0.13868969077461457 0.06329558745912589 -0.037886387060144466 0.15565737566570742 0.15199521712003428 0.0 0.0 0.0 5.0
106 -0.04048336451301693 -0.0351725770744864 -0.11355532822720382 -0.048382592065888796 -0.06168514035004158 -0.12845331874502663 -0.0383537176456048 -0.04933773539428621 -0.1280699267281089 0.16888811281743762 0.16584318869378994 0.0 0.0 0.0 5.0
357 0.0822250588466531 0.12823814138954814 0.028941019705638338 0.12519243317413475 0.15097992528424342 0.04531366176702001 0.12326638009885627 0.13397281393145732 0.03679141352886517 0.11409647215198342 0.11227377609209953 0.0 0.0 0.0 7.0
480 0.10483408758439094 0.06485863974593298 0.06563982348182784 0.0722214099319447 0.05059322064646343 0.07037383097973438 0.07326282809982265 0.04839130495035304 0.06055257709494999 0.12738368879800172 0.10530241516371851 0.0 0.0 0.0 5.0
231 0.029630927071865765 -0.021562640184857207 -0.004304651923798364 0.007351661654282804 0.002884560048984852 -0.010110200033938255 0.0033313344650429677 -0.0039048749544355887 -0.003607714623107161 0.15771484572085118 0.15103103691144043 0.0 0.0 0.0 6.0
419 -0.0006885485935369529 0.039994174812191474 0.04509770536622604 -0.004915016411602413 0.02447318550541233 0.029168698586082176 -0.002750794843338955 0.025112780628276488 0.028047010149501617 0.1454117013186154 0.13618609501589216 0.0 0.0 0.0 4.0
169 0.026143281098830684 0.02809215026793721 0.015427249809834453 0.015163602860671421 0.012129216602076998 -0.02113377368509428 0.019864736452176457 0.01732190426800484 -0.018483015743256392 0.15562040398934296 0.15557466560041777 0.0 0.0 0.0 4.0
41 -0.06486972369488442 -0.15752779694657537 0.01622850168105372 -0.03893534115882169 -0.1241583436172482 0.03058206987413503 -0.037306841681274405 -0.13400335447495793 0.05666330875001235 0.194168446552928 0.19751141940954361 0.0 0.0 0.0 5.0
107 0.037651882538890735 0.005971146713520392 0.029448277746296547 0.015947977592636775 0.017475935816496424 0.0033551994189886525 0.009507510104587169 0.008215034299476454 0.003693453512607414 0.1813633679856072 0.13642313584159657 0.0 0.0 0.0 5.0
296 0.13738275447460957 0.139381608151961 0.37434504751564956 -0.05175177471920345 -0.12793800801174438 0.09108991427389657 -0.05447610596367869 -0.14951811881563914 0.10378985802353524 0.11592931778498937 0.11840324731381195 0.0 0.0 0.0 7.0
481 0.19638796994349983 0.07739377637440392 0.20633536792178453 0.09107432632616841 -0.025377158583916315 0.11876774726376338 0.0879701743686574 -0.0012970838921054773 0.06115396771254056 0.16072289609788484 0.15436217734018867 0.0 0.0 0.0 5.0
232 0.07488281461327939 0.09230675950330869 -0.029609641287919763 0.07459018026710118 0.15311498092471032 -0.004099307615873737 0.06963843671586667 0.13822339688168395 -0.005990711400998272 0.1146694196676169 0.11081263582903637 0.0 0.0 0.0 5.0
358 -0.0075074549617629716 -0.10633355922932541 -0.04623778389755284 -0.016194744695293806 -0.08185428804335715 -0.009156484025332534 -0.01594888044880982 -0.0820904940168643 -0.007836377493703806 0.13247041008179408 0.11221189758623994 0.0 0.0 0.0 6.0
420 0.20073755411716188 0.17177303872443606 -0.07982254101356323 0.14551869506978776 0.19765074508295655 -0.06035290213458089 0.1354769969969234 0.1817258451284567 -0.07016121790168395 0.1313452631326593 0.10297242798425282 0.0 0.0 0.0 7.0
170 0.019526406764330373 -0.01950226385925491 -0.05824477627890401 -0.08798994231960111 0.006544114998452644 -0.010738521216304586 -0.0761249733549283 0.02196337869538989 -0.013535395356353508 0.20752175376520324 0.14878115400055347 0.0 0.0 0.0 6.0
42 -0.030504455610135595 0.014408486778050067 -0.043173867847214886 0.0019988329179494446 0.032559217650151906 -0.028114046062029163 -0.0005318557580324956 0.03221862702947953 -0.03197610881636803 0.1431831545361533 0.1394405792538466 0.0 0.0 0.0 5.0
108 -0.009594626742561507 0.004627170218419074 -0.045345312545708505 0.0008281712741480263 0.025779273876063824 -0.030001450309085964 0.004922291596811679 0.0267604277393092 -0.029335468919468477 0.12820292020735194 0.14742980314449403 0.0 0.0 0.0 5.0
482 -0.031350997144400705 -0.017291650903902278 0.006814842263729526 -0.013958981175270946 -0.017136808228004896 0.01449458176402052 -0.01105243366628783 -0.011552809555869459 0.009740731740709885 0.13809864966213642 0.1376488853053411 0.0 0.0 0.0 5.0
297 0.08393626779172303 0.08140329493877152 0.036242786819951744 0.017696892216180204 0.08672584588467824 -0.0021681131842973267 0.027837693040763778 0.0894672144384141 -0.006788653153029345 0.1572083748882805 0.13374810898665232 0.0 0.0 0.0 6.0
233 -0.017077647528652595 -0.297841069776573 0.06536412166397931 -0.07567884082906562 -0.31523219576324857 0.06752520573396281 -0.0780260191481893 -0.32257017941757615 0.0684381762579922 0.16381213002167294 0.14783692234216683 0.0 0.0 0.0 6.0
359 -0.0014125314303463643 0.017329847263167997 0.06834018056556723 -0.012026266877137592 0.0005358234008741025 0.035657789258618955 -0.016425686699881092 0.010260017938159782 0.03088430316014157 0.15423419477687927 0.14703687265925047 0.0 0.0 0.0 6.0
421 0.004121367562752942 0.017083489330726565 0.034235837644765565 0.00726388836220071 -0.021095100774383146 0.01034092559392974 0.009989047122637151 -0.017500479386911016 0.012993967762726433 0.14251815612696977 0.11053853565894503 0.0 0.0 0.0 5.0
171 0.05985033041046628 0.07812557096060968 -0.014765091189259394 0.02759407746579745 0.05944129701766432 -0.029799608955989654 0.029031047693758083 0.06065460261251254 -0.025385540959138475 0.14552284838225396 0.12676106002395054 0.0 0.0 0.0 5.0
109 0.020268032341581366 -0.030041554999936215 0.0487966783117495 -0.0014765704502680554 -0.0019127069242929062 0.06332340408877446 0.004072278332504009 0.007144816330493242 0.06174582943660245 0.15760467339305492 0.148535259093646 0.0 0.0 0.0 5.0
43 0.09772173548845542 -0.34874117628526113 0.13047302794726612 -0.1293960507046823 -0.3716853608519578 -0.009974893241529115 -0.10171458393346589 -0.29256532847125194 -0.020281830277964263 0.15839548614684437 0.137007903431581 0.0 0.0 0.0 7.0
483 0.007353947289264973 0.02154546504498711 0.015518662024626373 0.008299848890743977 0.011259236107648452 -0.0007216404748096039 0.007941091432682734 0.015419233233007645 -0.003447610652782873 0.13986983548205245 0.1310406847924445 0.0 0.0 0.0 5.0
360 -0.09081640251245482 -0.048110216463425504 0.019079004383232734 -0.025127506343143424 -0.009862921954352899 0.10682168363312172 -0.007459644706837909 -0.019106691787941554 0.08663890252470696 0.15241682532777465 0.14580042030801416 0.0 0.0 0.0 6.0
422 -0.03699920915630328 -0.03483047393745531 -0.031522090263041536 -0.02575290743708636 -0.02850489245599941 -0.01850640829722272 -0.02586742882252857 -0.029845763283437576 -0.015826243236576443 0.14394649111773702 0.15751358184327505 0.0 0.0 0.0 5.0
234 -0.048351181463454296 0.06780878642628951 -0.002263231301253832 -0.015398883121530038 0.04391262853243916 -0.010234269285414932 -0.0208345709253851 0.03816765725003157 0.0014676433744877926 0.17861148175876626 0.16345520787266138 0.0 0.0 0.0 6.0
44 0.005230422227324505 -0.011289220281405887 0.03465751556454144 -0.01321742659660563 -0.03963857712759833 -0.005490446485410194 -0.01481692039306326 -0.042335751173918745 -0.00022221836487490432 0.11953529247106837 0.10476211911156337 0.0 0.0 0.0 5.0
110 0.02956616707991233 0.014493586654775736 0.0346638699331443 -0.01889520431034919 -0.03639356613654743 0.0023309011483854114 -0.016898278344556483 -0.03854456722811894 0.0072214021436738385 0.10710754906706528 0.10706272622183956 0.0 0.0 0.0 5.0
172 0.004599404355399184 -0.044729812537902425 0.002862849037178705 0.033018569206330506 -0.03649138970134291 0.01906728796333601 0.03337503509185269 -0.03403045146985362 0.012836943771434406 0.1828452942427998 0.1808048534198806 0.0 0.0 0.0 5.0
298 0.0417762540765938 -0.24387955471167277 -0.0004826425509315557 0.11426405621803415 -0.04806469529233515 0.10728694746922973 0.09798866655685612 -0.03795851146006768 0.13107793239922172 0.1606109525510714 0.15728034399762902 0.0 0.0 0.0 10.0
484 -0.018783443942097966 0.020193366158206327 0.05382828544204199 -0.008860937898884758 -0.04009294825884324 0.035793622770020184 -0.01583729588512428 -0.05016590945226829 0.02485042602873655 0.12645373694333073 0.12854918146071756 0.0 0.0 0.0 5.0
361 -0.00038137924576697735 -0.03871104222769162 0.10346462032119796 -0.010554033092873283 -0.06390945220770261 0.0526194227375234 -0.01452923674247053 -0.07680076932736102 0.05420989908021112 0.17630062309672176 0.17275220789573795 0.0 0.0 0.0 4.0
423 -0.008363570401778264 -0.018746347341317082 0.06312315040717587 0.007099704311420041 -0.016924638555739002 0.06384970535994072 0.004013994383564423 -0.021599033838167414 0.06304347988467374 0.12114734258185676 0.0976724281814852 0.0 0.0 0.0 5.0
173 0.0655207985438635 0.058197191855015706 0.08544644915954436 0.04210781485399795 0.05503881400069943 0.08706837174452642 0.016251943196061713 0.024650936612244267 0.055003970029905425 0.1263213150674425 0.1138504534836146 0.0 0.0 0.0 5.0
111 0.050348211028631074 0.04076066104689735 0.008620629204880714 0.054183065959630294 -0.06529301273712207 -0.01788089468882914 0.04036077961896911 -0.059144724343897725 -0.02228507550354286 0.14694981330706713 0.13454411779858028 0.0 0.0 0.0 5.0
45 -0.12360360845026586 -0.11627077209331693 0.10347435821641549 -0.028752204349482002 -0.1312741126211 0.03333880162212055 -0.014305940613016266 -0.10492986861558762 0.04113828764215932 0.12347719340726149 0.14363498350282858 0.0 0.0 0.0 5.0
299 -0.028300287484184006 -0.042611571614247 -0.04840316516169241 -0.02627603154425362 -0.02635300290360365 -0.03375267445757113 -0.021584063639758067 -0.022708158654303978 -0.030125382155479885 0.17477471641637143 0.1546223037520479 0.0 0.0 0.0 5.0
235 -0.050978831448338924 -0.01271479765575756 -0.009718598714837934 -0.013948386749829567 -0.015780727610280154 0.0056447739684588605 -0.01160214823702821 -0.0016570862119928975 0.004644210463042864 0.1647606315792709 0.15145066276628458 0.0 0.0 0.0 8.0
485 -0.09767950650149093 -0.13207057857533744 -0.00719384578145732 -0.07971994383665104 -0.11937552505776561 -0.0010195760534061904 -0.07708005668774465 -0.11708708836731441 0.0026569615417664227 0.19779961556826411 0.14563479453704517 0.0 0.0 0.0 5.0
362 -0.09986233163882097 -0.20784683392826653 -0.06599788392945605 0.037844395568617406 -0.052184365650079556 0.07297022183227408 0.06894713133730423 0.0089841199268057 0.04421973512231325 0.1103015248850572 0.11498132012965048 0.0 0.0 0.0 8.0
112 0.0247920651809741 0.002129888661201784 0.004978594193716823 0.007951303907977936 0.042474051652251044 -0.022663881106093076 -0.013394843956164748 0.03341398195308298 -0.025445674715649735 0.129674678799741 0.11300540891385573 0.0 0.0 0.0 6.0
174 0.021477325492061716 0.07436523726552924 0.07834461062964704 0.014497332731666424 0.007981935164735665 0.009955615152167141 0.01382083856512506 0.016886492456871904 0.01657786630220448 0.14601484228415726 0.12822492270835328 0.0 0.0 0.0 6.0
300 -0.006370515207901772 -0.0040260526810529385 -0.0376674006711174 -0.02600346922694463 0.02081493406982826 -0.017800213103346563 -0.020835550755032628 0.016508325364043452 -0.03472269216864543 0.15936940032799166 0.1430322593137549 0.0 0.0 0.0 7.0
424 0.08472163246103892 0.8045705314363045 0.4632170793119126 -0.0320624633825769 0.23983369682093514 -0.20769822393725668 -0.020446520922125067 0.253076138993211 -0.20526599512466726 0.14553447922185256 0.1304252590681089 0.0 0.0 0.0 9.0
46 -0.018358874912207224 -0.16798135215155008 0.006899262281103047 0.03491974546889942 -0.01738372929828802 0.0575007514744601 0.0234131552849004 -0.06795011784425764 0.08496564519728333 0.1400856577241553 0.11225918845867593 0.0 0.0 0.0 9.0
236 -0.058690814332210794 0.03626615767317842 -0.04581516848284639 0.0493059437272223 0.09314621656970612 -0.04435915651205835 0.028175251514956035 0.07565312764285514 -0.017335208814964864 0.1386141440945982 0.12972948552876526 0.0 0.0 0.0 7.0
486 -0.24671715349294565 -0.18063155153258015 -0.2448269853981856 -0.02959239392547164 -0.013597665940191517 -0.1232075772733936 -0.05746304938971025 -0.008908778253975735 -0.15505166910811752 0.126752290905219 0.09253595904577527 0.0 0.0 0.0 9.0
363 0.011505829798988731 0.10462388049392901 -0.023642274996957147 0.041302848463196096 0.09319689887856009 -0.04160952525545625 0.038345875878200264 0.08017882852351277 -0.0441939603608581 0.17922764986781375 0.1661875968204032 0.0 0.0 0.0 5.0
175 0.07062085551155417 -0.012609690526658501 0.02208275615651245 0.03330864777879605 -0.007014669345601798 0.004916265471084147 0.02311331453036458 -0.02557009073909544 -0.00011112641203547824 0.1505321158932225 0.13929042309452225 0.0 0.0 0.0 5.0
113 -0.012312107523317684 0.0330487538241917 0.04487627109597536 -0.014550505366288657 0.014411471710229717 0.00831541631170496 -0.016287003550854218 0.014870019312781535 0.010495972715025337 0.13900966530294182 0.13632690868689695 0.0 0.0 0.0 6.0
425 -0.09776343240464591 -0.043393098779226924 0.02282860037471046 -0.1634472950545628 -0.09546654630337226 -0.07014982910636669 -0.1415673004362007 -0.061205792693744376 -0.042247082987338924 0.16272574773574214 0.13294244837619845 0.0 0.0 0.0 6.0
47 -0.013252431970349976 -0.04441254971249653 0.009286616206679366 -0.03709040025480803 -0.0665390641901129 0.011577262463493998 -0.03272296836400679 -0.06428369124390754 0.01625190514692343 0.15697749952358003 0.14371068081478816 0.0 0.0 0.0 5.0
237 -0.00525799557495632 -0.009408751552584249 -0.013038897269641692 0.0041030691129202435 -0.0022442531639996766 0.007667729699790238 0.006790544191540571 -0.0005994253029174557 0.012268085229197645 0.1331795502148592 0.12897348310512632 0.0 0.0 0.0 5.0
301 0.008454479380239022 0.037237847973967675 0.10821982853756729 -0.01697969085017037 -0.03954872838382195 0.02077174236279844 -0.01455311755221933 -0.05526658085678948 0.03637150734197303 0.14732035851104772 0.1310489428226814 0.0 0.0 0.0 6.0
487 -0.0162309514563872 -0.016608396910801293 -0.04710458259991057 0.005182510898752435 -0.06734531317919368 -0.0993428102033369 0.01613295645735069 -0.034565592330095596 -0.11025581358542691 0.1624252116278304 0.14142604170486256 0.0 0.0 0.0 6.0
364 -0.03946887967891932 -0.046379232537046566 -0.042896637398154414 -0.0426375812603671 -0.04815914430250545 -0.028386598340081393 -0.0468503529871257 -0.047768786493810445 -0.03461360673878433 0.17616903774730291 0.12255388522642795 0.0 0.0 0.0 5.0
176 -0.034782854656212336 -0.008632871962768962 0.03580133998327195 -0.01984340625901393 -0.008378476253440792 0.04919094267801816 -0.017338012317234863 -0.007593716508350723 0.05607254096786929 0.18148233964181257 0.17845868605590365 0.0 0.0 0.0 5.0
114 0.011580297751002666 -0.056638541358710826 -0.01916605692433615 0.012025797578799846 -0.01802781434940337 0.02151428312394965 0.0048255221969430995 -0.030551568703093168 0.021066393514948656 0.13989947069560818 0.1294300544958192 0.0 0.0 0.0 6.0
238 0.010130331620805899 -0.01984414292335357 -0.009486791346498102 -0.025041563598871885 -0.029817625448215646 0.01499767176461786 -0.020571293391792644 -0.024382009761225953 0.01610295967470754 0.1373850296454552 0.13352896648790943 0.0 0.0 0.0 5.0
426 0.07708853678165961 0.03256719726066937 -0.03731194119263792 0.005083520731726798 0.017442716508175637 -0.05538299531738711 0.01293186063373497 0.011814110520588228 -0.05544903937271761 0.1476577863652425 0.14407595339849158 0.0 0.0 0.0 5.0
48 0.014696226636885301 0.048322051989184045 0.04402873373246052 -0.022645796816914254 0.013085777104222762 -0.009226253350554492 -0.01213784123328221 0.018851234429484887 0.007787206141334213 0.11916168020378791 0.12694996893933339 0.0 0.0 0.0 5.0
488 -0.04904309897040193 0.013991809394565902 -0.014625643950865408 -0.03283600659270436 0.015825765368450595 -0.015435010092322399 -0.032966189866307616 0.017030199291689696 -0.016472269712904053 0.16564221011394822 0.1398517900112507 0.0 0.0 0.0 4.0
365 0.012441841194758885 0.02120216112913642 -0.001794689232777924 -0.014484095230744565 0.014468476771848371 -0.014576457747887406 -0.010969123445071172 0.01020448776988836 -0.01082756320623579 0.14183734861751346 0.12640495829985973 0.0 0.0 0.0 4.0
302 0.0008489945271288324 -0.1403032283744131 0.1582794635908915 -0.0940658860527851 -0.036735491811313414 0.0710733653351272 -0.11276243431663946 -0.10677241759904721 0.05875615045079052 0.14172850113473331 0.13034478761004584 0.0 0.0 0.0 8.0
177 0.00016749725513709457 0.009704951988810384 -0.034735939981363706 0.020813637337700364 0.00498506796381748 -0.02807808044462845 0.023497542953357264 0.006814814842775352 -0.025347757510756574 0.14348469569609362 0.13448408313832 0.0 0.0 0.0 5.0
239 0.06205198004413237 -0.04775114392696955 -0.09978262968324536 -0.06559329850825102 -0.052250318030240495 -0.2160481908773566 -0.058657977966968367 -0.060990744047925816 -0.19922778268379937 0.15733437087931493 0.16877450168366992 0.0 0.0 0.0 5.0
49 0.00037489669864054775 0.014975323577772315 -0.0011060180317314927 0.009208216384332335 0.023637175473291583 0.027161109824893837 0.0014833773760145608 0.013524600176886059 0.010410793807201557 0.13476073099171063 0.1409524086270227 0.0 0.0 0.0 4.0
115 0.09050832888799865 0.07373184624411011 0.03159005863102249 0.019035436836392083 0.033972993816292485 0.022258012294913643 0.0195324900386471 0.03880527725246985 0.025465819437075377 0.14956032657345777 0.1550417237746294 0.0 0.0 0.0 6.0
427 -0.08957842066073096 -0.07107570644968342 -0.0671524033407851 0.02820958689129771 0.016412897986721298 0.06511600900593173 -0.002847424349743277 -0.030441121992766607 0.006622325916353589 0.12585556165315046 0.13081567254327447 0.0 0.0 0.0 7.0
489 0.012245124140093155 -0.04448975269752309 0.0014063388830849455 -0.06383979352654079 -0.058632331249224734 -0.05599539126932618 -0.043252078799141946 -0.05076052684637988 -0.022742136738547303 0.13836765071279541 0.13310563305717443 0.0 0.0 0.0 6.0
303 0.06557889309609721 -0.1205327227980596 -0.15759075984664228 -0.0020326484982254867 -0.08707784725842516 -0.13153587624312224 0.0029906882546486546 -0.08696387310804565 -0.11740202302382186 0.17222937782120773 0.15424776639711968 0.0 0.0 0.0 6.0
366 -0.022055991183167367 0.00979459847943498 -0.10332352794756106 -0.04614990001873931 0.06727541414961768 -0.049990470466594994 -0.06017805056295933 0.025763923434340308 -0.09002919194954118 0.13757047811743484 0.09998437059755219 0.0 0.0 0.0 6.0
178 -0.0004107533925915563 -0.027335400384534525 -0.0014558223188536612 -0.0020368754743589346 -0.02035633859800212 -0.0002689123061018206 -0.0022633016960722507 -0.022054138996125516 0.0013563865063477287 0.1561109803495013 0.16153935666138744 0.0 0.0 0.0 5.0
240 0.021565784600919624 -0.010219661013933012 0.06649413515157199 -0.009165590682653657 -0.025980901382078758 0.05903044588466 -0.007931101463806822 -0.02281733685780285 0.05488855400223369 0.19859735650790677 0.19870357364617056 0.0 0.0 0.0 5.0
428 0.001116813710865916 -0.07760703436379568 0.0572026991383805 -0.08414970951314782 -0.15547257463898922 -0.06060550721122204 -0.07415827309495782 -0.1632609585138003 -0.06530489671960371 0.15269940454752504 0.15219594760673041 0.0 0.0 0.0 5.0
116 -0.000985583264609402 -0.003702030115963151 0.030663877866418554 0.017322505361375917 -0.001992100077630843 0.01722608934389247 0.01444516953199404 -0.008501893927083115 0.02219680127959145 0.16728513559468167 0.13155429103585492 0.0 0.0 0.0 7.0
50 -0.025180581215193065 -0.01237932793574803 -0.0522854729969654 -0.02807430612957873 -0.011389116714012326 -0.04895740903720169 -0.024448793622188658 -0.009546123522375716 -0.048321142941662565 0.16770414682891485 0.1592937514580213 0.0 0.0 0.0 6.0
490 0.030200359349231487 0.05144501004594426 -0.007426375984330047 0.05533321030359639 0.0755848009193214 0.017401754968323635 0.051477111843380996 0.07155791170700843 0.016111930466871316 0.16098057365973847 0.16932423741505415 0.0 0.0 0.0 5.0
304 0.054652828678742216 0.012573933768377454 -0.015214489721890212 0.06669290343373846 0.008113751837905525 -0.013799379561240666 0.07097011792388241 0.00343643286519546 -0.003252629588971212 0.13355561409928557 0.09866732614364875 0.0 0.0 0.0 5.0
367 -0.07585810223293288 0.0047310581510870975 -0.020921245029210445 0.03237366027629163 0.003638648591603344 0.002532485628312875 0.04870668179136395 0.00020012183142203988 0.022282383007067974 0.16309865197067056 0.12065032171923806 0.0 0.0 0.0 8.0
179 0.03814321230950868 0.08209034739122045 0.03059774114261593 0.020971613831639146 0.03765018706216949 -7.726669593266511e-5 0.02648574814641136 0.04854129148933217 0.0005926378811922373 0.16168683838981376 0.14790451999341683 0.0 0.0 0.0 6.0
241 -0.04752627628842865 -0.08561772467672524 -0.01172414304549474 0.008532920928794319 -0.03866615693355424 -0.0417918060972412 7.014173323272033e-5 -0.09801774021858511 -0.015820834004235618 0.13732394524435912 0.12738940747695077 0.0 0.0 0.0 6.0
429 0.013008655568687244 0.005643078895356535 -0.014551961171673011 0.01264008704694275 0.020679871279173145 -0.007370579545309064 0.013453478596435975 0.019248958480616363 -0.0060073449626011355 0.13936474712170094 0.15081467167261797 0.0 0.0 0.0 5.0
51 0.06751520147894574 0.028256896658531927 -0.014314686107828378 0.032425364287640646 0.024488270619323682 2.9698565377378472e-5 0.034560061090440186 0.02634383437433163 0.0006769623612055131 0.19209890571986163 0.17706932172192952 0.0 0.0 0.0 5.0
117 -0.003169969480247059 -0.004394280201007517 0.009409895842086957 -0.002336618563199333 -0.01801167174993834 0.0027746274428581685 -0.00420839672216311 -0.019286809461175225 -0.00060732479186687 0.18707923595137202 0.17603581992951436 0.0 0.0 0.0 5.0
305 -0.060687997277884764 -0.063729635016058 0.029462019282364915 -0.043876905940803845 -0.13724912591206906 0.04357616300989253 -0.047591054148663936 -0.11298613903933097 0.031709173328727136 0.14482919901365246 0.13800626292067075 0.0 0.0 0.0 5.0
491 0.022685344850483347 -0.1536243208072252 -0.0820682598345257 -0.0021148029927563483 -0.028631447671689236 0.010550372495142124 0.0003210184790090054 -0.045049565357459076 0.014316031717336752 0.1531977019786838 0.1116987647816619 0.0 0.0 0.0 6.0
242 0.017598801996556723 0.05064722415428724 -0.006239542839141188 -0.026986350476037035 0.01625735526645511 -0.017976894130338428 -0.029035855442426928 0.013024878479078739 -0.018624862157470834 0.13878658402738836 0.15115387028854416 0.0 0.0 0.0 5.0
180 0.03406531976786442 0.001336880740567148 0.05426788308687058 -0.007675065423140781 -0.06977113070579166 -0.0025175196059074034 -0.0030288521581584016 -0.06528467869783994 0.0065779513991715 0.17253049395091624 0.1681090754899478 0.0 0.0 0.0 5.0
368 -0.021475746155625752 0.03864289719264313 -0.054095973007634135 0.028646128850781105 -0.0065463128487536215 -0.08120967537008406 0.03960996433988484 0.001116743660316999 -0.06812095199633028 0.1494234144253149 0.12661211241594003 0.0 0.0 0.0 6.0
52 0.07213240029028878 0.049589863021266334 -0.021744257258900723 0.040228655090996046 0.040226766243110834 -0.02822012987967104 0.03714057241286195 0.04490939924572257 -0.028389352170400284 0.15497834856700946 0.12401927187832201 0.0 0.0 0.0 4.0
430 0.09280893862043715 0.10924478728728393 0.002366449297744877 0.07064986403022311 0.10064671645496936 -0.03361320934981149 0.0616701925642249 0.09251303169603742 -0.027203055017677724 0.13928707775416735 0.12523334836952915 0.0 0.0 0.0 4.0
306 -0.004433664157813544 -0.08875472390765826 -0.013522048759192051 -0.0047389866817805215 -0.0868058806259786 -0.01505947112505246 -0.004841644300692449 -0.08827629472870102 -0.014261882427444084 0.15361951108283156 0.15072191704029742 0.0 0.0 0.0 5.0
492 0.03457405381520795 -0.03332000636430987 0.012166644414231431 0.03098165646892892 -0.029562019849003862 0.026339194111202335 0.02432437638548124 -0.02802309597320618 0.0277286491963602 0.15608039427935094 0.16532366838606302 0.0 0.0 0.0 5.0
118 -0.050322000406432754 -0.12521320682579606 0.028604576144775073 -0.08347808163430037 -0.11602836726257659 0.047621345549655913 -0.06395308855024495 -0.11780919232843845 0.049797424303716475 0.18301376479193138 0.16614044894506416 0.0 0.0 0.0 6.0
243 -0.11356881968686428 -0.07762418925344328 0.06787216714850719 -0.08045965678182865 -0.07428656826836655 0.09650218942216493 -0.07037837838603922 -0.07182730726671938 0.11235564190346992 0.15606090762735764 0.12272884088409418 0.0 0.0 0.0 5.0
181 0.03035342615404857 0.04145378740714367 -0.021650588240922697 0.031694877203643834 0.0685800191271757 -0.030524901022761175 0.028119076734063997 0.05494906709572733 -0.022343928160579285 0.1486469773621153 0.1296596637995363 0.0 0.0 0.0 6.0
53 -0.0006267371605050975 0.0011643840949411288 0.03125957203768159 -0.005317429866376289 -0.01222079368403517 0.02808592365514606 -0.002260728369690601 -0.006214228416033807 0.02779851537458189 0.15514641784589317 0.10622450137989439 0.0 0.0 0.0 4.0
431 0.01762551501036702 -0.00785274886112619 -0.03258662206065255 -0.003941658564205475 0.023676589572247275 0.0022356581942539755 0.008557227574973014 0.01668575576381004 -0.0012201865819426727 0.1640776606855739 0.14805665703704682 0.0 0.0 0.0 5.0
369 -0.041208364902362904 -0.050638103124572065 -0.017656286255106957 -0.031220395031301917 -0.054931021022758264 -0.006064609356351447 -0.02870155444651923 -0.04514116154236125 -0.0011154217065657557 0.20261992907130927 0.13684709498606665 0.0 0.0 0.0 5.0
307 -0.010839664878018018 0.012630320680034002 -0.009688059300168472 -0.015374193814095993 0.017459538999107904 -0.007340191593967371 -0.012465929772620177 0.016922385410129026 -0.007069555249883064 0.1272534402890151 0.1268073906969484 0.0 0.0 0.0 4.0
119 0.009253652045096983 -0.0428016396960893 -0.008703136220649443 0.006634497060526323 -0.029691709504846453 -0.009969685861234145 0.0053917325476435796 -0.03263425910324669 -0.012824747292170535 0.20183722299000365 0.1924491494046188 0.0 0.0 0.0 6.0
493 0.11465479340434048 0.06984066578595138 0.09404343049002994 0.09334498934836488 0.043867661471512776 0.0644953570439517 0.09636365263001112 0.05859689998411155 0.05417965157778881 0.1585403135045577 0.15207374018680683 0.0 0.0 0.0 6.0
244 0.016134275636384254 0.0346368232470613 -0.009445660187324623 0.029962977423357406 0.032042322470374085 -0.007123684582196699 0.028206788589981935 0.03389081783549486 -0.011405446021213184 0.17219779904559618 0.16429986172538627 0.0 0.0 0.0 5.0
182 -0.00845428185015451 0.05911752411869631 -0.03953562883338757 0.0007310813635623692 0.07705312287834665 -0.032726364319872525 -0.003960001256779755 0.06655110545610654 -0.036405315099053204 0.15383122533490975 0.11833212423481959 0.0 0.0 0.0 5.0
432 0.017191387759098342 -0.012377781486042405 -0.026720196843767585 0.004836708358816555 -0.009462572717249929 -0.012235493263485608 0.005097445314411919 -0.008931531633483925 -0.01738163936646786 0.15804177448813628 0.11055074173026991 0.0 0.0 0.0 4.0
54 -0.0005834090806067227 -0.006434688583074499 -0.010067344120999966 0.0038987115472848277 -0.004622939518328484 -0.0034912901764488913 0.0017165263222131966 -0.006498385404836937 -0.001475985060069629 0.18164287438234517 0.12916510768591652 0.0 0.0 0.0 5.0
308 0.05856579745198043 0.0697718064742252 0.07853985915579642 0.03822885775090579 0.04768175801150787 0.05044788027325375 0.03702961476822497 0.04038511375266962 0.04907807763355776 0.1614274392982781 0.1626562540002926 0.0 0.0 0.0 4.0
370 -0.027170006926066748 -0.014864377476566992 -0.0371862947814513 0.011086499321744103 0.021086934316463912 -0.14017822031767058 -0.00024081569893597 0.0344141489888552 -0.18255689618829885 0.15912107167010292 0.14970811817633287 0.0 0.0 0.0 7.0
120 -0.051372099027922835 -0.037790732062768284 -0.16522448973778203 -0.008427287751000656 -0.01194562247596398 -0.13023709158211183 -0.012359821136373905 -0.014373337637651251 -0.14497114367257824 0.1733446494644196 0.16960382321281242 0.0 0.0 0.0 4.0
245 -0.024298843486891153 -0.024931433539006842 -0.03857706938850769 -0.0023909752340158796 0.004761131327878365 0.008328047865598043 -0.0008987430134558272 0.014541511507834226 0.008283829810055598 0.15242048661794552 0.14911244303096763 0.0 0.0 0.0 6.0
494 0.08920183286958383 0.10114434817820372 -0.015841531949604915 0.06254263883947586 0.08479072008850985 -0.06427920290252465 0.058658036667804225 0.08139637850983217 -0.06443908331049453 0.16140021390814527 0.1427313539349251 0.0 0.0 0.0 5.0
183 0.0002961752370944648 -0.0541263640101074 0.024889454509259945 -0.03386017920859585 -0.0986178923541362 0.00794967440360983 -0.0276005499418851 -0.09563012509349389 0.002020869434857353 0.14041711059900996 0.12401534989772965 0.0 0.0 0.0 5.0
55 -0.014206387882943927 -0.001862211962033733 0.03571927406526254 -0.005942506337328735 -0.01890827353722291 0.015810951344188195 -0.004024426757597732 -0.011875205843412506 0.016047094334926904 0.16564291814937906 0.1039998147960629 0.0 0.0 0.0 5.0
433 0.037312020158758896 0.08174399072816163 -0.15981497965288283 0.003987382084525093 0.08738328220203195 -0.13635255660802093 -0.010174515894641578 0.08714066027926637 -0.1375910227907211 0.14383088055400367 0.13310053405388544 0.0 0.0 0.0 5.0
371 -0.04919510998219501 -0.009099577184055074 -0.023941730132410965 -0.025706511598591608 -0.011650557908540082 -0.031768331396227256 -0.02136280615064401 -0.006506089801506687 -0.027271850990371105 0.16461956503495107 0.14293858547533003 0.0 0.0 0.0 6.0
309 0.01635244440760908 0.07144359421870217 0.05620070539344835 0.008376968806342866 0.043662555172190975 -0.011731000639410571 0.0035616182223272563 0.032925493537049544 -0.014805093908670464 0.1519023756287722 0.14520647561788977 0.0 0.0 0.0 7.0
121 -0.06408575465209831 -0.09250555396306159 -0.006834112700409123 -0.04180949259386424 -0.05142333026379131 0.09979569529790133 -0.030044194678700453 -0.033103327688697615 0.08139008139984472 0.14474239457534702 0.13620118332890255 0.0 0.0 0.0 6.0
495 -0.030375974287197516 0.08282954054810565 0.06135483092681815 -0.01957080270076772 0.06307572440048692 0.018138670574388005 -0.0167673983539135 0.050631719062620206 0.013086813681576936 0.1356940185212476 0.12613412009522038 0.0 0.0 0.0 5.0
246 0.003458716229310488 0.009951002790875352 0.05198064716199258 -0.011542195729963622 -0.030682676588912328 0.0186401638240814 1.4001191579238181e-5 -0.011141449918814605 0.004845587241236737 0.15003990694499963 0.13646949048832666 0.0 0.0 0.0 6.0
56 -0.04589311499792337 -0.0651598733130353 -0.019692320252599704 -0.03278285319592256 -0.08016493749997267 -0.008080940020511851 -0.02496518347719645 -0.0718714218555021 -0.0043920364597557215 0.1317653737793573 0.12394292107323106 0.0 0.0 0.0 6.0
184 -0.20559448920956258 -0.11171547201588217 -0.008476737160987624 -0.08423710583304433 -0.0632364360485288 0.07450850165571055 -0.07582144008856029 -0.04389897224412109 0.05772816804115943 0.1431553778195965 0.11763383161270531 0.0 0.0 0.0 7.0
372 0.18746842680219378 0.15687036621744377 0.2631179956727012 0.05815415425921122 0.09904920352905089 0.03191973250373792 0.04603694297253713 0.05900890900500433 0.03339023855848722 0.1358353796016996 0.13167571813147858 0.0 0.0 0.0 5.0
310 -0.0047889999679729955 0.02855157281282894 -0.025477678300339868 0.009623708197527225 0.044067650369723044 -0.0007964678268926884 0.011711552849001938 0.04691807839645534 0.0009689183136665225 0.17726239362587665 0.18347270991390616 0.0 0.0 0.0 5.0
122 -0.05298726441636281 -0.1256976720832521 0.07400260272553916 -0.10189689351930364 -0.15155189316566076 -0.004485500192281333 -0.10161995402952961 -0.15189619914021435 0.004838612569316059 0.14614074935318597 0.14103368173553563 0.0 0.0 0.0 5.0
434 -0.0012183750191530063 0.1924111765932215 0.03621206277843436 0.18235757120328921 0.2600738314063189 0.16599765007704748 0.15679447037400185 0.25477625441596685 0.14485377637537145 0.1038472529521262 0.09762330643557314 0.0 0.0 0.0 10.0
496 -0.039334692824976814 -0.006038013083261684 -0.09408317985389703 0.03760619837713319 0.025145985065319065 -0.06288808222641473 0.03038460320269043 0.03240655763637945 -0.07175457302292365 0.17404952597462744 0.14227221843345136 0.0 0.0 0.0 5.0
247 0.019223802920774302 0.025812260676787435 0.019222473941203022 0.02038408789385615 0.02682244717090221 0.023923467318152092 0.01974688760041232 0.02454330549390682 0.021550928596196783 0.13353098548617254 0.10847410837952695 0.0 0.0 0.0 4.0
57 0.06437435694718463 0.047616024948746505 -0.027637037139356058 0.053541746344805796 0.06061263596255517 -0.02159731736812287 0.05671108613330533 0.06468109238486086 -0.02388557373880562 0.15956196585754914 0.1438693084204219 0.0 0.0 0.0 5.0
373 -0.005113472592549795 -0.0006080025529051625 0.02304941996876364 0.005251186387762896 0.0018381639364724034 0.03830981226724628 0.008034394223056074 -0.0004613010279482799 0.041693120610953205 0.16788960907998576 0.15107467701431573 0.0 0.0 0.0 5.0
123 0.002601902692682012 0.02836890040514728 -0.01815210451327509 -0.0026215621417499113 0.02629917336387133 -0.019132442613183587 -0.0025943116665840815 0.024665381111222073 -0.01884355991330855 0.17268950665941268 0.18594305433136404 0.0 0.0 0.0 5.0
311 -0.008257496316530832 0.050690291567939916 -0.011418372183696124 0.008863673594081023 0.049405829665761125 -0.02780386425942183 0.0013624793249671363 0.04029773862554564 -0.033295121870529965 0.18215511083831767 0.17851475471998077 0.0 0.0 0.0 4.0
248 -0.003772594494386605 -0.0004121458343187001 0.04185941285877348 -0.041463733986247364 -0.02610041870644264 -0.0008952612882393574 -0.042330778830519944 -0.030554831475325672 0.006240030815720443 0.13879182728129977 0.10973420211551074 0.0 0.0 0.0 5.0
185 0.08939796730956284 0.05743082379707465 -0.1399341548319124 0.0016160486058216517 0.15474364940105234 0.1296624850521273 0.06100463428179914 0.17153709410886275 0.0567750850840405 0.1415701100232324 0.12879860322494466 0.0 0.0 0.0 11.0
497 0.13562559743019853 0.1920909798535504 0.1634510662027906 0.03363820119410921 0.044718391231255206 0.02998923910741924 0.03991161699744872 0.03955502672189892 0.03995961014358307 0.15571347512664724 0.14516005662283835 0.0 0.0 0.0 7.0
435 0.1798190927094412 -0.10288398105753849 -0.38716215537124865 -0.051341259862177635 0.14004695692655345 -0.24780203797105826 -0.06998637548585795 0.05970276967330368 -0.22072963895587727 0.15424962635397046 0.1322805600671389 0.0 0.0 0.0 8.0
58 0.026322121766701123 0.07846185204789857 -0.013299948268612694 0.08469620345806361 0.1064042384142081 -0.022340400131993343 0.08467621523176949 0.10752680484846588 -0.011285115078813468 0.16682865014025428 0.18125338884834283 0.0 0.0 0.0 6.0
124 0.0885763262419117 -0.11600372606511744 0.15023453652336882 0.08241474037821983 -0.12607214623269192 0.1534821438837446 0.08026449057423912 -0.1337576802550925 0.1521375622235479 0.16387932063467775 0.1537691787290892 0.0 0.0 0.0 5.0
312 -0.047320600657155154 0.06307235051511362 0.23526743369690495 -0.07765136409127515 -0.04901287982148628 0.06391597122605641 -0.07852450137597755 -0.05422532644335232 0.06612955818137367 0.18189977524725573 0.14089253551526404 0.0 0.0 0.0 5.0
249 -0.1208120410746989 -0.028108100610302444 -0.05520392348740122 -0.08397011457772441 -0.03727759004143971 -0.13092619472510558 -0.08452329638943168 -0.03831237624177741 -0.12037612868287706 0.1901386340142743 0.1366957201869602 0.0 0.0 0.0 5.0
374 -0.03280871485073389 -0.02983783605752477 -0.018507616311524644 0.004669546100467548 -0.025168276353768504 0.006151467951765577 -0.007183927745729735 -0.03172021933177205 -0.010015459076898159 0.1268901578583071 0.1334676786102329 0.0 0.0 0.0 9.0
498 -0.04337925903077022 -0.10311379672432008 -0.03150158529033342 -0.032912270557436285 -0.10969547544920799 -0.04008837762177486 -0.02898810356629844 -0.09204782844845194 -0.030589231914151083 0.17000828046440877 0.17139108210790446 0.0 0.0 0.0 5.0
186 -0.09672771747801001 -0.01919045803722974 -0.026825338633927553 -0.026990651699221435 -0.0007008863338598958 0.025407595615541956 -0.04524152780142032 -0.021118853800280002 0.025771630117539246 0.14214743841570004 0.10075417603887991 0.0 0.0 0.0 6.0
59 -0.0035584271641334597 -0.046349709377457415 -0.09238132948312028 -0.003347682057459167 0.0029080693885730202 -0.03402875461381416 -0.008220074415891787 -0.0041682721663112154 -0.0437241288111595 0.15842558501696727 0.14625847231401073 0.0 0.0 0.0 5.0
125 0.040809946942083064 0.031050676537965227 0.0757820246190779 -0.003372690541772805 -0.032171675389211396 0.0034630698789892556 -0.002362476430993965 -0.03180509094228501 0.008702316637334562 0.13079843681931427 0.14741424402192876 0.0 0.0 0.0 4.0
436 -0.08508083126249077 0.02400015883998252 -0.2208863337570166 0.0027752670728691253 0.023326611277966203 -0.03546008757500074 -0.02695411147302018 0.004677135703439417 -0.05079486779943432 0.14802038864996714 0.14454120914169175 0.0 0.0 0.0 8.0
313 -0.003890770875663252 0.022678691953891494 -0.022240903940809242 0.008029187407496918 0.023386646819268053 -0.01963489899974946 0.00926827880206993 0.025460274978181596 -0.022274388160583913 0.18774009652341703 0.18582938266830015 0.0 0.0 0.0 5.0
250 0.017450986747627795 0.016848951330966866 0.06957052276448361 0.01560804513678371 -0.013310241248734478 0.056519003812237845 0.010938938356123584 -0.00942344371872006 0.05374290590637476 0.15841336672007347 0.1469925861985909 0.0 0.0 0.0 5.0
499 -0.03668243768333401 -0.1870153040915301 -0.01871499653906672 -0.044108312109539916 -0.16402982567028868 0.0007519713445900411 -0.032418700341688256 -0.14242272053295912 -0.006096776453648256 0.14783607223752962 0.11574143148774593 0.0 0.0 0.0 5.0
187 -0.050646800290892635 -0.10702382116179943 -0.06472772426388107 -0.030605173750920756 -0.09528988759567747 -0.02622962810116125 -0.03707514652601285 -0.09213084967172203 -0.035565643616230824 0.16941810309398334 0.21278385509149142 0.0 0.0 0.0 5.0
375 -0.13331630093091784 -0.2586849824284546 -0.15137214408384114 -0.041396514513874716 -0.08499552918868236 -0.010579461621836761 -0.05863817544056371 -0.12954476154588435 0.006837485414376454 0.14210220804120738 0.13476499396318165 0.0 0.0 0.0 7.0
60 0.019806288462698163 -0.0252301840707968 0.010878628332275042 0.003504348956098413 -0.019580738076305115 0.0066671167934131415 0.0029453534430663453 -0.02234697545083142 0.006015937296922846 0.12660982279732777 0.1153019191072429 0.0 0.0 0.0 4.0
437 -0.01627087378822112 0.05377083237403113 0.02706620646497293 -0.009730341996378677 0.004613937838237714 0.005978853802069528 -0.0039939223603499 0.01961021220728698 -0.0013319275826815247 0.1689958642497385 0.16942005107381247 0.0 0.0 0.0 6.0
314 0.03590284606532146 0.01950085519631317 -0.02501845414292969 0.035813614206817945 0.02532150242458875 -0.0074012735389065165 0.02218124108722397 0.016479815980599 -0.00903001239113621 0.1464191775671922 0.10383219367413365 0.0 0.0 0.0 5.0
126 -0.18223011146856316 0.05096885667122564 0.0810975242060965 -0.023853028566724666 -0.033574386363714126 -0.031119936014902594 -0.03786220617466485 -0.02871768041731082 -0.024504447118514072 0.14694128208146673 0.10494187743857346 0.0 0.0 0.0 8.0
500 0.03502466825017203 -0.007953643607470529 0.08969264442145186 -0.004651859969531547 -0.015862581054417846 0.07421933849722118 -0.0008527164877439875 -0.013083718483966389 0.0649188251144357 0.14239951627417602 0.12299050731585442 0.0 0.0 0.0 5.0
188 0.017155303934877297 -0.0393572500874535 0.03692535045132783 0.03773606125575801 -0.05258530172026443 0.027483504142253867 0.045228885060290214 -0.044248109899748256 0.038723825857754024 0.16578630304083888 0.1631525916631596 0.0 0.0 0.0 5.0
61 -0.020965101688082743 0.08571742459445297 -0.020763791239360785 -0.02178377931486175 0.1235828329417703 -0.029013427635272482 -0.013456182449643972 0.12732564065257956 -0.026402695962097655 0.1501941113535017 0.15491583640453238 0.0 0.0 0.0 5.0
251 0.11421408989751725 0.030088202369164208 0.3404208963645339 0.027723563995400324 0.028448304227327137 0.26740601689950716 0.030400104644330073 0.0115526333433984 0.2740785783595421 0.1632352204564797 0.14720217306923536 0.0 0.0 0.0 7.0
376 -0.10267256763059573 -0.1745900693850927 -0.02211196591102005 -0.09013363073078062 -0.14756260970283142 0.015605593634991921 -0.08944221120701767 -0.15002943251687795 0.01160235347768257 0.16487116564970133 0.15056032066670932 0.0 0.0 0.0 6.0
438 -0.05720891768998293 0.114127474530898 0.21802376819666747 -0.055063936847034145 0.01824153435242537 0.140030044037057 -0.06044228484990244 0.02684444294351218 0.1049554545699729 0.17180456556325469 0.1688361284178317 0.0 0.0 0.0 5.0
189 -0.012997773647872801 -0.08682826006698796 -0.0036837743893204378 0.028900866605733766 -0.04508834749756452 0.05279782406179789 0.025968648627760826 -0.04227914245339659 0.040779915908128794 0.1702674000724649 0.1583396488016919 0.0 0.0 0.0 6.0
62 -0.07954477716421116 -0.10159893200331649 -0.0013558256352137477 -0.08462618325967075 -0.11579479176850915 -0.013632292295421511 -0.07806524115878821 -0.10227494553141847 -0.007169111943268747 0.1604772330866148 0.14222321657584566 0.0 0.0 0.0 5.0
252 -0.006358943427565933 -0.001113822738886272 0.03189229269213678 0.006632724091660158 -0.017965679403488588 0.03332310543267325 0.006336785694901037 -0.017716556395779848 0.029691311694202582 0.15804409642466968 0.15064323174724442 0.0 0.0 0.0 5.0
63 0.28688582759290404 -0.03549234364264975 0.06819207206013589 -0.056203378782542335 -0.07920391391057613 0.0016703148785870425 -0.05041199930049278 -0.10480725568930438 0.056679847844882 0.15669491673262503 0.13567975042486413 0.0 0.0 0.0 7.0
