315 0.023745231057169303 0.05577727851113701 0.07719924161188074 0.013165187444595494 0.05824049540873144 0.06925733207288598 0.015330812982206288 0.05503529871866797 0.06885049470716198 0.21171005825015876 0.16800854519625485 0.0 0.0 0.0 4.0
190 -0.0027654217911503576 0.05255600886264755 0.0011033822884660704 -0.004438012900055299 0.04231182861306193 -0.004988548478914612 -0.004677873933517929 0.04309782921008676 -0.0025217340615224515 0.16943019995709832 0.1364342366699679 0.0 0.0 0.0 4.0
1 -0.020587885038796938 0.01571950172168335 -0.0013689584017489986 0.008146403660514334 0.008986519567218076 0.022972662931319388 0.02437353018107502 0.036064205766973556 0.046082000548363755 0.1385856962039711 0.14548608562363657 0.0 0.0 0.0 4.0
127 -0.04390784772289069 -0.03901065791160241 0.006663188007400844 -0.042413917980515525 -0.039192608280973706 0.006771702886831932 -0.04403273573286037 -0.040619729409311245 0.009143043805545759 0.13571868695402803 0.15689548932280264 0.0 0.0 0.0 5.0
253 0.02544696866347307 -0.04415524271246363 -0.0010895812382196723 0.02764416336710651 -0.032994159474313056 0.005018933953141014 0.03644024918747868 -0.041110756906967416 -0.00327951569430851 0.1602401692819014 0.18733049008372485 0.0 0.0 0.0 5.0
439 -0.06790132613049082 -0.14236600046139936 -0.11122131995045537 -0.042948548316586566 -0.10733307658779878 -0.07777466313677706 -0.05019653182339212 -0.0998673974750901 -0.08874994177824247 0.09599204647280352 0.11182056582389167 0.0 0.0 0.0 6.0
64 0.022124718065121618 -0.09462170065340603 -0.015432972779347853 0.028474212458109216 -0.08462968251877578 -0.021219017008788255 0.010843661117021508 -0.11867014055272462 -0.04409842315191537 0.13247001110156054 0.1835908423138383 0.0 0.0 0.0 6.0
377 -0.07534935914785912 -0.07845824688656111 0.10745409016459306 -0.09550934812382594 -0.09915591672573909 0.09233308336838886 -0.10695779989482468 -0.12102272280211701 0.07296551581115929 0.19088706826184354 0.25196227914279173 0.0 0.0 0.0 6.0
191 -0.03637669772183816 0.006632047862979107 -0.027224051631463242 -0.01889061533588343 -0.005916805734271335 -0.04048809734529779 -0.0177180329243265 0.008632635060916272 -0.030787216232014192 0.14769896344166103 0.1704307720163853 0.0 0.0 0.0 4.0
128 -0.0294412539340293 -0.04960774391676315 -0.06344951272958432 -0.009242341260019993 -0.04591067183979525 -0.053356122959922314 -0.01960224340100747 -0.05374900949706585 -0.05792426467053868 0.16181803638003114 0.16012219420005494 0.0 0.0 0.0 5.0
65 -0.02411993551280589 -0.021736245084294614 -0.021635203660968272 -0.024086555956628675 -0.0215440106060234 -0.020655995525282966 -0.02837417935323361 -0.022410624173609728 -0.021008068936400726 0.128667288355053 0.13692321430423768 0.0 0.0 0.0 4.0
254 -0.026050575198705794 0.003487557258553764 -0.02565065173822667 -0.021396377890095408 -0.003103632335426987 -0.028643611475440256 -0.017673479247022228 -0.0020766479247569247 -0.0270336820306617 0.1792213110270702 0.21372931989400082 0.0 0.0 0.0 4.0
378 0.017516133269457557 -0.03452359286795925 -0.003544043502235028 0.02622777816188382 -0.029301061755371505 -0.0021123854453363178 0.027832494420300335 -0.029636023169172687 0.0006381278331331064 0.13452014992613787 0.15949744127858737 0.0 0.0 0.0 4.0
2 0.13192022937229742 0.28118615706061667 0.055546261594094926 0.08960822552277192 0.22506096610437787 0.034254400726206 0.0659602254306233 0.18991455152316683 0.0030185558638762267 0.17946389552992972 0.190747047359906 0.0 0.0 0.0 6.0
316 0.14512845980239897 0.009431389195089235 0.13652792187313323 0.09160648610446409 0.06043399128470939 0.14298496013326556 0.12482431527918503 0.08181322142315439 0.13360672105304117 0.15301373217140835 0.194736633029978 0.0 0.0 0.0 8.0
192 0.048145345383409976 -0.015376423990944743 0.012365804819937098 0.04617664329547644 -0.005928087256860448 0.019714751329669822 0.05383981439875618 -0.00957724251567127 0.026305328280633367 0.130840949971225 0.12599367293759672 0.0 0.0 0.0 4.0
66 0.2667445329295328 0.221090787785992 0.3158402417108723 0.2564124581889431 0.22087098256176696 0.3007993301906442 0.251075191552264 0.2155772878894302 0.3054776834932724 0.1135134155346477 0.23559897909453165 0.0 0.0 0.0 4.0
255 -0.03870777676832782 -0.01758646245900297 -0.0023672308990558832 -0.03821422499536353 -0.03230677669015658 -0.014531269819912263 -0.03660966910860919 -0.02524893029941888 -0.014531055130594162 0.14584842587048538 0.20279916480086768 0.0 0.0 0.0 5.0
440 0.24798104889430328 0.2360613098038491 0.11588806007250985 0.23389538672690424 0.22027977596180937 0.02911829840125546 0.21927499270867634 0.21964204968134493 -0.000795808876680848 0.19402576247120185 0.22864297567661485 0.0 0.0 0.0 9.0
129 -0.08219966911748433 0.08667623543107705 0.08540967861047077 -0.04998246891537095 0.12644202746662514 0.08027752557097867 -0.04927591369114792 0.12211654219819112 0.08748050820183462 0.1705544761226222 0.14853462935644374 0.0 0.0 0.0 5.0
3 0.044508613087713256 0.0273697390009624 0.03786064909909226 0.029858812573536175 0.003328280412631335 0.01944516526122264 0.04319390262558209 0.0003474618408685348 0.02114964896950089 0.12684105316232994 0.1720336176061724 0.0 0.0 0.0 5.0
317 0.08904577690605175 0.03390402526386849 0.03436226653728491 0.0958994553150625 0.031191313404582255 0.037421526617754886 0.10159523655599223 0.026212676049414574 0.04190912342400921 0.15655664747921993 0.19685313587430237 0.0 0.0 0.0 4.0
193 0.09093040194826618 0.12688914118917283 0.19134324688935767 0.12079982960324243 0.18963031371043693 0.23397857544246747 0.11135378796423434 0.1708716442754752 0.21794125945746523 0.11743053172988169 0.12792973998986118 0.0 0.0 0.0 5.0
256 -0.025791362396988537 -0.13831784735874886 -0.12864222996521602 -0.028074156517074678 -0.13484584219169615 -0.13292193524702833 -0.03422382580369365 -0.13759552626191518 -0.12487809808397021 0.1937219458625127 0.2027365660353418 0.0 0.0 0.0 5.0
441 -0.03285518009408117 -0.01301391190714185 -0.05262484137473733 -0.039953642563674285 -0.01632350958822093 -0.06589711285201683 -0.03545624332275199 -0.01034951030010367 -0.0607674552814933 0.2074413297563051 0.20363631762864964 0.0 0.0 0.0 5.0
67 0.019634273906078192 -0.022813965595268715 -0.06894433342017414 0.037027095434672086 -0.006149101075027974 -0.05456399426889158 0.0420181112243716 -0.007362076813978269 -0.05193684275206434 0.14962178664361783 0.235922821604388 0.0 0.0 0.0 6.0
379 -0.07428294162274063 -0.04180236855402075 -0.0367533937539658 0.025397880646506055 -0.022092901938835285 0.04637513975862384 -0.022270663346812603 0.016650676208639803 0.040327707431194515 0.1260702668606379 0.17450738267831367 0.0 0.0 0.0 10.0
4 0.03880854993550176 0.03461426213414187 0.06387471868822092 0.04073843885895645 0.031273004558319384 0.0671452592244508 0.0436550095818482 0.025140374302103474 0.06553558247733515 0.12180741679921822 0.12309102381937145 0.0 0.0 0.0 4.0
130 -0.11362232194847754 -0.055700673631089326 -0.1215880791404601 -0.07614740251333851 0.004225960149468078 -0.04935453701724868 -0.08526061531935158 -0.012792166967032892 -0.06325736815724958 0.10167970284925112 0.14994981433253432 0.0 0.0 0.0 6.0
318 -0.030906008893966996 0.10286924556537325 -0.05461177191200439 -0.012244706583579013 0.05975898843722849 -0.07991326299579649 -0.02461058859601495 0.07382251814162033 -0.07120332665712592 0.2161937673478756 0.2192347496017136 0.0 0.0 0.0 4.0
194 0.0027653157315266075 -0.03314569835224823 -0.019334713182971863 0.004905604418895537 -0.026592003778045714 -0.014794994308231169 0.005659320136631951 -0.022517298616333226 -0.012362093998830037 0.13503020886317704 0.15597933416611884 0.0 0.0 0.0 5.0
257 -0.01823288585341365 0.010099137027667515 -0.035270675519601724 -0.02973830929977217 0.003166246769885417 -0.034148637142089266 -0.016329878636842765 0.021681346234008858 -0.011263918199122425 0.13217050291579904 0.1333077098665931 0.0 0.0 0.0 5.0
68 0.060910558027190476 0.08115298309512209 0.1422581107825298 0.051786231840996955 0.10082552201360295 0.15516038788742081 0.04780452963427395 0.09558051820657099 0.16323820289910707 0.15697835938786403 0.12957984424063507 0.0 0.0 0.0 4.0
380 -0.14992563080870358 -0.11235112124143087 -0.10812494916614834 -0.14417384254557197 -0.13624974852284544 -0.11650471701077125 -0.1652484640961328 -0.13018928908570793 -0.12243978786388665 0.21754665219626826 0.2126025926917825 0.0 0.0 0.0 5.0
442 -0.17783245159724292 -0.0964290432194791 0.007100333644558754 -0.12173099137195664 -0.1066317628777923 0.06417357953024516 -0.18121824097342043 -0.10455538305829637 0.028303266367454283 0.13967978821216653 0.16545526095387808 0.0 0.0 0.0 6.0
131 -0.03192886896478053 -0.020183604280456402 -0.008717619308538982 -0.03872778360667639 -0.030512972103962532 -0.02058886305587282 -0.03190951148213916 -0.021489948768606215 -0.013525276168262046 0.1746131518671578 0.17085202431025598 0.0 0.0 0.0 4.0
319 -0.03696380753522599 -0.052771251121216056 0.013635551234018495 -0.05327848908753996 -0.07883804785378445 -0.016107866963717243 -0.06427148455292464 -0.06820459322088357 -0.0009934242358407008 0.16351392369387802 0.15774380157475662 0.0 0.0 0.0 4.0
5 -0.05261310926380014 -0.005067544567561422 -0.0493813697398674 -0.04872316127154375 -0.004414369301936061 -0.047512475759009964 -0.043409842398757226 -0.0006933848648655871 -0.03896250714784699 0.1694500961154652 0.16544994579252006 0.0 0.0 0.0 6.0
195 0.06826931726325602 0.0785271516583852 -0.02697670716879852 0.06781052806280696 0.07594513868254338 -0.02936365487253123 0.06533867937544358 0.07647640376919851 -0.028426358559244802 0.14400649822315056 0.20465815438123253 0.0 0.0 0.0 4.0
69 -0.02910291531166387 -0.01796022912903561 0.010927959223135941 -0.023549733854648758 -0.019370916897962 0.01250006058226294 -0.015049275090291081 -0.022994857284164616 0.018113949092861237 0.12227744868936159 0.13428459619264335 0.0 0.0 0.0 4.0
258 -0.004994775294238529 0.033883001270256674 0.00567887130179745 -0.015097672274455465 0.01577204255838427 0.0029428045572479355 -0.01871527525383687 0.021655900352538948 0.007644864217791314 0.2035416852554461 0.23321832192568465 0.0 0.0 0.0 5.0
320 -0.020220914984358074 0.039263182554031495 0.05375460942904131 -0.016961052022143375 0.031138276740995785 0.04894175389294331 -0.016958975068203208 0.03335643130049526 0.049900244558211515 0.19116143899664068 0.1728106333001069 0.0 0.0 0.0 4.0
132 0.0354608781376351 0.048603018432515466 0.04779989890891234 0.0266173395276883 0.026520073664871635 0.006559505973457114 0.034633161932119405 0.03046985043694006 0.027485888888635346 0.1584059964208377 0.20339709025568928 0.0 0.0 0.0 5.0
196 0.034957046707496 -0.0304059538714907 -0.018722073543944395 0.0382978194885899 -0.008202317841244033 -0.006199128156721301 0.03406501653328586 -0.0007197524087314555 -0.01512969619837179 0.13152814606386587 0.16582495967139546 0.0 0.0 0.0 4.0
381 0.01740110739507994 -0.11176837445369103 0.0007164960477272775 0.09471753461805554 -0.08632764036136231 0.01206226211178496 0.06959441263783361 -0.08987744086809646 -0.004944804669045788 0.15774003128398797 0.1753925652354709 0.0 0.0 0.0 6.0
6 0.008505222487913633 -0.2900833624193623 -0.25696496591730056 0.010926695895169036 -0.30616784043317435 -0.2496984328484002 -0.006334408841774941 -0.30812987772082956 -0.264697318836997 0.18907625337863762 0.17082393861445277 0.0 0.0 0.0 6.0
443 -0.000315717856608444 -0.06851169070823249 0.008571296691954888 0.05613563152461998 0.00195175607546072 0.039509838723325696 0.031039541244141322 -0.01201253345096287 0.032733714187979546 0.16890233392011403 0.21452002019439537 0.0 0.0 0.0 7.0
70 -0.0028038440431185085 0.03490526335964361 -0.006421504613622231 -0.013247951094982668 0.030645582294108964 -0.0003988494934833442 -0.005735173818234962 0.030291596241846186 0.010698963351160717 0.14014435781920395 0.15441419322999694 0.0 0.0 0.0 4.0
259 -0.010729007425468229 0.022257328965962442 0.0019421087850493013 -0.003943321454128457 0.030369267726733096 0.008462430817651079 -0.0035807246337236087 0.026789239301289403 0.007987322397809304 0.15682309436442127 0.18342862510177824 0.0 0.0 0.0 4.0
197 0.04867593605161957 0.014171380375564091 0.019328582976782638 0.032547408784483256 0.012096263201133661 0.008728205253457633 0.042592828014291095 0.011828070316206807 0.0184410273930955 0.11201368074126641 0.11500448713535269 0.0 0.0 0.0 5.0
133 0.00856507439064802 -0.03720506320679273 0.012659597032100622 0.0029858457382454517 -0.031013697502068394 0.02705068266537669 -0.0035512063697296092 -0.021435929838894863 0.024813128769959558 0.1628216814262629 0.13002304298776948 0.0 0.0 0.0 5.0
321 0.014939878358507741 0.01726270294072285 0.03687204737344496 0.022318786470269636 0.027109846677306315 0.04480860444087176 0.018429905921306666 0.019023154962634514 0.03764249331798686 0.1808247698873344 0.2036671067700417 0.0 0.0 0.0 5.0
382 0.04457677006630645 0.025387249350105057 -0.01949482779830758 0.05060016497412678 0.027583403886472624 -0.0223236953358259 0.05315201662454161 0.025876701656269097 -0.022843146743812937 0.16813747958785602 0.21527881936223411 0.0 0.0 0.0 4.0
7 0.03629483182735771 0.04326526679378673 0.0178103967289569 0.04232708030939025 0.035314608901304334 0.0006194763078073429 0.039547960976853425 0.038174912183333465 0.00019076978644561038 0.15530621965572403 0.21213781077184798 0.0 0.0 0.0 4.0
260 0.1467279745636776 0.21379814655875906 0.1079854828368425 0.07249427059356539 0.1718404342171307 0.05161519035877893 0.04667589507694281 0.172894001228465 0.04690449142118025 0.12610218353099498 0.20802043648883742 0.0 0.0 0.0 5.0
444 -0.034617236941756 0.25946058459484767 0.2932990954626524 -0.035264599255077744 0.2732690187451514 0.20756489869013373 -0.06425490598880279 0.28042361066982213 0.23452758775183669 0.1259219857311985 0.15440145313337234 0.0 0.0 0.0 7.0
322 0.035115311664148496 0.08374157627135981 0.03528396990280602 0.024541823665717555 0.0801128509622735 0.029571057205145967 0.019549822994728627 0.07247728590902769 0.019738223809415922 0.14992521708730985 0.19005686100317823 0.0 0.0 0.0 4.0
198 -0.043191528405527646 0.04925968742261655 0.02465864479755253 -0.05279652953807501 0.022075204359725653 -0.0016698962427216246 -0.04983845004008847 0.035640866556846174 0.010147869473164706 0.14662673383010488 0.23008296976219236 0.0 0.0 0.0 5.0
383 0.01642929279945915 0.04907792056876592 0.11279760095420666 0.018527426989669138 0.041410397608484306 0.1165605224600712 0.018011895359681285 0.03806549274587323 0.1146177707872229 0.14624704644526534 0.150154672233343 0.0 0.0 0.0 5.0
8 -0.03863983132512716 -0.05179047686208549 -0.03265183958827145 -0.03348583160544294 -0.05089096504997426 -0.032217247807621696 -0.031544110284729476 -0.054300158820666966 -0.037112248351193755 0.17475385339672558 0.2389930121023635 0.0 0.0 0.0 4.0
134 0.08371340858711118 0.04322412090633976 0.00477972773583879 0.09597055000260912 0.06433559807355738 0.07761886324542577 0.06939780204208823 0.04766827408150576 0.0549691731588573 0.14561545719761124 0.1839469434275642 0.0 0.0 0.0 7.0
71 0.1892635530081197 -0.1661125748031932 -0.04729297568905344 0.22436190494942787 -0.14579116132222436 -0.01951891933074623 0.2747101352615493 -0.12086330150922397 0.06951896171422867 0.15300856869935517 0.15509274057437422 0.0 0.0 0.0 10.0
445 0.0368523787948658 0.013188036498547717 0.02430652533203226 0.018697541078690927 -0.008035390511856977 0.005354555264544203 0.023596104606288026 0.0002468482366271285 0.010143681541011418 0.11653151599090661 0.13061634973579547 0.0 0.0 0.0 5.0
261 -0.02096953823072578 -0.025573933435154905 -0.002143607473927056 -0.017407921984302077 -0.02276471548714687 0.003831325625140769 -0.02339812580537881 -0.03134421005613197 0.0019321227490896042 0.16859378243369685 0.1655665994764238 0.0 0.0 0.0 4.0
199 -0.03600691434537351 -0.06193490423992343 -0.008972041900146555 -0.012165964438771604 -0.046381372649804575 0.019699469334227615 -0.01818628221220775 -0.054915783443977184 0.0073167174427928305 0.14634331277536683 0.16418261764555162 0.0 0.0 0.0 5.0
323 0.06827267566674933 0.02745686003271941 -0.03695101598468509 0.009623734642043136 -0.06627674555954532 -0.058466314719537005 0.028617775064929685 -0.060074658216629606 -0.06176157505145963 0.13770564506536195 0.18830761790333359 0.0 0.0 0.0 5.0
135 -0.0694002555410046 -0.019080970781212736 -0.03267394772262766 -0.046964553967035805 -0.02847839881204517 -0.007830728813352339 -0.05067892577837041 -0.026007723074209177 -0.015393446257832899 0.1515947569444627 0.09693227757345542 0.0 0.0 0.0 4.0
9 0.086825458102189 -0.12908757881083488 0.006229886126452033 0.05717118147466249 -0.0969955537368351 0.04741790274057256 0.06799917639060604 -0.0929968463553239 0.03708164988538365 0.20095832914943837 0.19821659834777194 0.0 0.0 0.0 4.0
384 0.04042592134867773 0.0827230012246889 0.09304936048572143 0.022821178582079327 0.03310664849455902 0.06898053657801317 0.015923241320843218 0.05165974263003692 0.081491478950948 0.20538133829388694 0.18672254472548344 0.0 0.0 0.0 5.0
72 -0.029833100749276475 0.005872495492198704 0.016836007868284097 -0.027505880748748934 0.0034702352792930213 0.01393570301044833 -0.025193435368593753 0.007434945510332414 0.01738212131757666 0.14400770719403663 0.14984948138794482 0.0 0.0 0.0 4.0
446 0.06635474284897747 0.10225184033090473 0.05565771124319219 0.02561597720479747 0.07634631469531139 0.026972520315865944 0.030151847382025032 0.08030374839188759 0.037908288348951436 0.12754774574768898 0.17857425155763215 0.0 0.0 0.0 4.0
262 0.047493753130772864 -0.017342203577603743 0.00010907738338072903 0.05123857143634014 0.013883028321804769 0.022215749460057443 0.03616461710466923 -0.0017820225870570638 0.02593883758611759 0.1639089718642719 0.17397363220544396 0.0 0.0 0.0 5.0
10 -0.0026499812034624926 -0.08715104661601092 -0.09623089257428719 -0.005857348860607958 -0.08350644642614602 -0.09427169223297438 -0.005197650893854933 -0.0854782695504317 -0.0959401122098501 0.16079555652100552 0.2612677285154092 0.0 0.0 0.0 4.0
324 -0.06006466874191296 -0.04332496742017311 -0.021682185604780413 -0.05409119726477929 -0.0437707141731698 -0.01883459394750786 -0.05339522907711014 -0.04470457135763861 -0.012620273921495229 0.21577687667093126 0.11177920109294272 0.0 0.0 0.0 4.0
385 -0.08812285950813892 -0.04278102675123441 -0.015107569881463223 -0.07140486546930058 0.006852085404394526 0.03311892500718372 -0.06856004755619083 -0.009362840249929616 0.028772152515745164 0.1442536528972309 0.1615800139453352 0.0 0.0 0.0 4.0
136 -0.014374555951697343 0.030713062670172153 0.056261322549925996 -0.028688526637478673 0.019434635580820148 0.04345518441290808 -0.02931453563794728 0.024201197751028358 0.04697822542229524 0.2602804506381936 0.2417255053905053 0.0 0.0 0.0 5.0
73 0.024648630880841793 0.036237093393353126 0.03940085356885392 0.028541731854218044 0.031466342195670904 0.03707959934522398 0.02981218555542431 0.03816768148437455 0.035269376366061644 0.17707215168971588 0.18582488677565911 0.0 0.0 0.0 4.0
447 -0.1236227665764883 -0.030081642102076978 -0.03874459895927429 -0.13481458075414154 -0.03437634726904326 -0.04406081611637924 -0.13034397163359723 -0.032469953270725105 -0.04930215622190215 0.17082402613014452 0.1902605897357227 0.0 0.0 0.0 4.0
200 -0.11033300315847172 -0.06819587197368293 0.033668237676951485 -0.10996408236760324 -0.1082320226246285 0.03583454907549366 -0.12041524265889603 -0.11839858481519194 0.03211210960061983 0.21556851301116878 0.12888248589563414 0.0 0.0 0.0 8.0
11 0.0317529624027606 0.04034216430730875 0.047941624585260856 0.03880327400958916 0.036320111647524245 0.06284356504664346 0.029540096964273843 0.040973663276806516 0.062398072645792446 0.13253273757341066 0.1412881734540492 0.0 0.0 0.0 4.0
263 0.06508465907177619 0.01060862347813818 0.024281999069014182 0.05488135078424339 -0.006388079226693044 0.007763746940492311 0.05014566375916951 -0.0035238004036280968 0.008218163423233449 0.11578565240031943 0.17716881391073352 0.0 0.0 0.0 5.0
325 0.02257673601099275 0.02476607689400745 0.029698937253407998 0.02606050757239209 0.039216801299070125 0.03788237099209257 0.024926952949923198 0.05693038370742798 0.045385818916682696 0.171490836186999 0.15791748603120592 0.0 0.0 0.0 4.0
386 -0.01451134129581777 -0.015583436244062776 -0.038441799644811314 -0.0024060939389844993 -0.0029023217634208676 -0.025104658412817726 -0.004388640126668952 -0.005404030171593854 -0.02611152194531985 0.18832944640782842 0.21551909148922474 0.0 0.0 0.0 6.0
137 -0.051347188706149516 -0.013960167150765979 -0.0027092424706376406 -0.06598815204898756 -0.0021981841234299804 0.027717998729017035 -0.06587782992982183 -0.004080868415247574 0.023821520331435586 0.18187598130694754 0.21895984273225017 0.0 0.0 0.0 5.0
201 -0.015021897822119157 -0.04645495109788489 -0.05124311626025335 -0.012381553277722168 -0.041566684959771893 -0.04968680413381876 -0.013581048633136805 -0.039823200260340696 -0.04668626550544008 0.14525541448840054 0.12567859818121915 0.0 0.0 0.0 4.0
448 -0.029134546306932463 -0.01977550986195531 -0.030912896477435226 -0.03292588952166242 -0.01754748278249474 -0.02978312377182868 -0.026616365019618615 -0.012146325984943918 -0.025524629384740538 0.16145338904924664 0.16219104932123993 0.0 0.0 0.0 4.0
74 -0.03633997134857214 -0.12255651896088027 -0.1973553236887028 -0.03273013520652668 -0.12447347334468928 -0.20568879942959017 -0.018852097921571054 -0.11989468852676832 -0.19629143413404448 0.15948126866774 0.1462279228949595 0.0 0.0 0.0 6.0
264 -0.006457258690047318 -0.00504107507906415 0.004114210645207672 0.010020966309925772 0.015537777962843835 0.011842296460023993 0.02289428243523295 0.019723401849794486 0.011794455700233852 0.1490576138625401 0.16665361637216072 0.0 0.0 0.0 4.0
12 -0.0554025778661672 0.024115027849508808 -0.010376683713059998 -0.059281492065597075 0.02625131335685671 0.0016262345758117913 -0.05570129039167482 0.028082657430146263 0.0059382431943160174 0.1710701825956362 0.1836535007432825 0.0 0.0 0.0 5.0
326 -0.017455798211640117 -0.036538528575170814 -0.007517678010551809 -0.003090466279480064 -0.004024419202527274 -0.009642302832258864 -0.004293926565988815 -0.02075053572023955 -0.010861708384491742 0.1360061835661437 0.15108688922593233 0.0 0.0 0.0 5.0
387 -0.08717503161969808 -0.018051299221314654 0.027334819628623386 -0.05964391799051938 0.02925020810036094 0.02230907299725504 -0.05393611468461712 0.013543431027372987 0.03010301906222801 0.12102732112144768 0.1488331940930658 0.0 0.0 0.0 5.0
449 0.05137990911469714 0.012824675947518127 0.047732558174220285 0.049462384742699594 0.010589704868386285 0.04358999583950407 0.0544853721780294 0.01183759045039312 0.04303569564317988 0.1795702638818108 0.20032396831730534 0.0 0.0 0.0 5.0
138 0.2212953174963106 0.14549284941696583 0.14952085126318404 0.21087627012252885 0.14535891542877444 0.17034156250640775 0.2003439715760693 0.1339938913170935 0.15746612083814537 0.13905845825964633 0.15245348326449237 0.0 0.0 0.0 6.0
13 -0.047324411879899775 0.01951551694947873 -0.034937872693500016 -0.03344859063379513 0.02601066168615196 -0.02135851443850756 -0.03235482014196123 0.025714771568047246 -0.02476748031768461 0.13428006271591483 0.1351292618340789 0.0 0.0 0.0 4.0
75 0.07377436067812093 0.08166361112572362 0.03701596727558232 0.0702965849674686 0.07601809356831479 0.03143987938367143 0.07249080916626838 0.08022835927270044 0.03287600205297592 0.1422071548644727 0.2201927468223393 0.0 0.0 0.0 4.0
265 0.04984538316164766 0.09341291742783331 -0.041442178807465146 0.02419003518742735 0.08006545430401024 -0.06325309846410454 0.02771289235835961 0.07450091336782472 -0.0588793783926006 0.15099315928224885 0.1370764919166667 0.0 0.0 0.0 6.0
327 0.06511825006601857 0.08802483694861407 0.010935101759010468 0.0498627539077543 0.05949797436288029 -0.018081564772970515 0.052975921018501904 0.06421247103629146 -0.013333673225584763 0.14349348212011265 0.14010256992339848 0.0 0.0 0.0 4.0
202 0.01773634298941773 -0.08084096368277771 0.07868714883232819 0.05233254967158518 -0.0653316754764317 0.03513019685286012 -0.004444784526964396 -0.09637052585259998 0.04511152807262708 0.17749854262066336 0.1852989214684096 0.0 0.0 0.0 7.0
388 0.03439515098016632 0.11134922001438108 0.1594992915898623 0.060881045267567435 0.08198286486209949 0.1983753869011311 0.05200856430534673 0.06832673928365152 0.1776186473923227 0.1955971294559178 0.2647625421313357 0.0 0.0 0.0 6.0
450 -0.003909332626003348 0.022804699368225823 -0.03834233479536009 -0.004374738516722321 0.025813528587280477 -0.0428675605494695 -0.004015196500447682 0.025543896439056413 -0.0524767458070331 0.13143565001560456 0.15022840541224464 0.0 0.0 0.0 4.0
139 0.031171724771376752 0.08794683578473039 0.033732285534530115 0.026850660181615638 0.07111807377093537 0.020881390391396693 0.025196835773760196 0.07043308828714911 0.02192568400864614 0.14239916938558606 0.29271305338619247 0.0 0.0 0.0 4.0
14 -0.02997285232328417 -0.020612171060779616 -0.043441228240308716 -0.029639147753338202 -0.014768240416088041 -0.03762674188967041 -0.026800917987252038 -0.01631422570755714 -0.036749249151622476 0.18804917684760927 0.2560789829383145 0.0 0.0 0.0 4.0
76 -0.07158454997975461 0.07460760803009059 0.06206023457884435 -0.06223895727972806 0.05346756468084557 0.04391753220670247 -0.05388150943662373 0.0674926128878306 0.05381185536241362 0.1402258812845147 0.15984092244571724 0.0 0.0 0.0 5.0
328 0.017447573644502112 -0.06508139374559696 -0.07613537128763226 0.005668611974247284 -0.07806733252794618 -0.08399303879617526 0.008276431933897488 -0.0705318941625045 -0.07027247789323465 0.14729636917065328 0.13097290105618287 0.0 0.0 0.0 4.0
266 0.06711661433834859 0.0927187215405747 0.06567220550351593 0.06799762349808569 0.10073809579870852 0.07028334912845735 0.06816142167306172 0.10752560561336288 0.0680254378179852 0.15040920670827473 0.1428564858287075 0.0 0.0 0.0 5.0
203 -0.01618181611192404 -0.07611233616966817 -0.10366395849161181 -0.01832447645678259 -0.09458148115782905 -0.0980588509153576 -0.030843586082638264 -0.09263482722637806 -0.09224038134108992 0.16973603105858884 0.22660939696584972 0.0 0.0 0.0 5.0
451 0.024210259859138716 -0.008283017482139221 -0.01974821427885254 0.040731661947362996 0.014576861066335267 0.017689764635947958 0.042755089847627215 0.016245239567568515 0.02142619109985522 0.1339610697532758 0.1510597172888506 0.0 0.0 0.0 4.0
140 0.04035494864460487 -0.0006762340601603745 -0.0002878935727909093 0.05546831084764681 0.006665217679185043 0.0106523095583404 0.05709140598351703 0.0110231186553571 0.01764696178317715 0.1258408409127636 0.11734163017231518 0.0 0.0 0.0 4.0
389 -0.018294086624076278 -0.07681968921399362 -0.039224947467216165 -0.023827478568595795 -0.030217266358640416 -0.04979257096184575 -0.03383566007484018 -0.05195435364133594 -0.05939525973797699 0.1772586388752874 0.1674795702640079 0.0 0.0 0.0 6.0
15 0.07517580381358657 0.0002898038392189495 0.07463951463533047 0.07003645684658522 0.03137376375509193 0.0971054471922006 0.06535831419837423 0.03826558606319863 0.0999252800644741 0.17073346151827837 0.17555825729744295 0.0 0.0 0.0 5.0
77 -0.035126824622620734 -0.002431086330320076 -0.014203689962855814 -0.03920754764451251 -0.005324276774011705 -0.022946823471266864 -0.036859617888021945 -0.0049291336166836786 -0.024377525932191113 0.15003238492352103 0.14415181351654968 0.0 0.0 0.0 4.0
329 -0.014372236644275782 0.0658156148784097 0.03681120611893007 -0.00727411321234861 0.058386778468709766 0.05331858521723509 -0.013535498117043132 0.06153402845955669 0.049704386259355804 0.10863073191156923 0.2640998060577788 0.0 0.0 0.0 5.0
267 0.08484016106910586 0.12406349520934179 0.04093736338669007 0.07213543932478284 0.09687049052685603 0.04068794906164075 0.06507142671265709 0.09990941366792971 0.03504821891270593 0.15720125288873357 0.19998235351861474 0.0 0.0 0.0 5.0
204 -0.023979003677852218 0.013273900635335512 -0.023283539097437855 -0.019442304192702098 0.01718839380552195 -0.015226298557753704 -0.019152630456831687 0.016288484446353113 -0.01537443248947612 0.15756762353825168 0.1409530507974854 0.0 0.0 0.0 6.0
16 0.00862285159198195 -0.026643185135156844 -0.017926067979995852 3.659980024761644e-5 -0.02240820455093684 -0.001438882753929005 0.0020522548307568833 -0.02019629649633148 -0.009113557111281367 0.15228058146521348 0.17535699992190262 0.0 0.0 0.0 4.0
141 0.0003534956997681693 0.04178178031411983 0.059084683318791464 -0.005264660378181851 0.03544588871512033 0.057107086478253244 -0.00469573728497874 0.03251146047940523 0.05024799694148929 0.14444626249783413 0.2042003690867711 0.0 0.0 0.0 5.0
390 0.10498794726891081 0.024509825298712595 0.09202155325884864 0.12045035185148345 0.06036033184893452 0.0973513935494632 0.1371209866206291 0.061072143107847365 0.09733497815885062 0.1597579779291346 0.13223833424226075 0.0 0.0 0.0 5.0
268 0.1328947265124376 0.026656531865592692 0.018526458409294122 0.14595819726420634 0.03469938490151536 0.038386222473227205 0.13735390526584124 0.03575562624254758 0.03236860500657479 0.1635037903929464 0.26825350140019155 0.0 0.0 0.0 5.0
452 -0.0990912748483066 -0.13761539489731722 -0.13791847613779185 0.04533220320462439 -0.11058213337702216 -0.011903746806960602 -0.01731270196553847 -0.10655793465277286 -0.04333570585421165 0.1414892553465344 0.13614293047819942 0.0 0.0 0.0 7.0
330 -0.10057577439424858 -0.05055241107222119 0.012480282017249822 -0.04027452724053959 -0.06540121529517873 0.023901386484761922 -0.03107383775859629 -0.042417817390526635 0.054396303535315216 0.1866215097825193 0.23633158712128088 0.0 0.0 0.0 6.0
17 -0.0343642888793263 0.021802526620939178 0.018574312761537204 -0.03580348303893832 0.016505060734959942 0.0029104052126771585 -0.03844652189372699 0.017069108654943488 0.008606756716894814 0.17863748889856246 0.189075655407802 0.0 0.0 0.0 4.0
78 0.036271073281414656 0.03080969130099742 0.04937406051685689 0.032374151658446815 0.033152713038801185 0.04287135213234894 0.03786361791833692 0.031676135851265386 0.05347795562726976 0.15227836730936942 0.07149648222599286 0.0 0.0 0.0 7.0
142 0.010612425072086928 0.01740062571996437 0.037601321718021774 0.013536191467790726 0.019115034493595973 0.026329322003199485 0.012779679483936546 0.02444011352004738 0.03062881236189363 0.18903100753297356 0.1434011296954515 0.0 0.0 0.0 5.0
391 -0.007693892064146612 -0.06172436987819441 -0.07955873302750627 -0.021914710181247687 -0.05614112022761497 -0.08163511896568143 -0.023500190605059257 -0.06157211313781075 -0.08562249510985209 0.15488761278782076 0.11355742909704619 0.0 0.0 0.0 4.0
269 -0.01923080937549204 -0.11759283922022634 -0.15200795904944542 0.0028080721237533357 -0.0927828751297134 -0.12106876532617972 0.0008483899833877651 -0.08091104206523436 -0.11223796547316311 0.15364060929597187 0.11565793151867534 0.0 0.0 0.0 6.0
205 0.17823222230581304 -0.06113457974439118 0.025284933225288464 0.06854762233585965 -0.2063908452768125 -0.10970555139608373 0.06391600204028602 -0.16732071183510966 -0.08118481229358543 0.13290174194819596 0.14053900287998863 0.0 0.0 0.0 8.0
18 -0.023730893136525766 0.063254626457661 0.030849063613500594 -0.027093397454840074 0.05496568430537918 0.03170954492631406 -0.027831685871123946 0.0443808770211187 0.025803055219052018 0.16315588400666298 0.2381280440468984 0.0 0.0 0.0 4.0
79 0.016222608322305154 0.020258603492243843 0.018627091887338132 0.017805522115908134 0.014158557335502975 0.017528637986300444 0.014551750509682382 0.012000239938770196 0.015005140742818446 0.15674534643599636 0.0882672916015872 0.0 0.0 0.0 5.0
331 0.04671399822098787 0.06413712526619264 -0.027288271544565257 0.050433532285236726 0.128037158990288 -0.014606973209324137 0.028225374807573145 0.06769649343811879 -0.03809643386231698 0.160378707412092 0.18727672579763915 0.0 0.0 0.0 6.0
453 0.14822686391613926 0.02424415165710858 0.07848548548296419 0.10688801640756251 0.013380505866922299 0.056054713945166146 0.07246956806537219 -0.01756238135000876 0.01816994293367058 0.14530572702397004 0.1577316054119472 0.0 0.0 0.0 7.0
143 -0.022866050773253876 0.03557210583993875 -0.014810577017006055 -0.028906664310876184 0.039536112107932286 -0.014547668135855951 -0.03685771868078991 0.029438760169196554 -0.02270703984219946 0.13622364870810502 0.1537181352522211 0.0 0.0 0.0 6.0
392 -0.06601130325050031 -0.052355753263343074 0.002213594236250005 -0.0778847150680253 -0.04034656151672711 0.012600634127914123 -0.0766277951433183 -0.038768517495159416 0.017567406279671793 0.14726402612380765 0.09585918982734852 0.0 0.0 0.0 5.0
19 -0.013657743337916806 -0.04778075005006577 -0.02275525533778544 -0.0029369077774148433 -0.039481862852364435 0.0025974754817250645 -0.004635542235451151 -0.03206418546819667 0.0026094264589768823 0.1358562595024398 0.09696563826005895 0.0 0.0 0.0 4.0
332 -0.03474960670841509 0.007996726168690405 0.027935737731380916 -0.013306262754204878 -0.0014844739944741558 0.027048403722767622 -0.020143329633705798 0.0022844679137150603 0.028139675755066706 0.2110525041456838 0.20327711693636108 0.0 0.0 0.0 4.0
270 -0.008050443861811862 0.04691373735389326 0.02046340947894487 -0.03051547226088136 0.00497738487320043 -0.013390336299601291 -0.049589827814487064 0.02277304845115391 -0.0057889198823658505 0.1857959226696599 0.26812052062693137 0.0 0.0 0.0 6.0
80 0.028868430152378943 0.05708466182498051 0.04913680668033904 0.016037630606803965 0.04721489265892642 0.05187990787191343 0.026165174841601413 0.05034154084260489 0.05099742632120563 0.15288359058095916 0.1657153655867989 0.0 0.0 0.0 5.0
206 0.04978764429532556 -0.01573781733998203 0.06422402709218056 0.019341562186785843 -0.05288051573777519 -0.05911605907075124 0.03778082127515803 -0.03689752654219902 -0.013332518171758512 0.163612399256113 0.15609502226854802 0.0 0.0 0.0 6.0
454 -0.0285923402365188 -0.05295018832541687 -0.09602182622920408 -0.024054279335296802 -0.0357496018744794 -0.11532921853681721 -0.015911178336308396 -0.030885853451516843 -0.08817207506212421 0.14459833866901992 0.11824849663541359 0.0 0.0 0.0 5.0
393 0.038457836249546906 0.03356144991567045 0.05644821293097291 0.034690588086856655 0.02982917884807912 0.06371145194095051 0.02917155589454734 0.028885772987224723 0.05958469321353732 0.18366005859237183 0.18583587957942238 0.0 0.0 0.0 4.0
144 0.061356581722814774 0.017911240755767333 0.05434812563763036 -0.0016194566500825625 0.0382115494369728 0.033956618127366056 0.011868915701629179 0.029271729618147946 0.04207225696727801 0.13465856677784946 0.1295141956069253 0.0 0.0 0.0 5.0
20 -0.031189608854096496 0.041981710935185435 0.14458137272722515 -0.01845604999490369 0.0646567562989635 0.14939618972528312 -0.01597210349876288 0.06383793252532333 0.14133564473073457 0.15260986893713172 0.15959350508392695 0.0 0.0 0.0 5.0
271 -0.03267759958758765 -0.0171888254928404 -0.06928103556518461 -0.036880249420262357 -0.022029081691667618 -0.06700425346403405 -0.04522485430370404 -0.0284858889581886 -0.07012265521259498 0.21467772048413103 0.16845982322967543 0.0 0.0 0.0 5.0
333 0.055717412749673345 0.012351019127786467 -0.009066634969680187 0.07267928904524767 0.015466966533165705 0.014335238469755263 0.06966780663813266 0.01692531199432823 0.008108677635855432 0.18418505701191387 0.1876256085936274 0.0 0.0 0.0 5.0
81 -0.18052200328986123 -0.004820752168879672 -0.22692311379607277 -0.19256137218115832 0.017501278636030904 -0.21221967837761524 -0.18463304761846822 0.00935787148766587 -0.19811487885799928 0.19370491456246292 0.18172755889259098 0.0 0.0 0.0 5.0
207 -0.034160070995570946 0.021457248034387977 -0.04926939442938327 -0.03433021313893425 0.03599235780045151 -0.013097773933247181 -0.035314596487910466 0.03474885593995092 -0.00966565966222499 0.17138398563068424 0.25297226733008377 0.0 0.0 0.0 5.0
145 0.07030408129955279 0.04294687305664824 0.0714469108639606 0.051947243445930935 0.021088426601398202 0.0690264536372871 0.060770025738785316 0.03063309637076439 0.07058325467953308 0.14762675121609725 0.22385011439504457 0.0 0.0 0.0 5.0
455 -0.22796657289394873 -0.03135329244150975 -0.14669749778287766 -0.22651960267580884 -0.04900475572148788 -0.13827359112984905 -0.20550063599585833 -0.043417745642653105 -0.12264441345925137 0.19424891532740537 0.15428149823021844 0.0 0.0 0.0 6.0
334 -0.023821481869859773 -0.11554403875811592 -0.019175111904604636 -0.02226141789390701 -0.10223323962897546 -0.028784284790320913 -0.025358403849918387 -0.10414866881864093 -0.04122642987527814 0.16626891660273801 0.1552674652671078 0.0 0.0 0.0 5.0
272 -0.028201052836009266 0.012170923679558188 -0.022345432064106663 -0.02454787343731324 0.008773418345406458 -0.016567437836656485 -0.026646542304434306 0.01436956650700738 -0.008984912668607792 0.18276278883693567 0.12658842458743438 0.0 0.0 0.0 5.0
394 -0.16022149473488834 -0.0961640547101501 -0.08898259385089313 -0.16072043701818883 -0.1232416622994581 -0.1855316346320418 -0.15179139388972063 -0.049886009578500645 -0.12067740482228773 0.2243946042485434 0.17081298454593383 0.0 0.0 0.0 7.0
21 -0.007077911176749607 -0.18931820888103112 -0.07991985430137416 0.04812175955387743 -0.13646447562307362 -0.045958983184425484 0.04162656782304697 -0.10160972160426895 -0.02781684810689511 0.12453189962097322 0.18760181215443378 0.0 0.0 0.0 6.0
208 -0.020506321187422905 -0.022288397596340825 0.08239479306448128 -0.04609641593936553 -0.030391137495269782 0.061395873467402495 -0.030152515714993555 -0.01954973731418541 0.053523275595348085 0.22016923410902178 0.23063846959732717 0.0 0.0 0.0 4.0
82 0.029177541222755288 0.06404867689304661 0.09833518060544666 0.011821404506572097 0.034863708317230735 0.09712241164166868 0.014777862489320226 0.04967509737258724 0.10024283094353903 0.16928503724142807 0.1517559204526589 0.0 0.0 0.0 5.0
146 0.09406220988814429 0.05023498100396462 0.00012956943874042892 0.11228290673046337 0.04959703379959346 0.0036386884397023866 0.10232008740865384 0.03414226918058949 -0.005686713823661371 0.12485473563227027 0.13014088698377702 0.0 0.0 0.0 5.0
456 -0.028607634296791806 -0.011068910301691215 0.008253214202531556 -0.015437925527436724 -0.002844087129600492 0.0010259867414925683 -0.014047059750292856 -0.0038156118588271726 0.0072404780871322405 0.15293011653063324 0.15786832472146578 0.0 0.0 0.0 6.0
335 -0.04334761610406346 -0.07686613850949209 -0.018682116396959714 -0.03379073470020577 -0.06918331009982093 -0.013452276049771728 -0.03628651945542416 -0.06585800145106901 -0.006078461798345591 0.14930007649447172 0.20215903495010354 0.0 0.0 0.0 5.0
273 -0.06106345341657482 0.10270832469891 0.17327721708954202 -0.05688009737934019 0.08215299367196915 0.1593635881384543 -0.061805218618175006 0.05683938365839447 0.1390992636837367 0.2191024045350399 0.2511516198387071 0.0 0.0 0.0 5.0
395 0.07041665173265321 0.07022635236355845 0.0941991933084847 0.06438068173471545 0.04707317271735567 0.08003078455263712 0.06474083760780758 0.05496866994336247 0.08527009110256856 0.08340504460992991 0.13256312989486116 0.0 0.0 0.0 5.0
22 -0.011355531811471975 -0.011040815157760786 -0.002868275028694911 -0.01993677608760913 -0.018933813136228883 -0.006589401837762798 -0.017828306416007633 -0.02079165913062886 -0.0065938176931965575 0.15319500457271043 0.18775995361053124 0.0 0.0 0.0 5.0
83 -0.019346265997818413 0.07725765501243642 0.0155686202463452 -0.011094719505750028 0.07414138717483909 0.025270957456165366 -0.015912295929323195 0.07204245778097063 0.01989767907147688 0.12084891053857284 0.12264677320091795 0.0 0.0 0.0 5.0
209 0.052402643173703245 -0.04002100243953943 -0.06476788997972993 0.06500103716914607 0.012343946362721958 -0.06049344558908176 0.053936499127683835 -0.005685137824446129 -0.0410284097551914 0.17732967288352677 0.19830569855900754 0.0 0.0 0.0 7.0
147 0.010641663190712691 -0.030281500203377498 0.002202710769538596 0.015663575755831216 -0.022653853736011698 0.008493856206569506 0.026529361457780842 -0.012558764454250526 0.010324780677704037 0.13818384019059146 0.1531364366126076 0.0 0.0 0.0 5.0
457 0.03350258336587486 0.1418882554379215 0.20657215249747507 0.04328906940230626 0.1398318251170958 0.17440022670106292 0.041331675587157335 0.15499527536322488 0.192264294742724 0.16549561966334192 0.13076009913526562 0.0 0.0 0.0 5.0
23 0.03086417748754977 0.022024145117822913 0.032692854373633784 0.029113754877955866 0.014149450701776756 0.033356782753061864 0.0377017582146808 0.018403465140219177 0.0438741294674212 0.10698514270610214 0.13573265222525246 0.0 0.0 0.0 4.0
336 -0.0222140417356419 -0.04116233724513241 -0.028873236364241772 -0.03635272348992202 -0.05596288305186847 -0.0364767386622985 -0.04447375093932371 -0.061544638963201614 -0.047516775326172045 0.13471104945945742 0.1325226255078986 0.0 0.0 0.0 5.0
396 -0.0050069355996077425 0.03917927457463444 0.024056233584538456 -0.0014406175687461387 0.025023584635338603 0.013809223426740402 -0.0036708208678936094 0.02365593674258304 0.010765502976663788 0.17672015566219357 0.1519476670447853 0.0 0.0 0.0 4.0
84 -0.0010942140876788464 -0.02327314978943862 -0.004431604798202815 0.007013885854111335 -0.02126626050258129 0.0027944703473830046 0.009370871519524204 -0.019056106467646883 0.00238972180886865 0.20012912151445447 0.17154846415141334 0.0 0.0 0.0 4.0
274 -0.07762583430054859 0.007696911403890061 0.00013030854621787213 -0.08399234660322763 -0.008204344315693834 0.006619707147208276 -0.08051245528080908 -0.007323075045453931 0.002426133331057345 0.17968012500337127 0.17918055441904426 0.0 0.0 0.0 6.0
210 -0.007291767836595797 0.023171154732566146 0.010723750217387362 -0.0013237923720769151 0.01728386339829946 -0.0008006284287812582 -0.00813314914726826 0.00488743665861735 -0.0015440163250923788 0.13571189510873333 0.12504828358833103 0.0 0.0 0.0 5.0
148 -0.003390554386917932 -0.04175139038999243 -0.010134481679305973 0.006843212902255313 -0.027863555352332203 0.003139710206244928 0.0030884275424789553 -0.03211222547484094 0.0022532036401501365 0.12367560337815126 0.09755847375460515 0.0 0.0 0.0 5.0
458 -0.018244799032271497 -0.023441302040197787 -0.053374391703338575 -0.023338596719298166 -0.020365013667734244 -0.04286565261763353 -0.019333624985327313 -0.01987323532082763 -0.041937559229193844 0.1821098012799336 0.1824874369425419 0.0 0.0 0.0 4.0
24 -0.07723028115900143 -0.11453102738027998 -0.05172016511235622 -0.07956773777733539 -0.13179438408991995 -0.06712342973207763 -0.07489393901517638 -0.12130456320212213 -0.05888537020284401 0.18089000327379542 0.193574093032322 0.0 0.0 0.0 4.0
337 0.0751630765687672 0.10215484044693013 0.0723675618181876 0.07286033454168406 0.0987970760338619 0.06413572861171679 0.07379086613047936 0.10012100117276512 0.06425130971990112 0.1136142367384372 0.09607678835685429 0.0 0.0 0.0 4.0
85 -0.05167617762676535 0.017195069579917233 -0.0044140491877714405 -0.04876240591010794 0.020828798014448147 0.015578289939039758 -0.04591050235527183 0.02812687798444058 0.017870672643357732 0.16240167354985718 0.1607464880838681 0.0 0.0 0.0 4.0
397 -0.1390937413327189 0.05289967858940203 -0.07751660260391524 -0.14493393259874388 0.022491875772240544 -0.09410400124635776 -0.15547042270871758 -0.004340257601363917 -0.10743418551817918 0.13958075319240087 0.09476112761868413 0.0 0.0 0.0 6.0
275 -0.018195862467040858 -0.013943638226953436 -0.06907731404851647 -0.02044589950186515 -0.013429991278791853 -0.08063612362745798 -0.029123844011322175 -0.02312049338644706 -0.08606174756884355 0.16796476081439396 0.22305723754923842 0.0 0.0 0.0 5.0
211 -0.01883767584611351 -0.07158635568716332 -0.04989017463875556 -0.007721748437085285 -0.08066591999936645 -0.054811693461074174 -0.009974263600263433 -0.07779996495472097 -0.04356061627060859 0.20424816822429373 0.19424197427177944 0.0 0.0 0.0 5.0
25 -0.034876470629396805 -0.01129387551278882 0.012580986497446212 -0.036413084207761126 -0.023639349571532686 -0.0038827278713507996 -0.04618599054485817 -0.03645860217164665 -0.013419391582008 0.16175250123531337 0.18057119312138703 0.0 0.0 0.0 5.0
149 0.16770224361947417 0.1960697953466124 0.07905307271803719 0.15416833703699395 0.17973633342481277 0.06437653270873955 0.1500694453569198 0.14421512988625218 0.03977500072225082 0.13715505962083546 0.09413588169375901 0.0 0.0 0.0 7.0
338 0.04514268833838919 -0.001303071090592356 -0.09041049765694997 0.07047487316116596 0.017018949898676805 -0.07259302764064668 0.05550197484102992 0.006886322738983042 -0.08828342149157764 0.13436641615236247 0.26425182318967433 0.0 0.0 0.0 5.0
459 0.04914834064544782 0.03331942394569509 0.07289165552857457 0.03277897116660711 -0.003658085471795691 0.033846668493535015 0.03582693896482381 0.0003123469624721764 0.03970174368749113 0.15195195483696222 0.13375539994834632 0.0 0.0 0.0 6.0
86 0.10129098878864551 0.022789870959429193 -0.02040922198807027 0.09149518269205559 0.03838726672154391 -0.020254311350699217 0.08473835364749105 0.033450759324310964 -0.012730166076976857 0.1699311651666308 0.237192999191687 0.0 0.0 0.0 5.0
212 -0.05483637571354216 -0.11600106917903152 -0.050974668804679824 -0.06348139685458809 -0.11749059195236589 -0.049344638426620735 -0.06053017408008976 -0.1145026986832437 -0.04622132662269007 0.19683079363609574 0.19417813071172207 0.0 0.0 0.0 4.0
276 0.008053861243504379 0.06848840162290015 -0.019204126461187854 0.04204335266302328 0.10116678964134795 0.0318062838737303 0.009325867650196829 0.11917596756388305 0.0275032745734205 0.16483899433894797 0.17255288517719652 0.0 0.0 0.0 5.0
398 -0.07150121376122731 -0.027734035346385078 -0.01387099346816234 -0.061882559344045185 -0.004446394104344109 0.007885245807805807 -0.06867066754290718 -0.022052022527178305 -0.01335594952358321 0.147352095496766 0.15048109012844352 0.0 0.0 0.0 6.0
150 0.16243157807209196 0.08047576207569707 0.046280644169528484 0.11774331631123758 0.05004498487353248 0.021315516655193267 0.10643253189013313 0.04763977249142193 0.02174280372394466 0.11769675711854939 0.19177379355650667 0.0 0.0 0.0 5.0
460 -0.007659117694233775 -0.08692798044858818 -0.03549179533818658 0.02924121569921545 -0.0601962488621125 -0.027097152345453623 0.023648047960839857 -0.06420694057533083 -0.02370958647959387 0.16863169348111665 0.13188626305228424 0.0 0.0 0.0 5.0
339 0.06643239872852313 0.05089015119226281 0.10410507226937016 0.058809121462779945 0.028361707185083462 0.0679013418532819 0.05633264824706563 0.01394796509651175 0.07309936017751673 0.14562827459263467 0.1500749804889744 0.0 0.0 0.0 6.0
26 0.17190763610905813 0.1197174195533921 0.0698154835289988 0.22036640733299295 0.1487206842256268 0.10841099351241668 0.23714065831961095 0.1378676876113185 0.11141654278971957 0.14859703456544623 0.14711121965343854 0.0 0.0 0.0 7.0
87 0.018683980744572448 -0.022346280584683686 -0.029393172835629144 0.011011263172696406 -0.054289746780535886 -0.048015277534241174 0.01520453853832926 -0.05720093098652734 -0.030486261440024087 0.14576634630622246 0.16570367790459242 0.0 0.0 0.0 5.0
213 -0.01758010414222888 -0.01394727370922555 0.0009105931433182057 -0.01780201535734316 -0.011727765637112086 0.0005842825271971108 -0.016002774914303353 -0.012914753534356338 -0.0035502750013205464 0.1712485218462064 0.1901447758320747 0.0 0.0 0.0 5.0
399 -0.04664132898458906 0.05045245618776395 0.019859512834126347 -0.03851841187056115 0.053257281172435667 0.022530983250073078 -0.022474630085508873 0.05756385457647051 0.030100721690674348 0.14114291012927987 0.0791072385691918 0.0 0.0 0.0 5.0
277 -0.1621794434708258 -0.1343823331062014 -0.0704673264606277 -0.16369806231359463 -0.11572395990646345 -0.04733581558218991 -0.14741977233088144 -0.10243867092725767 -0.03727299654169791 0.12823523861201067 0.12905440080147187 0.0 0.0 0.0 4.0
461 -0.00841710456443756 0.025775847297226706 0.04608996272237187 -0.011531556374373642 0.03099888573579035 0.025933060305076472 -0.017050395305727162 0.03210951163924114 0.02484000013892884 0.16467857064278757 0.2078505385463376 0.0 0.0 0.0 4.0
151 -0.011094763644874828 -0.022964273232738974 -0.00659947626704982 -0.004697609397685043 -0.03089361254156009 -0.015872775300822428 -0.0047738628540625605 -0.02596221692277756 -0.012674073771063221 0.1633174905524025 0.1027382118528626 0.0 0.0 0.0 4.0
340 0.06132607759070252 0.009760365123491432 0.08769027892424353 0.052515002032643254 0.0091022500134319 0.059544312762842555 0.041888935454850174 0.02673588191096643 0.07316936981952438 0.18713595423550522 0.19155307601304059 0.0 0.0 0.0 5.0
88 0.03225516741624879 0.020538168689171687 0.09790617207340069 0.05481955983593578 0.027849507085196068 0.11894091294733888 0.04979846035055413 0.025259245221783466 0.11519824234196019 0.15520206875348305 0.17356490821091916 0.0 0.0 0.0 4.0
214 -0.0019447173364979253 -0.007284349172221538 0.057564035198984564 -0.0074037506377017115 -0.010843030802110243 0.06157820394276858 -0.010302784552607025 -0.018428339335919697 0.05685179396467532 0.19198949591074038 0.21138512152600528 0.0 0.0 0.0 4.0
27 -0.12594925218908226 0.24891448010955308 -0.10951823508241354 -0.12454393595379765 0.19104579692657553 -0.1022047523846692 -0.11449373572849397 0.2098665116913645 -0.10983911619953002 0.14121654146905377 0.15006022217773352 0.0 0.0 0.0 7.0
400 -0.006572724114726425 -0.09029367546373646 -0.023105896134109183 0.022306406051898264 -0.05721851663978261 -0.009184396010286311 0.018141102794261288 -0.05612177404635721 -0.0009207229842771447 0.16787736923434707 0.1983476697696433 0.0 0.0 0.0 4.0
278 0.019146831673086506 0.09409214486880724 0.014345629706756124 0.010160637485898238 0.06677478430217221 0.02199216367963608 0.017065753674658124 0.08896375362512154 0.03487988439880452 0.10747485822325527 0.13350138651241153 0.0 0.0 0.0 5.0
462 -0.027928331387023442 0.0036406335509417964 -0.07720330065762271 -0.02744267143213941 0.009012733506862824 -0.07537262299942271 -0.03333201784601769 -0.006235481269261101 -0.08096510370153476 0.18326712802812836 0.14845557086366065 0.0 0.0 0.0 5.0
341 -0.04752237201124487 -0.0559404818585435 0.0003042132033463929 -0.044880739278877146 -0.052378441528059816 0.003943693310516805 -0.04537608648444558 -0.05126091640518349 0.0017444279743761282 0.21270045440471064 0.22669083547819902 0.0 0.0 0.0 5.0
152 -0.05216997218331587 0.049473398523316225 -0.06406517275914092 -0.050365788832623104 0.071420103652867 -0.03840959564305624 -0.04331270630249395 0.059046092904819325 -0.03834697725604308 0.16451968790460791 0.19194404515778118 0.0 0.0 0.0 5.0
89 0.004077467977546156 0.023071764858638488 0.06419735056344456 -0.0021401458953110852 0.029714183313776177 0.06925865910032702 -0.011546410504631122 0.015041001301029366 0.058373338066209035 0.19200575931396888 0.16450969190833478 0.0 0.0 0.0 5.0
215 -0.05410567442100733 -0.09932310286593038 -0.06236042651974649 -0.057832860358076 -0.10382475912348876 -0.06629803758312158 -0.05798986492861158 -0.10584052732394633 -0.06838024498932793 0.1714983502880651 0.13011768602012563 0.0 0.0 0.0 4.0
28 0.0015657124481194273 0.011972762130174397 0.03403361373020397 0.0022688019709002916 0.01500439702966383 0.04088155903256463 0.0011881176215697842 0.01312863244107132 0.03453365951376597 0.16885010165835707 0.1411081089591966 0.0 0.0 0.0 5.0
279 0.05748061337368937 0.015515948723874962 0.023080881862892255 0.06037143597778183 0.012971294237546394 0.020595969599871422 0.053992513290548994 0.0038359106049450364 0.014684045594842488 0.11344924387171884 0.16316224617489247 0.0 0.0 0.0 4.0
401 0.08841211564181917 0.1797720954176667 0.17837742554226899 0.10341724214701586 0.15400070660615817 0.15915098388127102 0.026412448509396835 0.09480847894053346 0.08699943131572363 0.12253043036029974 0.15010220582866687 0.0 0.0 0.0 6.0
463 -0.02509324535741575 -0.020463835194762026 -0.003134678901456911 0.005842951658912021 -0.015388011028127258 -0.005629707968615283 -0.003770130373789038 -0.016697559086924274 -0.00632422856692838 0.15824526100062045 0.18636618956839923 0.0 0.0 0.0 4.0
342 0.014043204825675781 0.06123756361264343 0.04559017318466663 0.004330872672859476 0.07703298406377468 0.03352717172887609 0.00585192514936983 0.022481006024545724 0.0006614953442840577 0.16911065981345325 0.1479940946120944 0.0 0.0 0.0 5.0
153 -0.04239534173800541 -0.0172400234010035 0.07024503998477538 -0.07975666903338274 -0.0065958911855468205 0.01864778091160102 -0.0706170840524204 -0.013083731348666694 0.035796599880340674 0.1715879346592673 0.20444214878532696 0.0 0.0 0.0 6.0
29 0.007005451701612486 0.04871007817016526 -0.02546866180861418 0.011077220286360046 0.03983617355426872 -0.022099894400063547 0.007164994141448222 0.03647561562070134 -0.024691818120019637 0.20546888769861976 0.21755053834428045 0.0 0.0 0.0 5.0
90 0.048978784350566684 -0.020303328595061565 0.0007415421263265998 0.056341935556378786 -0.02439032593842927 -0.012568051884003673 0.0513956158779596 -0.030465710275192404 -0.017282763567011084 0.1762257373554931 0.20163424422647871 0.0 0.0 0.0 5.0
216 -0.13660289674080073 0.03562991807811877 -0.0022333037101404107 -0.1397945423462994 0.03802354109866757 -0.0010923990897966362 -0.13633990539252883 0.02611699445775373 0.0028017703115748027 0.1381064745107922 0.18507696942753488 0.0 0.0 0.0 5.0
280 0.0033108154943717327 0.06095550365190605 0.04521727811887022 -0.01302892693253721 0.0833086610319329 0.05064151258570826 -0.01955234275801332 0.05891671236869622 0.03811499361143311 0.154144501325511 0.15527693243668897 0.0 0.0 0.0 6.0
464 -0.0548984457675421 -0.056046989418116255 -0.04669483656611406 -0.0562542015352856 -0.06953758496352147 -0.04810977088998469 -0.06017208782582151 -0.07177299596776632 -0.052697472682525115 0.1798655656137667 0.18996215998004878 0.0 0.0 0.0 4.0
343 -2.1995232104665696e-5 -0.03399868997413191 0.011879036397839382 0.0010808729271647444 -0.020234107072338747 0.028141854604347705 -0.0023093198627588407 -0.018967954823548183 0.01695215605827749 0.14708218704802445 0.17445436216755472 0.0 0.0 0.0 5.0
30 0.05701520071491939 0.011667900741341608 0.030643326010376448 0.07057312544116501 0.012532574596505697 0.026221214081898037 0.07058244872909758 0.007261180346798124 0.02068174831124714 0.145961108262029 0.16547037963097444 0.0 0.0 0.0 5.0
402 -0.023519317532662898 -0.036405921581245226 -0.06835403627700365 -0.04248946444875379 -0.014928259303962466 0.0093302350931741 -0.0470040223739846 0.004536679445613423 0.008143540943445604 0.1504687934043092 0.16203288229198154 0.0 0.0 0.0 7.0
91 -0.06202794616274676 -0.08268721198324003 -0.000604375826127046 -0.06155885301573094 -0.0873701768474483 -0.010694699623445936 -0.06194392103695867 -0.08635687119799906 -0.007817287903090997 0.156801447497501 0.2719103068391175 0.0 0.0 0.0 4.0
154 0.057870755889712466 0.16712858692221189 0.11937970076087545 0.05031144337843063 0.16680952713228092 0.17047109891062573 0.0589130889911349 0.15143690692142697 0.1684305624073954 0.17900543644215916 0.18345280924378474 0.0 0.0 0.0 6.0
465 -0.02394691489344536 -0.025870605739663155 0.02355316178514877 -0.018059673829374234 -0.017746977450853185 0.028502405053163926 -0.02007129419713427 -0.017062327132075672 0.027453939313276665 0.12489129017507931 0.13289274042576651 0.0 0.0 0.0 4.0
281 -0.010527116140908066 0.04553937874719849 0.031926611180435494 -0.024392554462253524 0.04596662217368541 0.026121150214736044 -0.017548842435820555 0.05184646673015081 0.028944957979917696 0.167217805536821 0.16654510358853575 0.0 0.0 0.0 5.0
344 0.013395382311448989 0.006253672335051252 0.0003530402574767333 0.019280458240252818 0.007089002231625674 0.009574972491196432 0.017623395340647496 0.0007607996005338791 0.008865866644793163 0.16311473175682842 0.1581715059842892 0.0 0.0 0.0 4.0
217 0.07760629234406924 -0.05859236925836597 0.03648398236696404 0.08958609508215498 -0.07880067578059058 0.013350524177382583 0.06761241465928935 -0.06731192977184697 0.005157182698949825 0.1994686630738297 0.22488189013277454 0.0 0.0 0.0 7.0
31 -0.04421216552870777 -0.11069658639274849 -0.017058044508305947 -0.04477033343469983 -0.10921331802113499 -0.0287463850062607 -0.046078042404797515 -0.1057885822063328 -0.03297555256049811 0.17327299771301974 0.1758902548963672 0.0 0.0 0.0 4.0
403 -0.0014481432509279024 -0.0054090282810300705 0.019413002957497705 0.003205667614556429 -0.010349561411433617 0.0018962779754847503 0.008221387049544226 -0.013398596016089392 0.0015044241142085912 0.15972926249831176 0.1792023281463439 0.0 0.0 0.0 4.0
155 -0.018202106022651487 0.04087010052764861 0.005390896638463483 -0.028846540537279086 0.036386966531842146 0.0018515249418225022 -0.03342604381933256 0.03496850127132056 -0.00385738649710321 0.1677744094462708 0.23695191065128476 0.0 0.0 0.0 4.0
282 0.03431561745606371 0.009208318329896326 0.005996901220370443 0.018704581969232414 0.029365843226552224 0.007954478301964718 0.02933778967326739 0.02889939961276866 0.010082109297889552 0.19166733934545022 0.23897083987755088 0.0 0.0 0.0 5.0
218 -0.0029194937372690744 -0.04965804191597778 -0.052412699216352276 -0.003812934241386956 -0.04261133246642357 -0.04404262115773383 -0.0013226481705544968 -0.04528942380996459 -0.04626936841154583 0.17349074671541553 0.2531960319168052 0.0 0.0 0.0 4.0
92 -0.06035732742428834 0.1695761791502488 0.011544185094662263 -0.038819060394941984 0.1724128112339316 0.002692412286799728 -0.0058452311363496046 0.21322223493016645 0.04330327717335414 0.1751981207178158 0.1961685584273115 0.0 0.0 0.0 7.0
32 -0.07572929804967421 -0.027456902770250924 -0.04338018665244836 -0.07751075458650403 -0.03198006641547679 -0.04658980568312887 -0.07505843078045449 -0.035020020794667484 -0.05351672346066516 0.21829118066744402 0.20962939320410834 0.0 0.0 0.0 4.0
345 0.10615789390338959 0.07219213908740141 0.043044931873011505 0.15126204260289033 0.06446362391504845 0.07345512454366654 0.1518850586233429 0.06552801340342218 0.08221985129085363 0.13961795894437817 0.2005594905003374 0.0 0.0 0.0 5.0
466 0.16335554492062676 0.22694954344403095 0.26183472835788413 0.024757358841570154 0.17166137052926844 0.1878549467480759 0.061897815497305775 0.18845592219502838 0.18942097346039777 0.13426439620155464 0.21496687036723658 0.0 0.0 0.0 7.0
404 0.012327567758886548 -0.011529218046895329 0.031337259679948604 -0.005885148126560269 -0.01282217148453102 0.03296661741078499 0.00032299296121673926 -0.009221331011070255 0.01946824630472932 0.14308615596737279 0.09115737074184252 0.0 0.0 0.0 6.0
219 0.07840386751334072 0.0467992026892432 0.05252955490064082 0.05669345993530128 0.0401091366785602 0.0432805484289851 0.058631500459557895 0.04352902449337481 0.04643402510247152 0.16839993198743083 0.13399602100294158 0.0 0.0 0.0 4.0
156 -0.1195089866145237 0.052427744803669185 0.017738029424626323 -0.11344531338442265 0.12504975663176432 0.04390247124683677 -0.09952383886504357 0.0805033976657652 0.012109815226555964 0.12608232666570368 0.1103324585943096 0.0 0.0 0.0 6.0
283 0.013207622114836282 -0.04861083938118593 0.027497383408773723 0.01899365793238994 -0.07980948044850633 0.0029463170668351246 0.019210425850874957 -0.06371107926274999 0.009036080047810868 0.16695470341369723 0.17206242170647137 0.0 0.0 0.0 5.0
33 -0.023818086693262575 -0.10625430136420577 -0.12935746493732692 -0.02174868245468886 -0.10091305834200726 -0.11868220407666741 -0.023647179973878996 -0.1026348091624395 -0.1247050535853057 0.18225891628787072 0.17131926015410126 0.0 0.0 0.0 4.0
467 0.03276453002661106 -0.02366230837341965 0.033983747689183996 0.024153809364040546 -0.03912319253654173 0.04157156594408873 0.015413612066836224 -0.03624589452231963 0.03785588157076947 0.20199529099945918 0.16842842512519118 0.0 0.0 0.0 5.0
346 0.023910930710246303 0.056157143219829786 0.04273322214751074 0.038196089317143356 0.07829651859229725 0.047958210555376635 0.04912379593356331 0.09691145039240845 0.053754169978575295 0.14660667394534288 0.18938724637352794 0.0 0.0 0.0 6.0
220 -0.007921781876680245 0.02805650796085013 0.0066545980857311005 -0.009295921902818693 0.021752753229939303 -0.0008746267257533358 -0.008819124178084947 0.022822742488806558 -0.004222692278652906 0.16241632746586107 0.1251908785057065 0.0 0.0 0.0 4.0
93 0.028680114507445786 0.16104141209130107 0.30509611069769726 0.03528773301763932 0.15549588245882595 0.2903899707414508 0.046110899768678104 0.1569245991667969 0.2664113677451405 0.14317920017353145 0.17203205340591043 0.0 0.0 0.0 8.0
157 0.057106287729250305 0.026938455467747868 0.05089712022503767 0.054503755765431094 0.026867033116658057 0.04165539016627773 0.04928692107492605 0.027400714008106064 0.04333478694675885 0.16189665104701495 0.16223116021323888 0.0 0.0 0.0 4.0
405 0.034624667791485875 0.035659993436161885 -0.04003198723131385 0.02296796892117592 0.021946309678723575 -0.0491864033345355 0.018117787451589207 0.020057941058154505 -0.05426032969941874 0.1700029372804166 0.2213787795597727 0.0 0.0 0.0 5.0
284 -0.0998663173709382 -0.03014668843340229 -0.09783183679512486 -0.07341652464622206 -0.02847332693321325 -0.10946216169394463 -0.058166702301522655 -0.020027479161032202 -0.09389940848405731 0.17216515403048765 0.1920518492644004 0.0 0.0 0.0 5.0
34 0.09391103211429463 -0.0022086387290666254 -0.07930497272076198 0.08056493811280907 0.01684744861757337 -0.050155530173068286 0.06903828701174186 0.010980426667292154 -0.05101240243363381 0.19801299224607916 0.216038327912396 0.0 0.0 0.0 5.0
468 -0.09655963710531068 0.026319752767723914 0.0012349478762967436 -0.09770076909374492 -0.016205150069013796 -0.06437211410713384 -0.09122813601466795 -0.001953412614683625 -0.04089749372728113 0.1539915031147974 0.13960523029453079 0.0 0.0 0.0 5.0
347 -0.05442118259280215 -0.011614889003209283 -0.024917156102279736 -0.051002858228692105 -0.015146301947783658 -0.03409577644884754 -0.05572435984401636 -0.012411153442307477 -0.030241135128924013 0.20398457615871007 0.21250736995379654 0.0 0.0 0.0 4.0
221 0.04524167214701258 0.3020378762388567 0.22126615281724193 -0.031808675446360124 0.19964050619740248 0.1645985281190716 0.003706738159270362 0.24547090119943915 0.18288920676263398 0.16603743497117598 0.15642930453168377 0.0 0.0 0.0 6.0
406 -0.06549731136940884 -0.05583065544150201 -0.09957356624390745 -0.05367655128222959 -0.04656782994408892 -0.08647204970486 -0.05108243184398442 -0.05421920355853871 -0.0835555439169704 0.10578803233850366 0.11388843082883898 0.0 0.0 0.0 5.0
158 0.050954670387629575 0.12553682987698744 -0.040048619064169566 0.02695375128734523 0.07606538021410891 -0.06309656726135326 0.011343313020738321 0.0876117854886822 -0.05578768177746363 0.14278340047653243 0.12739290808687395 0.0 0.0 0.0 6.0
94 0.011517149299098417 0.11612561565146828 0.04194322490791702 -0.022040234552829774 0.09149720980540343 0.029784242749923306 -0.025794522623835414 0.09233372727962252 0.041680372772195495 0.11355086240749011 0.12304140501574463 0.0 0.0 0.0 6.0
285 0.04540627942074127 -0.015172159724975876 -0.07957079901473874 0.04791461191631896 -0.05560607190209099 -0.09190832337432875 0.05067683370832898 -0.06273379347283226 -0.09474357047275717 0.13053124315807133 0.1521840717690786 0.0 0.0 0.0 7.0
348 0.06722418984533585 -0.044365897956634925 -0.052421921948761496 0.07168483001912729 -0.051613990396147 -0.03225265377129771 0.048624314372405886 -0.038581374701516236 -0.01821560706345693 0.17378635500133724 0.17459649105662553 0.0 0.0 0.0 5.0
469 0.05231383811680179 0.06725503825695145 0.23767015303387606 0.04841836565385993 0.08118261832389906 0.19093919051972885 0.06114079329271416 0.08848043195587141 0.1792737550105139 0.19221697499711643 0.1833814266047165 0.0 0.0 0.0 6.0
407 -0.002233154676649307 0.03221207126732106 0.04547383010975459 -0.05284490749635351 1.8112986579943424e-5 0.01366722992629188 -0.03476239603156883 0.009611817584815885 0.017465818096185082 0.14901646467324198 0.15577243920394088 0.0 0.0 0.0 5.0
222 0.05061445575359391 -0.038797218481933404 0.012266130730230307 0.05115559921034074 -0.035186883479924824 0.011884389452481825 0.0490710293824288 -0.028095045397472984 0.017361567827022473 0.1298933591072168 0.16739264416631433 0.0 0.0 0.0 5.0
95 0.012397924316443598 0.060204631396337804 0.08755553313669351 0.003786266482825429 0.0489198199745029 0.06750068678251853 0.010023158844848723 0.050573041457818046 0.07715280416413317 0.09705474817676382 0.21913748487302082 0.0 0.0 0.0 4.0
286 -0.026637829842147576 -0.07855351149120038 -0.024817843721457233 -0.029575927343522768 -0.07649330602697013 -0.02098734154073445 -0.030104034109590838 -0.07898373306128781 -0.02123252024753408 0.1731049209680698 0.17303028717400368 0.0 0.0 0.0 5.0
349 -0.015280818110340433 -0.04163964597921144 0.007239521799621063 -0.008394385412567984 -0.04734220969053726 0.0017447114787967344 -0.0059827346375807 -0.04386757138441444 0.004133226348596919 0.18449060623793018 0.254295323989909 0.0 0.0 0.0 4.0
159 -0.05551117933916838 -0.0027378717930842678 -0.033781347203398315 -0.057941022722173274 -0.04022317451433677 -0.06270470313986753 -0.06266996291500693 -0.03513165611959379 -0.07474593636193072 0.15472440268192683 0.16793794298375406 0.0 0.0 0.0 6.0
35 0.05538526216282258 0.012922139595938242 -0.2477394108596246 -0.0334068365653839 -0.01922535103508327 -0.26924308490430193 -0.0068143485558309624 -0.04827277431360044 -0.21135075794483427 0.1137547884672028 0.12976082930602276 0.0 0.0 0.0 8.0
470 0.014437229137784335 -0.016876295649181916 -0.02320832513560056 -0.0031735134788917208 -0.018529832296100834 -0.025118363381290698 -0.000788603618851913 -0.023103792690320257 -0.03283808634298491 0.1543888193388969 0.1522633761457413 0.0 0.0 0.0 5.0
287 0.02643820092896565 -0.028764190930279154 -0.04054586758284329 0.02467185552978468 -0.035838644698302446 -0.041247456243292735 0.01649841211191916 -0.036389786778307065 -0.03652836801541559 0.20276373241249843 0.1876734985763481 0.0 0.0 0.0 4.0
408 -0.12343251225984153 0.02451268954985264 0.016592773573774755 -0.09619999286089709 -0.022901084541694594 0.05885732880719807 -0.09799609898899919 0.009262117224573485 0.04946952019202122 0.20016108290972223 0.19217605579644476 0.0 0.0 0.0 6.0
160 -0.04268568730054212 -0.03257005142525715 -0.021556801959309868 -0.05029580021569857 -0.04311536256410575 -0.025374658304879283 -0.0491485406453811 -0.042261910322571095 -0.025667191506073217 0.17294227753451732 0.15464053663402724 0.0 0.0 0.0 4.0
223 -0.08828244218496994 -0.06999545068042268 0.16638578297948037 -0.09054122050349467 -0.07393457037678541 0.16001968867626037 -0.1005853074766262 -0.08634317491076193 0.1380968293055811 0.1598948380639997 0.1847637160798672 0.0 0.0 0.0 6.0
36 -0.07218185557193302 0.0399942774184856 0.023017138072633392 -0.06702056223185227 0.04166293492384465 0.027441403287471022 -0.07892590860924897 0.03221284391814638 0.018494736796143663 0.131613934544666 0.1835594607991203 0.0 0.0 0.0 5.0
96 0.05277552708285449 -0.11061215387202838 -0.08857273438715241 0.07507097883873892 -0.10005115980018675 -0.03324727115895154 0.03153533681147502 -0.12705093322415661 -0.04212263351371426 0.16231422323015987 0.17638504463639684 0.0 0.0 0.0 8.0
350 -0.19931900942681213 -0.20963331729473444 -0.1141537365726949 -0.1728151381087638 -0.19764424131468428 -0.06050141283567534 -0.18676018170892006 -0.21750779289506994 -0.0661483108521348 0.166192011305865 0.17519153330712536 0.0 0.0 0.0 7.0
471 0.08433411402112667 0.03932357106966311 0.15281125264836448 0.09573623246619478 0.051160448743863496 0.17247654324681116 0.09043905249345019 0.03733300179525001 0.17028478086157994 0.11797137122199101 0.1113777600457137 0.0 0.0 0.0 6.0
409 0.01137712093102583 -0.03557233831535944 0.02057608654975218 0.007593399898454978 -0.016331135097299887 0.025184719233427577 0.010006335243256004 -0.005993176671471256 0.027838471209428395 0.18703458312859106 0.1941557898937158 0.0 0.0 0.0 5.0
288 0.04008967143321329 -0.07891826453230155 -0.15086451908435017 0.08017704508246903 -0.0452857041683955 -0.10956404206502623 0.08026058809019498 -0.05737437464015216 -0.09517082696030332 0.13258073025104675 0.2379240265680467 0.0 0.0 0.0 6.0
161 -0.10273686962338069 -0.02156662786896124 0.043159795932811384 -0.10323439730050998 -0.026618928753193494 0.036055770524127784 -0.1219948832636577 -0.03308558499514025 0.051446680118148125 0.16220308169781028 0.21655724740611365 0.0 0.0 0.0 6.0
224 -0.12455325459206557 -0.055758729735659096 -0.11477724044000737 -0.13108920253074052 -0.07740822505732958 -0.06009878496963794 -0.14509307623532153 -0.07639736864591296 -0.08105365098859885 0.1565729914150929 0.15331029132127802 0.0 0.0 0.0 7.0
472 0.022898557759586602 0.07078594534235916 0.024511144804506557 0.014511205710295183 0.05431507921566525 0.022528805863003543 0.01856106020484316 0.05931079377545623 0.02364594304891754 0.16811000892317596 0.19670958159640833 0.0 0.0 0.0 5.0
97 -0.013499780737000533 -0.059877592157226545 -0.09914532226985184 -0.049091392946072454 -0.09359507539141798 -0.11305111238230192 -0.045619839841966714 -0.08189915965671613 -0.11076148945887754 0.13043428994712794 0.12209288591892653 0.0 0.0 0.0 5.0
37 -0.06741377163466145 0.01557812135980785 0.059171124873990566 -0.05979460788021518 0.01836146832676855 0.04661123401947953 -0.04409049134592469 0.028732578385727958 0.09034095635529016 0.14824080164487335 0.13840959475511158 0.0 0.0 0.0 7.0
351 -0.04872073362246687 0.10413116866094008 0.12066289711205824 -0.02301995925002187 0.11225013828100572 0.10803285752489877 -0.020946168973445145 0.1260360964295455 0.1182360264214648 0.16469577855831205 0.16560724746302008 0.0 0.0 0.0 6.0
289 -0.026829374940825046 -0.03043655716277205 -0.07141575590400562 -0.008255705910675037 0.0004861851316069199 -0.06082168524395504 -0.016697251761400245 -0.01589291966787143 -0.06674916962639577 0.24528377560479975 0.2597687172783666 0.0 0.0 0.0 5.0
162 -0.019180819810198146 -0.031031333287812046 -0.07623009043652584 -0.025839371511437115 -0.04053551760821594 -0.07757868249997513 -0.03108923716259948 -0.041734958907814756 -0.07406149446600796 0.16476845919449895 0.16542570507019502 0.0 0.0 0.0 4.0
410 -0.11685129519047033 -0.06787253089094769 -0.11616505427006185 -0.09262747560436013 -0.05400122310216737 -0.09163374107674482 -0.08387198905215498 -0.08014263885789663 -0.08247638876363572 0.1809676467792659 0.1763524811491959 0.0 0.0 0.0 6.0
225 0.03057812101945756 -0.03234848505320198 0.048043849417265916 0.015441007857312838 -0.05262174204160053 0.007157606514884618 0.027716602851381333 -0.05780544873061677 0.008692237688400661 0.20654409450957809 0.2182766652697855 0.0 0.0 0.0 6.0
38 0.01695196209744987 -0.09478637310512383 -0.05557325291266213 -0.007285616030888842 -0.1031562522228523 -0.07123907190203171 0.001080777694080437 -0.10741250853997686 -0.06514540638776056 0.1413573639760131 0.16933782499240915 0.0 0.0 0.0 4.0
98 0.06606495878559415 -0.033314182009790305 -0.05409539711391531 0.1153277964896331 -0.026324521826784464 -0.07923574325938298 0.13549467144738303 -0.020396144272213812 -0.054532970822424254 0.13574662438667076 0.12233478534331335 0.0 0.0 0.0 6.0
290 0.07760105920064109 0.20956930496048432 0.21788914507598278 0.07821865181971299 0.21311985460521443 0.22404798242451363 0.0857054322576245 0.20397304312733144 0.2148975026226536 0.1729200440901909 0.1924078365572366 0.0 0.0 0.0 5.0
352 0.04464428699980405 -0.01959103503351889 0.04243174135775307 0.055104306287944826 -0.009189563537661094 0.053488956792097975 0.04542610019371707 0.0024802687863589856 0.05019295768124854 0.1765992636729849 0.1750898247769952 0.0 0.0 0.0 6.0
163 -0.015477716005110387 -0.03400830169546243 -0.004059998865664771 -0.020991140836953193 -0.04051304197988159 -0.006594082106814558 -0.022485068180157164 -0.03885589559863578 -0.00802246989823363 0.15394822497799812 0.1369574008037751 0.0 0.0 0.0 5.0
411 0.14384769374981632 0.04101956575277588 0.047545930038172646 0.15649010503004357 0.09288393641548454 0.10701921272268677 0.15707770224597417 0.0813030914116597 0.09275001772270097 0.13488887379957884 0.0964374255718111 0.0 0.0 0.0 6.0
473 -0.11507232864195494 0.14960343389628328 -0.092948366386567 -0.08680114399512773 0.18490040979517475 -0.057062584556500706 -0.04195632981807185 0.18178961764942314 -0.04387710731377792 0.16700220799160115 0.1507030120199643 0.0 0.0 0.0 8.0
39 -0.01952330709404837 0.04593993151987874 0.032490418073769955 -0.022973403247239732 0.043702189199356534 0.03106299238902066 -0.02061284232817573 0.042924484450717504 0.03276170088920782 0.1550872418228541 0.14992055872164634 0.0 0.0 0.0 5.0
226 0.07107137245425621 0.16807811849015408 0.10015524193470271 0.10395105367187663 0.19865763994856467 0.13161580618358526 0.1321595829634905 0.2426478850401037 0.17108825772939684 0.10921982857070918 0.11316659015500895 0.0 0.0 0.0 6.0
291 0.015702424936792525 -0.015530060252016198 -0.008236587034648246 0.00901944144165534 -0.019869514341825933 -0.013948979533763839 0.014255622797112677 -0.015520022670023281 -0.010172266334041669 0.13862981168505614 0.14299756511438347 0.0 0.0 0.0 5.0
99 0.016291662749570168 0.05671123939330891 0.10417431070050887 0.004629567546189817 0.002305115906003463 0.05428946662927481 0.008492638346845327 0.015070140400535337 0.05841804122436689 0.1487805126982358 0.1727351667706782 0.0 0.0 0.0 6.0
353 -0.06734524187796087 0.0008911215767610781 -0.01924420635636137 -0.06453155051686199 0.019314093307168267 -0.021165466137533007 -0.06954710897615579 0.006367543550634069 -0.024894287053097264 0.20829964266284093 0.18147810453217922 0.0 0.0 0.0 5.0
474 -0.014285442588771624 -0.055161376489419545 0.007068341264148348 -0.04253537104013283 -0.06805754837464129 0.025293664070267896 -0.031591560603681734 -0.06471754544021424 0.010828549977665913 0.1593644879445894 0.17283452715776604 0.0 0.0 0.0 4.0
164 0.03170944293993583 0.08240194254988253 0.04536167610712827 0.03996930010822353 0.08746264923039493 0.0356510605271001 0.0360018710819332 0.0784637335731595 0.03517732819845243 0.16361034874993705 0.15381598011877534 0.0 0.0 0.0 5.0
412 0.027614599728092104 0.10441395956484412 0.05349979008752337 0.02519363236150718 0.06466864179198262 0.021340436192462287 0.037269908243668715 0.06840100841211627 0.025006579118404426 0.17423014174445856 0.13815767728704365 0.0 0.0 0.0 5.0
227 0.008429269303508624 0.01778924832273021 -0.12303236049407262 0.0077166869454414755 0.024204633229903294 -0.08291297911015838 0.019712398195146363 0.009239045392431589 -0.09432654790424688 0.1452023914760201 0.15324664677217367 0.0 0.0 0.0 4.0
165 -0.02395568570910278 0.012237974979010913 0.024262231728388484 -0.031761695957898795 0.0020910360445647314 0.022886313914348477 -0.028474178976233944 -0.001523867122999123 0.02089597518251085 0.1689126745536365 0.19326222666431542 0.0 0.0 0.0 4.0
354 -0.019620605371916233 -0.00838792502025143 0.020775726152925333 -0.007060132100088046 -0.0008661425385682042 0.02189368639031275 -0.009055752743698964 -0.00527505216318791 0.020845102189821496 0.11774613242561663 0.22680344010846323 0.0 0.0 0.0 4.0
292 -0.1595535874581736 -0.2209740141784684 -0.2070319887978891 -0.12459619190745663 -0.19524512189660193 -0.19357641618232924 -0.14383519897855146 -0.19807079374781467 -0.1824908067118709 0.150703808462198 0.11578895003559166 0.0 0.0 0.0 6.0
475 0.026235936113329084 0.0005697705232450279 -0.03188328646267391 0.002880536457048999 -0.002471939726526151 -0.05142212785083067 0.014724092829043967 0.009109576962500032 -0.03777998462592369 0.2171920127079654 0.18661569756201551 0.0 0.0 0.0 5.0
413 -0.048424022570529246 -0.10652410802060941 -0.04813433420814328 -0.023237797440850416 -0.08716267743446893 -0.031112441955904013 -0.018522783278975385 -0.0807526303038193 -0.019265535969061665 0.17070292428090253 0.16532242797100405 0.0 0.0 0.0 5.0
100 0.02688180125311579 -0.05320273099324513 -0.05585176090673216 0.09096694081573098 -0.021350126471874287 0.017539587370133614 0.06343504765673091 -0.04150555257486144 -0.007085805929391897 0.10559815660560956 0.18231500370151482 0.0 0.0 0.0 8.0
228 0.0015101458804498424 0.07034356163963906 0.07773798211155603 0.01036947085603801 0.05138963231322746 0.07182356340101115 0.0008393460111066897 0.049346546319652074 0.0617832337696167 0.13160506602285152 0.15920962815777145 0.0 0.0 0.0 5.0
166 -0.005320607915328401 -0.068420144381109 -0.005814911191813765 -0.042419091837153866 -0.11855871713703836 -0.051827902317382324 -0.031160616016328135 -0.10025465621553831 -0.05116642275764727 0.13628845071719378 0.10850879065174844 0.0 0.0 0.0 5.0
476 -0.11610711624778625 0.09748145538449848 -0.0034398784264884075 -0.10312765954019198 0.09920418570892187 -0.02740347861402137 -0.10605709495957205 0.09686961179127707 -0.01869879506801375 0.13002566690972264 0.13144529372776256 0.0 0.0 0.0 5.0
293 -0.00829224027242792 -0.028635721760549515 -0.018128994205345084 0.0010239638846236687 -0.005175610274404718 -0.005078348953568401 0.006512244465008754 -0.0344808725816278 -0.03494910429695397 0.178715241401375 0.1768107390047204 0.0 0.0 0.0 5.0
355 -0.0553611307524452 -0.07049416097772376 0.03292655757417795 -0.039433385959184775 -0.08606478122724737 -0.005633043031088691 -0.05927303056910427 -0.07282158211802436 -0.010962828351055331 0.15796230140899659 0.17063684977380963 0.0 0.0 0.0 6.0
40 0.33335743475626356 0.061066108938144126 0.28062990703623614 0.20556850040216101 0.10107991368787417 0.22941681904688904 0.21018118474849068 0.1761150086065002 0.21845811717048624 0.16406250533621602 0.1352621369986344 0.0 0.0 0.0 13.0
414 0.1315034718320014 0.12526196483342567 -0.03567903116876847 0.16251285530810167 0.15755711806876205 -0.0017674944428565098 0.14219260755973884 0.16782490101088765 -0.00027145202972467253 0.129614385794078 0.1520792374887124 0.0 0.0 0.0 6.0
101 -0.08563271328062738 0.03525156876439395 0.08726517766633446 -0.07511677904375269 0.027421665939765028 0.08164524496555381 -0.08406737137272413 0.027070621201168432 0.08190850415300877 0.1707511516284256 0.18072463287716825 0.0 0.0 0.0 5.0
229 0.007733112767044581 0.02524179406516658 0.004028794044360184 0.003479700004746178 0.02685042506618429 0.006931892676588891 0.009068613186110186 0.029289426727844958 0.007248202103471213 0.13734083530733884 0.11634512377885409 0.0 0.0 0.0 4.0
167 -0.005273623387233806 -0.04512450632558984 -0.06672519817656075 -0.0022171833028813426 -0.04705868872662222 -0.05776746401871735 -0.0076422567523470875 -0.0451264646233962 -0.050872447095922424 0.19497940619532195 0.16489544186993801 0.0 0.0 0.0 5.0
477 -0.019761554646199442 -0.002281744498658922 0.08220343135031105 -0.018644258892772547 -0.006116350001307058 0.07290315451454399 -0.010865106464384766 -0.006567402115509102 0.07486421767529694 0.18454696053381658 0.16958452949499167 0.0 0.0 0.0 5.0
294 0.013418748838225136 -0.013197045843945099 0.0033332908203060896 0.0372037958737883 -0.0039622908254596245 0.0014105492371867534 0.036172547338424677 -0.0048093893585711145 0.0037386182969900705 0.1529726537631515 0.17420642930819843 0.0 0.0 0.0 6.0
356 0.017125963041334513 0.02348588461937462 0.028144222628148086 0.02220491321478768 0.021841566596857875 0.02933420050408464 0.026868906035573792 0.024222118263930614 0.029288863299938406 0.16204210493494273 0.23635274423469058 0.0 0.0 0.0 5.0
415 0.010228561015436233 -0.0012434032133310513 -0.012539222286639173 0.017994310462354113 -0.01174298600665602 -0.005051997851940104 0.026275338449872176 -0.0023629725923982603 0.0007051850750634525 0.18142986791656895 0.11386500148221043 0.0 0.0 0.0 4.0
41 -0.045564582601327674 0.0704157740418907 0.10199899616770347 -0.03641607463433394 0.09093684391858292 0.1199887397893078 -0.03430045855207098 0.08867195843163778 0.11881018240569285 0.11283633115118369 0.14774235423965237 0.0 0.0 0.0 5.0
168 -0.04062889542852477 0.03096689747601089 0.042547959524372514 -0.003963957513595129 0.05627789273620287 0.07277469405666759 -0.006082608524870525 0.05851133850630119 0.06541588230186712 0.1840292712102842 0.2715658615733311 0.0 0.0 0.0 5.0
102 0.001847273700440244 0.023346957584530648 0.02927449851104824 -0.01614432543908373 0.007605380033483211 0.026498017581482847 -0.0065107816254070805 0.01607421119731489 0.032821972114287945 0.1482377691302273 0.22723473810759592 0.0 0.0 0.0 6.0
295 0.08508793719490915 -0.021043764348632865 -0.0645999930852893 0.09097181760976114 -0.020468807172947634 -0.04529634535304916 0.08754720978745634 -0.01525380522711628 -0.04711865330440468 0.18798667581577316 0.16569739264908678 0.0 0.0 0.0 5.0
416 0.0317620352933039 -0.03507303697498354 -0.018445343457333063 0.03374370219032086 -0.01172593734106353 -0.0034394865245752637 0.02693668681216166 -0.01357793256291262 -0.010249975226486074 0.13777286178287285 0.15667036801035777 0.0 0.0 0.0 5.0
230 0.04694604626247845 -0.08246704162078777 -0.09483716779821394 0.00360955700719523 -0.128637112641096 -0.0905713011750865 0.0253581562251588 -0.14575435681577364 -0.10225326995540962 0.1428423852938513 0.17163803964878188 0.0 0.0 0.0 8.0
42 0.018377201602355564 0.022424761233440504 0.02487475715715526 0.030807113238924932 0.0295931428310372 0.020432470585576512 0.02707217282720009 0.025923854836681803 0.022011105037002432 0.13648308560821876 0.12445948486346438 0.0 0.0 0.0 5.0
357 -0.269190466545989 -0.01640436310299176 -0.03020843978890031 -0.23413164041638113 -0.006769885523965513 -0.06060749720636993 -0.21712459619747082 -0.020572886458085526 -0.08444731849874054 0.14499270395518743 0.24040536061620366 0.0 0.0 0.0 6.0
478 0.13459962266720704 0.32598957998251876 0.10343695380999973 0.09008009256379812 0.2733860283402012 0.07449502967866972 0.10008505746290886 0.27886599202141293 0.05174305171911575 0.11258240399908066 0.14672488039824672 0.0 0.0 0.0 7.0
169 0.0039214992229010814 -0.04499563175524324 -0.020204447128194913 -0.00950547754166553 -0.037821196792893086 -0.014813045369587163 -0.007026526555617085 -0.04079583728014102 -0.014871700565252666 0.1879745249829275 0.145215954222396 0.0 0.0 0.0 4.0
103 0.054944544172808696 -0.01440636503611703 -0.006979408255970765 0.02554892782216389 -0.09776791993065392 -0.04272693137154804 0.040384563141966145 -0.08062911185480293 -0.0411056220107483 0.15871272250128363 0.19688995969797152 0.0 0.0 0.0 5.0
231 0.011052123781183143 0.02848547416575209 0.040118932669754415 0.007323394659524585 0.026896249140910378 0.03537186658974645 0.006536082289808398 0.0273587372428179 0.03657095668645893 0.1774746813318037 0.1856556017331442 0.0 0.0 0.0 4.0
296 -0.043773867027474544 -0.04444597725726518 -0.0846893091287424 -0.039861810078341664 -0.04340312411838754 -0.08271422039415921 -0.04584175074316599 -0.04289262651552617 -0.07790809111170305 0.16692663590401208 0.14549897963007002 0.0 0.0 0.0 4.0
417 -0.1216072999462019 -0.03796017340000546 -0.07068204601540606 -0.15186174213083614 -0.04351716989468746 -0.09066340450602672 -0.14041561199580999 -0.04865999777358132 -0.08876570041169551 0.17812678003556595 0.142326353508872 0.0 0.0 0.0 5.0
358 -0.02350879478544421 -0.10214761061884103 -0.058110858604120685 -0.027082229304434602 -0.10071526032822098 -0.0520977896066972 -0.03155782190977696 -0.10630494589917805 -0.057096218259581 0.16478612981253388 0.17504061244432975 0.0 0.0 0.0 4.0
43 -0.15954675681559116 -0.01490824896663967 -0.03752493976575244 -0.10589998280743829 -0.01153743753837011 -0.008070330242927692 -0.08277885659533568 -0.009207845196810394 -0.02315958738289925 0.18347564713414147 0.20857830007309505 0.0 0.0 0.0 6.0
170 -0.041587960111046485 -0.06714867319161288 0.07054551331303172 -0.03545690958740655 -0.08324237814945135 0.04114198293173632 -0.027142280316050038 -0.07922651503020883 0.04079375958277698 0.17677033037521062 0.22243049924579517 0.0 0.0 0.0 6.0
232 0.008889719704615162 -0.01719116727834613 -0.053348168558210896 0.00267138331523209 -0.018284123651579498 -0.05916154902700688 0.0024658240114927565 -0.017813218991801216 -0.0563649234261675 0.18368038589321636 0.22080029675817028 0.0 0.0 0.0 4.0
479 -0.022390285763221662 0.03354749660325229 -0.10362523384159616 0.05359543288964197 0.04376422242657063 -0.09435859298170335 0.11290295579013865 0.09227143558982909 -0.05463394527164722 0.14362525507951235 0.14716636826841886 0.0 0.0 0.0 7.0
297 0.017991396767795154 -0.0008772609938798581 -0.051242550664579944 0.005770499373596749 0.011361811747731432 -0.053004690293597334 0.01076976466637225 0.009561336837444978 -0.05349998278262724 0.20628168185938364 0.22373395374025512 0.0 0.0 0.0 4.0
359 0.030080027693921707 0.10107494750826396 0.04056900581926293 0.036600623131005205 0.09954550976448817 0.03587609555854421 0.031975910333092106 0.0945750206991407 0.032864305580434294 0.2015095651473823 0.18535330719392443 0.0 0.0 0.0 4.0
44 -0.023438904832841057 -0.039394820397661734 -0.02296630530186794 -0.029103216095289652 -0.042041938325579564 -0.0255054398472242 -0.02743589385680545 -0.04026353346902578 -0.023020432804005564 0.11202449044972412 0.10749742197905995 0.0 0.0 0.0 4.0
104 0.00013663814641251548 -0.1231785382515681 0.0074155127862971515 -0.018893107043444823 -0.1303881416696543 0.0024261244620225053 0.0004009780282205888 -0.12765724931145273 0.011683363596047158 0.13904303627152836 0.12214228011838595 0.0 0.0 0.0 7.0
418 0.01576154325626833 0.271678533589752 0.20461044239522175 -0.0766887950577001 0.2298327184490867 0.16132220354507854 -0.033756938950804116 0.1710351019382379 0.12948646396505192 0.14097306116845723 0.14266421398497303 0.0 0.0 0.0 7.0
171 0.027633734766881357 -0.018558412655736767 0.009720406570354001 0.024719761184341937 -0.0049336034126648 0.002399184011393496 0.029894222886094557 0.0004989689670134023 0.004922000689489225 0.1697982407069526 0.16989768867933266 0.0 0.0 0.0 5.0
233 -0.010208852439387184 0.013252454399734548 -0.06395035997721277 -0.021973812853905206 -0.0108165726433338 -0.056066314217566804 -0.0011095947766432968 -0.005144992370230694 -0.058603061327645256 0.15058657705591924 0.13582900654737626 0.0 0.0 0.0 5.0
298 0.011553086181213201 0.0022761402034885414 -0.036237973206702745 0.00012939250392629553 -0.005528218326528722 -0.0360366784843299 0.012185280469350523 -0.0005171551031347699 -0.03319406482050147 0.1450050708242435 0.2927827214835753 0.0 0.0 0.0 5.0
480 0.21617371716960276 0.16382142859643034 0.14578514285168565 0.16785893199237956 0.11154452396437131 0.10631840490215128 0.18204810518242676 0.12242645126261853 0.12010409892003437 0.09293320693819163 0.06998340201055762 0.0 0.0 0.0 5.0
105 -0.01642462931354105 -0.00542714643203035 0.004062828699890275 -0.016195141557776682 -0.010580342762473993 0.0044747571005341324 -0.012165204041322486 -0.0027490543166431847 0.014743196846167539 0.2317067668298909 0.23046101717227796 0.0 0.0 0.0 5.0
360 0.012605443751766199 0.04399796007454326 0.09839973257551282 0.01104008440499693 0.05429524390902363 0.1281888562327358 0.002503002147366873 0.05856516306712489 0.13882521469961362 0.18109791810878195 0.1715519354519118 0.0 0.0 0.0 5.0
45 0.11052678747777489 0.03598602617216584 0.10392397908424589 0.11368964761674372 0.046768942884763964 0.06792553607177698 0.09497682179637157 0.026350068311288943 0.06203992346339526 0.16210724498313783 0.15100712365727095 0.0 0.0 0.0 7.0
419 0.02608638237667571 0.02827571772755344 0.008353088661125385 0.028076420636892863 0.00804021614300443 -0.0067176109195415945 0.02852260813616403 0.01435077053959044 -0.0034307185223469983 0.15314724136862448 0.2236877772779387 0.0 0.0 0.0 4.0
172 0.008164540012427723 0.04396590425982949 0.09462817013212055 0.008633694177075713 0.04364471596073982 0.09468028719345023 0.011627020324415094 0.05055978423347529 0.09568132606253199 0.16012563955959502 0.183339667425372 0.0 0.0 0.0 5.0
299 -0.03321539500528625 -0.02977566816075572 -0.04997534615998667 -0.03674581215587713 -0.024350662725157735 -0.04601356087888453 -0.03415963048707549 -0.026795143257191123 -0.047783501003461404 0.18128784554874583 0.1680822350961838 0.0 0.0 0.0 5.0
234 0.05114182763772113 0.10544899568377364 0.09054148149949182 0.059915715842493666 0.11075220034848687 0.09722893876440408 0.058128028943099874 0.11491284530701162 0.09533470219986406 0.16534322900700582 0.18816355782136432 0.0 0.0 0.0 5.0
481 0.01491260922301696 -0.019027768734295014 -0.02847303166113746 0.003998055581413418 -0.017820506558703486 -0.04295287758150901 0.013578519574499737 -0.01806962577488469 -0.031746912565106644 0.16821382350199682 0.15630422241228792 0.0 0.0 0.0 5.0
361 -0.15467860260217547 -0.014945592861687507 -0.03446706929557253 -0.1317955124736292 -0.014684833855676094 -0.016190230900107627 -0.12545751625283696 -0.02403739759061052 -0.0259680494127017 0.14493790656476954 0.1441282624685116 0.0 0.0 0.0 5.0
106 -0.016627000825898075 -0.045272907086735925 -0.029075467566400004 -0.01721631874229257 0.03296784296202815 0.004623090016234066 -0.040916726148609306 -0.012821447225561666 -0.017423886055820237 0.16131476853276033 0.15062550890424498 0.0 0.0 0.0 6.0
46 -0.00814109402667118 -0.04790130815895932 0.03968948180373766 -0.009185823951692651 -0.07225531360406312 0.030129652266164042 0.00013767251469398722 -0.06402693214335042 0.03972306293034378 0.23696408963937846 0.21182935139767947 0.0 0.0 0.0 5.0
420 -0.00410556910515214 -0.07819962928619217 -0.14695868912375343 -0.01794202247355381 -0.10607650701428428 -0.15735067235983713 -0.022150145517905506 -0.10101401349232875 -0.15719592859863496 0.18930391125411716 0.2053842309134578 0.0 0.0 0.0 5.0
482 -0.031591390680949516 -0.022355045765011017 -0.0013702538461944913 -0.031096859375016717 -0.026721046400881132 -0.010489795783999889 -0.030942922834793274 -0.028334117151579408 -0.012251269783007057 0.1515139907373025 0.10098146359370898 0.0 0.0 0.0 5.0
173 0.10765634803959534 0.03639559630914779 -0.16184272551954648 0.21317859819963725 -0.007078167460029872 -0.15660071827038613 0.17875473541354214 0.02282842097946025 -0.14996832601015886 0.1341592688215559 0.10252305627940743 0.0 0.0 0.0 6.0
300 -0.002178702165393065 -0.022576973005873358 0.041710828175591574 0.024727234233339113 0.003474445717975838 0.032952761585423485 0.0014015975124310742 -0.01342994547504106 0.030530725585187213 0.13893104589586108 0.1331529304195509 0.0 0.0 0.0 6.0
362 0.0007688987620051435 -0.015272626449448379 -0.09781967827533855 -0.014888293013782028 -0.02763072981988246 -0.10154568351574655 -0.021463657754509535 -0.02693259349145216 -0.09649237132846378 0.14017727839824948 0.15469928386866308 0.0 0.0 0.0 5.0
235 0.05201805549747829 0.022495385445970628 0.04352057583943547 0.0466518268784184 0.013708841265244853 0.013634339787232497 0.057972066943215994 0.024991591990688455 0.029626737025473915 0.13903906323731235 0.11827725565199664 0.0 0.0 0.0 7.0
107 0.05595443384935117 0.025877312418117526 0.04829064033791508 0.030081452593516467 0.016783168415656968 0.03332535017538074 0.042072779504584545 0.022739957222589702 0.042030459379267526 0.1310766678816401 0.19614441698352367 0.0 0.0 0.0 5.0
421 0.03414195898222516 0.00869405298538517 0.012111071751478963 0.014543619223546855 -0.0008319697099025136 3.360993238166188e-5 0.024822493605612728 0.002189840791418929 0.00253071067447741 0.14448665783887288 0.13299800381705773 0.0 0.0 0.0 5.0
47 0.016599300561463526 -0.017633150566299882 -0.03904477261851702 0.04901074160063157 -0.010273426281733444 -0.0395919149900279 0.029591243771089015 -0.019921780756555263 -0.04711994195687419 0.17099659000530995 0.17140369578254486 0.0 0.0 0.0 5.0
483 0.025770600021254086 0.02881158604877676 0.017745337815156192 0.04160681348418227 0.024781090611297518 0.017065731955798524 0.03856695323066539 0.030509979046140057 0.024138280441610593 0.14054555458914283 0.15792655640664804 0.0 0.0 0.0 5.0
174 0.030071280040067316 0.03794658124874606 0.06378195232784512 0.0329176686885817 0.04207667489778677 0.05635659631073109 0.03119992183506315 0.04463273232707454 0.06138920428643946 0.15309238166083566 0.14696438390645625 0.0 0.0 0.0 5.0
301 -0.06774472720251945 -0.0538359071285911 0.0241647032862069 -0.06413044744347784 -0.055470461514837366 0.011492260954581779 -0.07979166221099698 -0.05593148087162991 0.00045049604042612934 0.1602777359909059 0.13531383848739337 0.0 0.0 0.0 4.0
108 -0.06679772688303176 -0.03405480406971517 -0.02116775277283167 -0.06986059151389123 -0.015589017011353179 -0.018096468946452227 -0.06195053658869443 -0.0186091786869641 -0.01722967109727569 0.1600516731293906 0.15587655595714378 0.0 0.0 0.0 4.0
363 0.15155731942071915 0.07195857914963377 -0.024925900092524822 0.11951547007224983 0.08203328652063147 -0.018353933838217484 0.11759320978764909 0.06468068639240832 0.000904274734671473 0.17814014526939825 0.18720227381629412 0.0 0.0 0.0 5.0
236 0.05591743006200711 -0.04159632402600166 0.05322693944966095 0.04099715422853323 -0.0455420853511278 0.04478585706124938 0.04121635582604699 -0.04698141156733926 0.03947364763882644 0.10022622946693917 0.07904635573802904 0.0 0.0 0.0 5.0
484 0.07871260473920061 0.08597030365325309 0.05723481353610915 0.08758407219328124 0.09165752505996783 0.06806567796940932 0.09546951889902 0.09261207184816023 0.07114275665492698 0.11693815335236396 0.17014354744009294 0.0 0.0 0.0 4.0
48 -0.002574847719936657 -0.005784397457500257 -0.005924277160941238 -0.004481880135587146 -0.008523921799546641 -0.007954408164778992 -0.006324884587443846 -0.009307925359346436 -0.011647012761462294 0.11883818817178673 0.14526854112747395 0.0 0.0 0.0 4.0
422 0.031475377698044316 0.028914062558907716 0.15985449763620063 0.025797773986061978 0.03773090029925452 0.1626533847880849 0.02326951018296919 0.04153731885657774 0.16465845382688316 0.11545515501019944 0.18007177556395676 0.0 0.0 0.0 6.0
302 0.0615033432787917 -0.007460632772974818 0.02852380746396066 0.05612265822578566 0.012397373254189992 0.02726875674912277 0.059085214516602313 0.01011465052316396 0.014054712680895864 0.16598273289133017 0.22362979038090994 0.0 0.0 0.0 5.0
175 0.044285643707392186 0.11770031396784275 0.17982201427155142 0.041118538125546555 0.15864681011574278 0.21621627320227077 0.03921614787686378 0.16691400962450786 0.21478141707574916 0.17334594297168712 0.1853025438407369 0.0 0.0 0.0 5.0
364 -0.06838060998466544 -0.026216216870355913 -0.0645045544807803 -0.06283652036974519 -0.003538247370738823 -0.039355591815892654 -0.06204049285543156 -0.008693559875621037 -0.046735790418827805 0.19901674738352212 0.21227937781504153 0.0 0.0 0.0 5.0
109 -0.0024683025764612454 -0.06670177340893246 0.003805958286646538 -0.006302213010370039 -0.1429147350607386 -0.007504664694734764 -0.011691058568979007 -0.11216084681197003 -0.007164848022215953 0.15852932791469096 0.18483780021024254 0.0 0.0 0.0 6.0
237 0.006775194851261546 0.01443452874837492 0.01978954607918948 -0.005697073291945798 0.014884939054697233 0.015180382092117695 -0.0056297504465819825 0.013658537196586273 0.014745425450922944 0.14965736202244773 0.21224542691257084 0.0 0.0 0.0 5.0
49 -0.01619705071305 -0.002852446632012895 -0.007917419684167815 -0.02040842118606756 -0.009094497845449134 -0.01514325714139908 -0.018015660708223247 -0.006892387298998548 -0.014288307340271422 0.1394542859861508 0.23419247117157943 0.0 0.0 0.0 4.0
423 -0.1138390949751612 -0.10707185405323749 -0.13584249661639936 -0.11763606359782852 -0.1136832633786703 -0.12616975248170537 -0.11024909738512467 -0.10753026877308958 -0.1233989027548491 0.2172944272436371 0.22468736995079683 0.0 0.0 0.0 5.0
485 0.07920884447458931 0.04174744035620659 0.1190023988951543 0.06664775171261916 0.06791972025702186 0.1539775477108123 0.05958573150655133 0.07721138085107859 0.15326771077004464 0.17192458535639418 0.17959413798386267 0.0 0.0 0.0 6.0
303 -0.12469181935037255 0.09595086909654826 0.05185237180725899 -0.12544775975942168 0.08562747841316654 0.05993418867460454 -0.1286207130215392 0.0914825287783565 0.06450812698422514 0.15105829818963784 0.12947181977928535 0.0 0.0 0.0 5.0
176 -0.019023538866258072 -0.05945460896655286 -0.008664235243154628 -0.018677749453052783 -0.05807148357895309 -0.01216568297872822 -0.01572014962501489 -0.06023333157394195 -0.01124897327070784 0.14215940777412397 0.17180197208644776 0.0 0.0 0.0 5.0
365 0.020860387030218863 0.0006875993717587736 0.0032487574687620757 0.005724308172203152 -0.010856169267551619 -0.014714465568367197 0.013040722616517897 -0.0027259929149776596 -0.007646994321399592 0.13941368851405547 0.154268871466077 0.0 0.0 0.0 6.0
50 0.00135252764058591 0.026577149326827865 0.01105512861414737 0.007610253233014674 0.0256952003503379 0.006974756650144354 0.005577791849765035 0.024796040771189798 0.009388053547411124 0.19805220026276 0.215159250383993 0.0 0.0 0.0 4.0
110 0.010723893755382186 -0.012627544008392388 0.0072441631970669995 0.011226691823399193 -0.006362089820338923 -0.0004677791150978772 0.011678180718510234 -0.0017115899569702941 0.0045482600324060485 0.18813343673036179 0.19054777014851362 0.0 0.0 0.0 5.0
238 -0.0045927186682972465 -0.008131647287032195 -0.00842715858256371 -0.0016196035334065106 -0.0010093181085885083 -0.0026028811332515778 -0.0030403901938718114 -0.002352154909838755 -0.0011192839995826098 0.13200575993140734 0.17197022653040583 0.0 0.0 0.0 4.0
424 0.03380724519647704 -0.005422477166303397 0.029648725006258703 0.03369225792647179 -0.005381272498035439 0.025659896034857965 0.04218422764273844 -0.00332620821308649 0.026509214116314794 0.16756450723946198 0.18756704506459168 0.0 0.0 0.0 4.0
177 0.01705714572312389 0.006548114303740249 -0.012400831750028374 0.04219652953608266 0.004903073264660662 -0.013380067159492692 0.02834791565624295 -0.003301471841707815 -0.019737195000184338 0.1302798917341751 0.15975717044966187 0.0 0.0 0.0 5.0
304 -0.01865264050156623 -0.02302762448224449 -0.12491394561267888 -0.02807497435986872 -0.0239094304120564 -0.11026850908907415 -0.039058385040653176 -0.02156978400890841 -0.11554082134824062 0.18695435724397316 0.20277937873305954 0.0 0.0 0.0 5.0
51 -0.05137142769988501 -0.09113100033274824 -0.0945342393049875 -0.05454084761959066 -0.08596739452808944 -0.09051578465284948 -0.05663863392906421 -0.09075487338376154 -0.09277858946732276 0.14722205620759704 0.1459084811651086 0.0 0.0 0.0 5.0
111 -0.042764409893896405 0.147409682241616 0.04437473314043361 0.019842129932029717 0.14565841351392472 0.06337192111728385 0.013974958087871636 0.13399712323778412 0.05031366099631107 0.1580682639177546 0.1728527313443904 0.0 0.0 0.0 5.0
486 -0.23237306057035745 -0.17537121150960655 -0.20380367400433363 -0.22570161118243326 -0.1457484590039776 -0.15122233198413393 -0.2298310737117173 -0.20293926118426853 -0.17981361708253008 0.1393293790846518 0.11535879750823937 0.0 0.0 0.0 7.0
366 -0.004199976599492117 0.005176037971061476 -0.01681996078712311 0.004236923048252406 0.0009804235905015446 -0.009061193153083624 -0.021898794718266723 -0.028891146365385145 -0.021762821010242628 0.13927775194538372 0.12465093217511036 0.0 0.0 0.0 6.0
425 0.2663282513815457 0.2546760773951444 0.10810068714024368 0.10946659573272255 0.1667362916260957 0.014153159135346094 0.1630654603431505 0.17340394969428918 0.014928898405321522 0.16724595449478333 0.15734557918740114 0.0 0.0 0.0 6.0
178 0.015481931530895832 0.003204020461657464 0.007913533647191162 0.0165080012501706 -0.0055611820675049994 0.0003479032722535358 0.005949759790228937 -0.011417561693367717 -0.0036725417027151375 0.1838839804460546 0.20721704260426216 0.0 0.0 0.0 5.0
305 -0.049900785554521154 -0.06334044097899538 -0.022375560410003992 -0.06061052726264515 -0.059594781841020406 -0.006555520793853908 -0.05865328092725641 -0.06280972149748654 -0.013972516944968039 0.13900469638930055 0.20022293783946415 0.0 0.0 0.0 5.0
239 0.15906673707270969 -0.05383654108888147 0.1988568068934471 0.14190765191670618 -0.0498706744209233 0.22212449614112018 0.11128688916103502 -0.04898842854717045 0.21106022176681583 0.11177653445197516 0.07822637169995325 0.0 0.0 0.0 8.0
52 0.02851357888038142 0.008262288726043288 -0.008526138562525154 0.026095125091360805 0.013250953875800109 -0.006572208283871173 0.03672286377881573 0.018686141656681254 -0.0033210617528453 0.1585490588421375 0.15486314397392445 0.0 0.0 0.0 5.0
112 0.1299649691484943 -0.023715872204621458 0.0075779442538066455 0.1197795380021498 -0.06359805530614848 -0.024039592281255184 0.11702099174656255 -0.07015164490203463 -0.0559885812486457 0.15580898311857524 0.13428713915051252 0.0 0.0 0.0 6.0
367 -0.07079545207663074 -0.07536070247377047 -0.06344382434659523 -0.04879244015564921 -0.05766093105657932 -0.06401587229840155 -0.03945865044711827 -0.04296753424596511 -0.051478922024734475 0.18803921627031417 0.17908715909966658 0.0 0.0 0.0 5.0
426 0.01467210351047954 -0.14100585694262202 -0.07529879888765578 -0.017725821020091015 -0.14763556414708612 -0.10169891109941287 0.01309744085048048 -0.1346483176444363 -0.0913648542905734 0.19077711904637346 0.19446347204581044 0.0 0.0 0.0 4.0
179 0.037632015412066844 0.01239653038522781 -0.02112030060186565 0.041361607060038 0.010350832682037403 -0.01775613938717102 0.03896209392934358 0.0219677177454225 -0.01128958169259342 0.19248307253951896 0.2289495858118178 0.0 0.0 0.0 5.0
306 0.10503832576409655 0.12235730661253452 0.03249382848878257 0.1144196311725707 0.06455094459997723 -0.016694391871225123 0.099894845717446 0.07680995306006211 -0.021992465294154107 0.22021859815128367 0.18959274497582332 0.0 0.0 0.0 5.0
240 -0.022855572219950937 -0.05197508212582169 -0.04652949536233364 -0.03651549898106432 0.00921945980774086 -0.029339313822732693 -0.024230506577194055 -0.011491558708724092 -0.02716773475928924 0.147361583503531 0.0827741087354599 0.0 0.0 0.0 6.0
53 0.03148289093668888 0.13804147858450966 0.027402221155717887 0.04390416481223269 0.135263287350609 0.036169987958934335 0.03799635187230144 0.14189518712908877 0.05011906886716044 0.10741783076023274 0.11768180693778976 0.0 0.0 0.0 5.0
113 -0.01684083354692878 0.022255130498023634 0.044799523828187304 -0.016117856378132123 0.019928311721110425 0.038570308253428554 -0.0186016989698764 0.019107051843817446 0.03766568798510028 0.15221603510577547 0.13269559043516913 0.0 0.0 0.0 5.0
368 -0.0028490437531171198 -0.01300147626883319 -0.07337083712057435 0.02304529234625985 -0.018812392504804487 -0.07509743718573514 0.022889659630447534 -0.008315489652214847 -0.0686780940486098 0.13597158780703422 0.14605766848969792 0.0 0.0 0.0 5.0
487 -0.09619688624869926 0.07667556044219515 0.34071727908574845 -0.02533738404987551 -0.025730004573465637 0.32135173323800204 -0.049392155723821385 -0.034700440758763884 0.2562363300622952 0.1449006486661938 0.09643275658304454 0.0 0.0 0.0 10.0
427 -0.025148463620414563 -0.006499764247148487 -0.06405240707276927 -0.029322223924016177 -0.023525040973069733 -0.06170894131961502 -0.022273978292982055 -0.017335607704373368 -0.05143089783402288 0.14352896300756982 0.12568864732613105 0.0 0.0 0.0 5.0
180 -0.027546614859210616 -0.028236234098093616 0.006577682904613802 -0.03413746960690334 -0.028617420104115276 -0.01177596528436764 -0.03214478701493051 -0.02796926795998067 -0.0034993936523871616 0.15401340306713582 0.1965918950475478 0.0 0.0 0.0 4.0
307 -0.0037401623494248692 -0.01514947402607747 0.005575743030977742 -0.009107066656380836 -0.016621999085619565 0.004865700617160185 -0.008977062586591256 -0.01967663014669474 0.009373696986701097 0.16495629223578187 0.18707672169926257 0.0 0.0 0.0 4.0
241 0.07418553737075806 0.06864280494202135 0.06036500652380217 0.061920247036880705 0.07129405646879494 0.05850604327588349 0.02864393852551328 0.03277684328880315 0.01724608703480257 0.16438272836278928 0.16013146327213373 0.0 0.0 0.0 5.0
369 0.011347600571669503 0.025038899237926238 0.05086318969060044 0.007896531437606713 0.030053005953546874 0.05583698879858989 0.007577707814896639 0.03706227604482981 0.05677528237403995 0.14940752584807854 0.13835607385982554 0.0 0.0 0.0 4.0
114 0.034135971939456056 -0.11015244204618757 -0.09213468552270976 0.03567505414649008 -0.11559407796376953 -0.08953289029451261 0.033209112881437575 -0.11434937075019447 -0.08768762616711356 0.17107765563023236 0.20457500579605759 0.0 0.0 0.0 4.0
54 0.011105148558345546 0.016240950754643713 0.01547753049463374 0.010113561926424097 0.01717313523558639 0.01779520804244905 0.007944563256003345 0.019436901154930464 0.021716334857334152 0.15737018687012347 0.18877335952318008 0.0 0.0 0.0 5.0
428 -0.0023230911732843307 -0.04881719078494673 -0.01851852054023273 0.03288316465675578 -0.016073168358499812 -0.023002819699753152 0.02039148220691378 -0.03398049628649025 -0.014378866826630476 0.12728770598074654 0.13359840364705083 0.0 0.0 0.0 5.0
181 -0.00020538946011861015 0.04211296860745817 0.026782508934837024 -0.020872533121992443 0.028706654742605364 0.025536854568467993 -0.021715967541481418 0.029436656015657592 0.01921634295040331 0.13324153958818574 0.16363955952033007 0.0 0.0 0.0 4.0
488 -0.08651185252394389 0.10943436314621025 0.03187965446873764 -0.10342076949279277 0.10339366060156885 0.02949618807664134 -0.09874556533322754 0.10782466898474397 0.02396143815290852 0.17836683880699936 0.19449488577079915 0.0 0.0 0.0 5.0
308 0.02846239739486256 0.006129703914455664 0.0037033709991154407 0.03179773090663218 0.01962435837731058 0.016154207554181843 0.01954159982554149 0.008924188263496724 -0.0005960162662932422 0.1296245398331233 0.1265000797388826 0.0 0.0 0.0 5.0
115 -0.05472298244480678 0.007606320803969835 0.006099315114828752 -0.04282693203014043 0.02333166446888746 0.010345537772648905 -0.04350542556849524 0.017157325562688674 0.007982533770533262 0.14286013238932593 0.1716853539182264 0.0 0.0 0.0 5.0
55 0.007525227112555433 -0.0061159062575842915 0.021033073354082887 0.003351492424098712 -0.009587788715500256 0.018137020428462325 0.002471089549511696 -0.008222775600118193 0.015032380109594623 0.15659386239904535 0.10833687081286228 0.0 0.0 0.0 4.0
242 0.0197032722786894 0.09291112606970597 0.1401422681279183 0.042686285235260746 0.16465192969184206 0.18697741560642545 0.06535345765478429 0.15798780474956242 0.18898608729275646 0.11475233952686524 0.08346385751917737 0.0 0.0 0.0 6.0
370 0.04719620267917102 0.12492618679402723 0.03707764167643912 0.08105859016595196 0.10584976569579463 0.08065887190863386 0.07912397385065861 0.12009529363065718 0.07708813771030787 0.13638780220782737 0.12392740025007898 0.0 0.0 0.0 6.0
182 -0.00861034999164012 0.018413012840350573 -0.012034290940309167 -0.0014575099223211874 0.026214230714122877 -0.00036298364203402045 -0.002146597532956429 0.02222473705305017 -0.0015798463998296652 0.14333583402497174 0.16116106144852776 0.0 0.0 0.0 4.0
429 0.006645809089457888 -0.009606945045325443 -0.0035330870203558185 0.002082870093373934 -0.009878160292410842 -0.004505443598966985 0.004255273193862985 -0.0074063434221297575 -0.0031400402362310453 0.18812195392594602 0.19177537705186423 0.0 0.0 0.0 5.0
489 0.045594110580396974 0.04860579077406779 0.007974864960817785 0.036379095445900456 0.039566648593346576 0.024180640983494595 0.03581484631145315 0.042320921614031226 0.023219940864952715 0.21633522556572035 0.33156665792545054 0.0 0.0 0.0 5.0
309 0.014687822279204399 -0.0633603112317157 -0.06793423431440482 0.00998474518421344 -0.04922851419693153 -0.02287293762520992 0.012019866492172682 -0.05318387772849453 -0.04113486809230993 0.1679630240065003 0.2107037218331223 0.0 0.0 0.0 5.0
116 0.049883623602557936 0.019551513498943685 0.022637578234834255 0.027629172459451068 -0.010723341244741169 0.0025608338495388683 0.030118337868149547 0.01166633495163838 0.028783714139469785 0.13611192387172802 0.1711436257837351 0.0 0.0 0.0 4.0
183 -0.02153894534818679 -0.029667748867824306 -0.01647579164769386 -0.012106448499890843 -0.028610307448868055 -0.015257294936571464 -0.011586151239239117 -0.021400927728352115 -0.019217857232390556 0.1509193940637845 0.14616090257166128 0.0 0.0 0.0 4.0
56 -0.019890266754585384 -0.046164241701156516 -0.0005066435452900642 -0.031304821269238614 -0.03327682352049566 0.009739627464149914 -0.008144879178355602 -0.029186247265435283 -0.010676685678961961 0.22346721936752337 0.1577122054463622 0.0 0.0 0.0 4.0
371 -0.062300257901887646 0.05557689316608361 -0.06827779467271045 -0.033355584589118914 0.04459101938623644 -0.06811229514712536 -0.052126536324346384 0.03946709601543219 -0.0709474702465569 0.19191325391518846 0.16713871000469965 0.0 0.0 0.0 5.0
490 -0.004268511225161031 0.06208217647843406 0.045051003400647494 -0.010768823364896485 0.04494298265623797 0.02088951438522546 -0.01023484940629138 0.04270584156970192 0.023309045610752532 0.1059092018784168 0.1350337518641848 0.0 0.0 0.0 4.0
243 -0.022963417825136778 -0.2093864435282271 -0.1286389020865919 -0.0016727975005418338 -0.17383668895720505 -0.07803472488784124 -0.041164651597976665 -0.16380046960226557 -0.11618110013970995 0.16364226612289934 0.1521327859938626 0.0 0.0 0.0 6.0
430 -0.04655087783214329 -0.07878156741255471 -0.0514749726430247 -0.04578652027366825 -0.08235048483996132 -0.06297305082060067 -0.051695084772033995 -0.0774877194780228 -0.056350523614926984 0.20366778893269827 0.18016612445885957 0.0 0.0 0.0 5.0
310 -0.017528531905991795 -0.013956322442897906 -0.02114985489327914 -0.006303310253979122 -0.002750470987241904 -0.004873169310354197 -0.004108820475305142 -0.007631331511544048 -0.006439356351811698 0.13876286927179518 0.1656277417494876 0.0 0.0 0.0 5.0
117 0.01634506465140184 -0.017154412895874827 -0.016056095287022343 0.016417798506710657 -0.013462417622290168 -0.01271386789259088 0.016208289759158667 -0.011784012539218902 -0.01280519074803188 0.19782998278168826 0.2028287175148672 0.0 0.0 0.0 4.0
184 -0.12831331472313245 -0.03992164675615251 0.020747625295685967 -0.12430652924538554 -0.029164775473534688 0.029536290858994674 -0.13013483974989737 -0.03965592097825965 0.025911484402875162 0.13990586228543667 0.11918245391246834 0.0 0.0 0.0 5.0
57 0.05250216975777988 0.012609104375618907 0.004071286938323926 0.04612590119682203 0.02542913453745066 0.0023468497844578717 0.04681177272567805 0.03144641050037644 0.005498225722824213 0.15250597388282328 0.17356315134247635 0.0 0.0 0.0 5.0
491 0.023713777451093154 -0.09879174341543173 -0.050886349357633365 0.005319814138365242 -0.08090027406601819 -0.05250744885987291 0.006803695970100998 -0.08139046006241268 -0.05275296329319101 0.12496065584625314 0.12647286497610052 0.0 0.0 0.0 4.0
431 -0.0034997909467154864 0.032317844913877236 0.06264345385508374 -0.010698762286479369 0.04452589804580698 0.06945664361420256 -0.01593339707106578 0.04048573269363387 0.05887424993338897 0.17544704690061996 0.19895237723086404 0.0 0.0 0.0 4.0
372 -0.04776632832637173 -0.13982597166465238 -0.0320603699009081 -0.015474921270680952 -0.14111165787859126 -0.007004913889334441 -0.028196681553713576 -0.13606396829939205 -0.012496403614701168 0.22430686480137796 0.25649236475673903 0.0 0.0 0.0 5.0
244 -0.000624138755182746 -0.1284396130553146 -0.14736386338032603 -0.031407328779787136 -0.1135835229962201 -0.13816317036606152 -0.04802727908475779 -0.12076314157859325 -0.1605405875308652 0.13317173036490956 0.11784152054606814 0.0 0.0 0.0 5.0
185 -0.030045102248585587 0.046611543266923405 -0.008185234242665818 -0.035086145373204536 0.016342085854975208 -0.027422356762732636 -0.026762849015701584 0.036009679173394815 -0.01511891513112773 0.13920603886594365 0.17132386156240306 0.0 0.0 0.0 4.0
118 -0.010276494210085363 0.023663555394317193 -0.010577460904945157 -0.029456664577927616 0.026791226161178905 0.018221329337517966 -0.042624414797715615 0.009987473143519443 -0.003811445053618301 0.12919553073486106 0.11846085474878801 0.0 0.0 0.0 5.0
311 0.014084667188230204 -0.12405704819842 -0.039959409829904646 -0.02383180732193213 -0.1458709940357612 -0.1000468937793415 -0.019539789176814204 -0.14627973997498966 -0.09587553895144407 0.18532356057702642 0.1810009785725348 0.0 0.0 0.0 7.0
432 -0.0023292100669158877 0.036440911482199745 0.053573292591030386 0.012838727986265841 0.032581063700614976 0.04464860154232109 0.013291282609864119 0.032528001152417385 0.04484002702155632 0.16168518353730713 0.13856722608361324 0.0 0.0 0.0 4.0
492 -0.04183161832881699 -0.01892841206518947 -0.06832395986206341 -0.02397687146671612 0.007804598146627484 -0.04419516149736391 -0.04168449812039321 0.004277618941820993 -0.05262839618532522 0.13471985914143214 0.1676852362411762 0.0 0.0 0.0 5.0
58 0.02451376031415764 0.13406565624725175 0.06736586868655436 0.025454332249002398 0.1297927850094196 0.07594158413701146 0.02273359763327254 0.1238472008919771 0.06320137301465945 0.12030015509427797 0.09679988301660813 0.0 0.0 0.0 6.0
245 0.019091318760571907 0.05322206207591762 0.024243387406414074 0.007433284863211487 0.050174264376718236 0.021968527306015728 0.015267124692309064 0.05424547807752278 0.02498516502740067 0.18187749563203012 0.2442593295008877 0.0 0.0 0.0 4.0
373 0.04900498912148632 0.0073116785593927425 0.021039049565265255 0.04906252481408302 0.006242432470688231 0.02440331872888435 0.05071113610927558 0.009962986295123377 0.017948479058612854 0.21424987709709828 0.19795112407961454 0.0 0.0 0.0 5.0
186 -0.10975452431341792 -0.04211925546923323 -0.02794344912268787 -0.0761558096140118 -0.019356211853859162 -0.012081959374438678 -0.090646708205673 -0.03494868427430209 -0.019829457361298042 0.1353217334928398 0.13170012683926838 0.0 0.0 0.0 5.0
119 -0.07244849221934313 -0.08792896747622492 0.028844591664159758 -0.03438689521964711 -0.09159714412837361 0.015406539401650265 -0.039412402845710126 -0.10488734144010836 0.004690282374810728 0.20723427817173007 0.2226538512599515 0.0 0.0 0.0 5.0
493 -0.05934928711592857 -0.011825111039249325 -0.06967753868463455 -0.04556439168607873 -0.01675544106134741 -0.06521921708159417 -0.04309977563284384 -0.021787698434900804 -0.07254579064136646 0.18005865987219744 0.3020328085366152 0.0 0.0 0.0 5.0
59 0.12263068179182701 0.09119605444519374 0.020330682724730043 0.11917979845456705 0.0787894624445784 0.03625883074706593 0.11668915148107684 0.0812464231080765 0.029547860653327263 0.13533683767511803 0.12793637474026168 0.0 0.0 0.0 4.0
433 0.04560308254078871 0.05859805823884079 -0.08229855411592957 0.04600904368487857 0.0648377814248089 -0.05612834628842944 0.052989365222919416 0.07134063760044573 -0.06253453129370146 0.1569194920598213 0.13409678484016482 0.0 0.0 0.0 6.0
374 -0.011369265528189398 -0.018398416187772826 0.0667883760001351 -0.01819592136088477 -0.019607029267690645 0.053654426402191646 -0.01213286713479067 -0.021115951135085687 0.05680373172445674 0.21166760316522656 0.18886180015723414 0.0 0.0 0.0 5.0
246 -0.0415949309400232 -0.05147595727176968 -0.0879518325099442 -0.04407793777908697 -0.07342430628170704 -0.09613127986891234 -0.03380239587601275 -0.058703563007597825 -0.07838569107919124 0.13634212742884685 0.1317736432279819 0.0 0.0 0.0 5.0
120 -0.09101657644882721 0.06369479131237976 0.05803383985439359 -0.12372764956170546 0.06128654688669233 0.0311462696824234 -0.11443504003034166 0.06090992433196729 0.03850810448765363 0.13650296262403272 0.15768753861439103 0.0 0.0 0.0 5.0
187 -0.02033207666935133 -0.012973723126532222 -0.15876723724989716 -0.00793299604683706 0.021158593749615262 -0.09174046708895578 -0.021894768482791593 0.011145304649712529 -0.09995652917423303 0.15912714883608584 0.2369317231478349 0.0 0.0 0.0 5.0
60 0.04774640886956116 0.10231247489085282 0.12067541540607984 0.046855108807929646 0.10875966671843229 0.12423249930528812 0.04519385495456141 0.10863336457134842 0.12218884036622968 0.1453599578653431 0.12938669621961502 0.0 0.0 0.0 4.0
494 0.07901527421580434 0.039073125065311354 -0.008165762358100404 0.07703710651276507 0.03468515345675027 -0.01209133615923974 0.07497050417227236 0.03421505128089941 -0.012619474366976857 0.17202727035358867 0.16293299382990603 0.0 0.0 0.0 5.0
312 0.3156564244091722 0.6055066331569581 0.4991575858831865 0.12010930134606945 0.3084236617206031 0.22552287147218553 0.07603990126740778 0.3789660411162561 0.2432531952076229 0.1096053223259834 0.1351926290213325 0.0 0.0 0.0 9.0
375 -0.012465872834872216 -0.006520696493910849 0.008811360888870245 0.004331677848367965 0.005919427953957834 0.0034864842244095584 -0.003256636152994097 0.007902608833032287 0.004109112836398143 0.1643652054956222 0.14028350890253574 0.0 0.0 0.0 4.0
247 0.04019219709095223 -0.005660963123168883 0.01335409531577647 0.044729486281184894 -0.0005434630364387072 0.012783139260854393 0.044092909035820416 0.0005923670155252303 0.013168155089472 0.1371363328688084 0.15229764685072994 0.0 0.0 0.0 4.0
434 0.06418111985615016 0.033080387250156384 0.07206974438332536 0.05315563089302411 0.03687143480510424 0.048757436748213534 0.04779778499367571 0.03897558307245519 0.04125799543735731 0.14587121965048638 0.19996265821988637 0.0 0.0 0.0 5.0
121 0.19720200179455194 0.1514558861282258 0.22046724932459227 0.21151218721654552 0.14734863455151492 0.20350975798570103 0.17163934710920126 0.12261705958470737 0.18190702137056403 0.13900159015991193 0.14186316458644752 0.0 0.0 0.0 5.0
188 -0.015328959183370738 0.004316403567778515 0.03804192123878547 -0.0028903206869344 0.006617167101009125 0.03444820676854188 -0.028291507507602565 0.00240867650340415 0.032701279968504915 0.12721206141516544 0.14526659075430048 0.0 0.0 0.0 5.0
495 -0.04929147479593521 -0.10168696181713366 -0.012222157737933559 -0.04136700539974858 -0.07815461390001466 -0.0005316122797619505 -0.053687261345789605 -0.0865356134296077 -0.019546150246522398 0.11540076529958503 0.11998589620949882 0.0 0.0 0.0 5.0
313 -0.004659946289965355 0.007918955280152629 -0.00920868713823464 -0.008179723401329664 0.004480309429602425 -0.0056930781372293016 -0.007715303693409337 0.007019270674850864 -0.0038386985986941236 0.1854393331783615 0.19322321918765253 0.0 0.0 0.0 5.0
376 0.1568434949604376 -0.1367749792848647 -0.0833670261896412 0.15692731200427001 -0.13574616804931583 -0.1145345203140481 0.14197442515526504 -0.1341025801256499 -0.1137048624320246 0.14363684192625406 0.15190957420728773 0.0 0.0 0.0 5.0
61 -0.019538244576168817 -0.020430545441042836 0.08765590600882489 -0.013408324462220289 -0.039403285327008875 0.03890963986297846 -0.010080680227969596 -0.03211247352569868 0.05211739224659073 0.19870763894768168 0.14451326904706358 0.0 0.0 0.0 6.0
435 0.006117984875255722 0.01020026752575931 0.05667369726355376 0.008170721491429056 0.03418900393916613 0.07481637184668388 0.005605379217502815 0.031023827848355667 0.07164855785042179 0.09395304007346632 0.15434338482461635 0.0 0.0 0.0 5.0
122 0.024901093966612553 -0.006923623293243253 -0.02395817010319412 0.036869558697067095 0.021877032527714446 -0.001587734753198844 0.04298496722780354 0.017620108417088165 0.0011792438233546587 0.13199250875188454 0.17468820091343681 0.0 0.0 0.0 5.0
189 0.1522623337282374 0.20678638023266527 0.1717571318907387 0.10684118536876297 0.15848968741364833 0.1287448371416402 0.11520254687873122 0.15999463627161536 0.13569226496127573 0.12021506759027462 0.10099575546704614 0.0 0.0 0.0 5.0
314 -0.005965855090333982 -0.005273432956861557 0.03885916785775856 -0.006962244030407572 -0.00893079217480075 0.052410324101230366 -0.002662875303756862 -0.0052830337506912795 0.05028356682402446 0.18085952748408443 0.1759045835141864 0.0 0.0 0.0 4.0
248 -0.03281427866088282 -0.06266474083122142 -0.0378035171313329 0.029485316763726344 -0.04029343407963193 0.04583576906023601 0.029354205446463277 -0.015716968949910037 0.058081506668958616 0.12218939501625736 0.15586813560398513 0.0 0.0 0.0 7.0
496 -0.05129792363788921 0.023098744571093732 0.03220298674166755 -0.05398117339057795 0.019874056832306808 0.03087569722296224 -0.04927271222463281 0.017020157839471528 0.035822920460256924 0.13531243464008058 0.15502901563333638 0.0 0.0 0.0 5.0
62 -0.20538647824528056 -0.16423550553155974 -0.1329629407545483 -0.21057114424308754 -0.1511889140683712 -0.1303981447942486 -0.19838489520857605 -0.15080505098402208 -0.12169412034784233 0.1681845292800724 0.1429097732999913 0.0 0.0 0.0 5.0
123 -0.03577047073675976 -0.01377812392441613 -0.020814348362699797 -0.027629140076114944 -0.005009436298681003 -0.003397510053207209 -0.026372986225146167 -0.0027866491345531763 -0.006987801562241436 0.19341320800891204 0.16544844709318834 0.0 0.0 0.0 5.0
436 0.014403641049938853 -0.019182067891604704 0.06163739227896592 0.09686396621712223 0.011236550502798481 0.07267049881074761 0.05206514279864671 0.019242659222961978 0.05331520192521233 0.14880101803590112 0.15363296161655982 0.0 0.0 0.0 7.0
249 -0.12695295296657305 -0.016533439666876037 -0.032470499114433116 -0.11057533095562144 -0.008544429999854275 -0.03975663886227987 -0.11381297730739892 -0.008594599761888366 -0.04040895500133945 0.24918135346279854 0.2189045738183332 0.0 0.0 0.0 5.0
497 -0.07741609844736086 -0.034491572254060854 -0.027759298650083752 -0.09829340768156225 -0.011634401980873843 -0.004565394574959303 -0.08419408687784558 -0.02091616578351818 -0.013278335579770095 0.17044549443863125 0.2062146304233312 0.0 0.0 0.0 4.0
437 0.04167756271000056 0.024331015158169933 0.09626204333652111 0.03690927831385471 0.014378895469413067 0.06571123566924242 0.051179858701212666 0.014987679260499265 0.08905071658851993 0.21972033693268953 0.22543778496929462 0.0 0.0 0.0 5.0
124 0.020033798653852575 0.1279480322042985 0.12090632595910855 0.02607040129093474 0.12230442455346813 0.1315759821163225 0.0028244226351099577 0.07768586681004153 0.10986282033723294 0.12831501068116039 0.14368108757162498 0.0 0.0 0.0 7.0
250 -0.09363015110474537 -0.07516613506067116 0.004518215328059627 -0.09187327760028363 -0.06845324003200237 -0.005365804885871572 -0.09162656476869402 -0.06497077622882041 0.0018505870034206673 0.16615484080039009 0.1504443777158464 0.0 0.0 0.0 6.0
498 -0.11877438057310397 -0.1957108445215343 -0.1485699198640168 -0.059317780513612695 -0.1101869085121927 -0.07942597313134048 -0.08287628100596744 -0.10118862123499317 -0.10366622602581199 0.15988409716023297 0.2047837102618972 0.0 0.0 0.0 8.0
438 -0.0894937669490834 0.042585846082346945 0.12177073127937743 -0.09523492053630389 0.08129750713495176 0.13901507850279238 -0.11603026369185976 0.08211402299086723 0.1429105280761389 0.19585650566770452 0.2457379569962508 0.0 0.0 0.0 6.0
125 0.015260155851495316 0.00038467358372828997 0.01761924896424083 0.002682470666143244 0.006106767567225946 -0.006076319139658448 0.00498624534448 0.009586790224352715 0.00014120831876596185 0.16429543503025099 0.19045272324592352 0.0 0.0 0.0 4.0
63 0.21603644215904239 0.4165629821587111 0.655385952900372 0.20858330049475038 0.24310721675505054 0.5346577622782183 0.19723492582892121 0.21318517017015148 0.5016936825372167 0.1334033682055971 0.14351488567004023 0.0 0.0 0.0 13.0
251 0.010899726448012181 0.04903747451040741 -0.0004142653597475343 0.019068580043962724 0.03707644445626279 -0.0017543860730597771 0.013993470706712419 0.04054328984310995 0.005241025952849476 0.1701870131063569 0.18253652679411492 0.0 0.0 0.0 5.0
499 -0.06125944138843342 -0.09998183864304844 -0.06732420638985748 -0.044896644758036564 -0.11353592372186339 -0.08835201970308537 -0.052199509435330915 -0.11154095648625495 -0.08172770594154999 0.15005101905487386 0.11013810260449299 0.0 0.0 0.0 5.0
252 -0.012865614477007292 0.01358346468763405 -0.000316469758047222 0.007559934578727168 0.013316327834774766 0.007938245525328957 0.0041921008687235695 0.01680478568132826 0.004593869150718577 0.17131407849050892 0.1247286709674942 0.0 0.0 0.0 4.0
126 0.05038685550369215 -0.03766251180241187 0.023621688178577127 0.1434479496407679 0.03306421165439044 0.07328764184465131 0.12151849803533343 0.014641406448760108 0.06964766276911694 0.18399114655187282 0.1594679658093181 0.0 0.0 0.0 6.0
500 0.05765099616360603 -0.05507400988632827 0.06074038230437706 0.09198221435307596 0.09744003739014362 0.18721112768834924 0.011581887401628688 -2.5374376299680534e-5 0.10743135044754948 0.1337366119439166 0.16591937984116406 0.0 0.0 0.0 11.0
