253 0.013443578483139706 0.022386811164381015 0.0172251873110838 0.014531940006336397 0.01920006255158868 0.01699876132838729 0.014864975850564566 0.0184508916831434 0.015828343508212273 0.15763987253056935 0.1610583279338716 0.0 0.0 0.0 4.0
439 -0.04086973747077993 -0.025171745907580756 -0.024977134001992862 -0.04056461398207267 -0.02682734125210895 -0.02563655368844031 -0.04085845204968297 -0.027365234363205593 -0.02722452386997687 0.1233146635902814 0.15029081330862468 0.0 0.0 0.0 4.0
1 0.034157449556389 0.012439639655269952 -0.01014924906746173 0.02956836555364606 0.010091589241139731 -0.01033619763205107 0.027968471630092084 0.010211003567354826 -0.008500817857714948 0.13976328202295993 0.14442591306203076 0.0 0.0 0.0 4.0
315 0.024635879182259623 0.026079541804715056 0.03665935487120087 0.018271210191683762 0.029374785335553488 0.04159132808175059 0.019157802375589394 0.03062382246986295 0.042540154688866405 0.1972264606641307 0.2016138480865158 0.0 0.0 0.0 4.0
127 0.021378411890365268 0.045894376751304033 0.03201480412230273 0.013682189056595684 0.03748828253507375 0.03136008706295179 0.013101465407128199 0.03648061588181983 0.030104934734156208 0.1351007066306246 0.12302423026146565 0.0 0.0 0.0 4.0
377 -0.015900653877491733 -0.024151405623874633 -0.003499851823671185 -0.015254010119739703 -0.026485848878862628 -0.003090445958552679 -0.017265375178227238 -0.025700222364178238 -0.0039599239456646895 0.1880452804292936 0.12125098518290114 0.0 0.0 0.0 4.0
190 0.011064174911665559 0.041750770736252774 0.023962323090222837 0.00896476583041661 0.0413622707674377 0.016891679154892758 0.008718902419871943 0.04153340435421038 0.018290359201976525 0.1679813747625008 0.16885889739178644 0.0 0.0 0.0 4.0
64 0.10585538793528881 -0.06485395311975872 0.015520327610282436 0.07488404816093785 -0.08218270631936597 0.007158183078054714 0.05987202168225214 -0.09137594695848383 -0.014833138789064226 0.1308505847776549 0.17449604425423662 0.0 0.0 0.0 5.0
378 0.008554206669184605 -0.019064219179287356 -0.02894457597979172 0.009370728633047554 -0.020032605776037493 -0.026082075446446917 0.011060031226690636 -0.020404017925986895 -0.02478408620085293 0.144334144670306 0.16036027290773636 0.0 0.0 0.0 3.0
440 0.0050495387752085286 0.057796695440206936 -0.003109389729640588 0.00803156494985724 0.059809787500352485 -0.0028831427789457464 0.0068911086897847085 0.05708343896109458 -0.0049722149953829176 0.181595931006797 0.2055845070386616 0.0 0.0 0.0 4.0
191 -0.008526331773646034 0.00989679172191038 -0.019477470113524742 -0.010960830003417632 0.005783044949269955 -0.021930482997713496 -0.009968390714862774 0.007225348644918306 -0.02124680776631893 0.14973899023156947 0.16137256844361417 0.0 0.0 0.0 4.0
254 -0.005077508303932943 -0.008921994740669126 -0.0044116217026549664 -0.007715272689787778 -0.007807721470157625 -0.008547051652151638 -0.007502603294124555 -0.006672969554267993 -0.008199502910476553 0.14412498899483905 0.1172953836458201 0.0 0.0 0.0 4.0
2 0.017400635624260197 -0.025619067350408198 -0.042089735119386185 0.017981387907360702 -0.021851793917678664 -0.04102973637765095 0.01840309643729343 -0.020871103459346396 -0.040986161975860136 0.1591646220451419 0.16575334104606296 0.0 0.0 0.0 4.0
128 -0.021932257767071972 -0.07627521357581446 -0.07373281117332386 -0.01665046296813988 -0.059474269002020685 -0.059213214604946884 -0.02287598669282398 -0.06231977255288379 -0.06615948634129942 0.17166430334130328 0.15418687442827572 0.0 0.0 0.0 4.0
316 -0.09128896853028012 -0.06457328584617328 -0.08614520234171563 -0.055809353849977206 -0.042712070063390284 -0.047949850685269135 -0.03394383789876465 -0.025481487984321483 -0.03161496809984121 0.1845635027684483 0.17535927596130377 0.0 0.0 0.0 6.0
65 0.005693952338503339 0.0001876662052981981 0.006428672644140709 0.003625378477677188 -0.0016876108094476816 0.0035227361524703404 0.0010746360128530696 -0.00300118571340402 0.002339368301025324 0.12617455229948912 0.10550555678957178 0.0 0.0 0.0 5.0
192 0.022239143068570222 -0.004722960966511924 -0.004978250552109098 0.03165241337714697 -0.005206613031344953 0.002096169335937814 0.031029325733061386 -0.005396477186061732 0.0015823563456618395 0.1327783527337977 0.11595400767701218 0.0 0.0 0.0 4.0
379 0.021922612003415498 0.051623229342389276 0.025376471379685128 0.022224851052637717 0.048232857146132124 0.023206703833809295 0.019395135424064014 0.0496859199268469 0.025631457260876234 0.1373015527043752 0.12780778861590628 0.0 0.0 0.0 4.0
255 -0.01943905807416102 -0.037117309663234455 -0.035460552445879645 -0.02191619439515513 -0.03612601384981762 -0.03257198384274429 -0.02296213757375698 -0.03352939604197391 -0.03036466671830107 0.1387787984886104 0.1234363274107975 0.0 0.0 0.0 3.0
441 0.0007688130237817337 0.023165030935775155 0.00917725279031667 -0.003201629978285103 0.016111361494561383 0.0005234319608009574 -0.0030945504817638803 0.017240940374610103 0.006281018684052286 0.15234773233161603 0.13931722937392382 0.0 0.0 0.0 4.0
3 0.011629776138554426 -0.035532317086578336 -0.002523960986532958 0.01374425381680533 -0.03303196307294187 -0.0008652251023860691 0.01435318307705491 -0.030784028355219317 -0.00020634258514151682 0.16817032087101888 0.14448504294944234 0.0 0.0 0.0 4.0
129 0.05105720889005383 0.06194311728735724 0.06466122732592439 0.0267606529480946 0.06904249304103738 0.05589707534989796 0.03180652156528829 0.0670889748390473 0.06604092535501294 0.18415737699603424 0.16495080692827718 0.0 0.0 0.0 4.0
317 -0.0008192485024928198 -0.021004963973540125 -0.0275470867769968 0.010559723327834503 -0.01753284615652695 -0.018256601716800103 0.008495769468117809 -0.014013159688977206 -0.01934717393579022 0.15570823069687922 0.14429290687348556 0.0 0.0 0.0 4.0
442 -0.012901013047298071 -0.031560567893502034 -0.023196909572198776 -0.015769450827905263 -0.034031533890306775 -0.020560509826839213 -0.015998988443612472 -0.0326904996097378 -0.021746656575836965 0.1298726249613271 0.17083119608233643 0.0 0.0 0.0 4.0
193 0.00825899379943773 0.013288337178107179 -0.009450786971635816 0.012857618638279389 0.01806764540602246 0.006262886149859481 0.01474387436367719 0.02231226083834481 0.007633408120164775 0.14021190739311798 0.10915996837168707 0.0 0.0 0.0 4.0
4 0.015998717371972004 0.00668101525088205 0.04338467462451345 0.01868247282545421 0.009579082525682958 0.042596389481176944 0.020011280803218456 0.010022492619726542 0.043459836816191366 0.10870222292147756 0.12116350061878867 0.0 0.0 0.0 4.0
256 0.0017370047826665846 -0.05701496716331189 -0.06467581944309608 -0.005613328243865845 -0.06978100446926139 -0.07374640946208999 -0.00688772853667563 -0.07365936326804512 -0.0770320304967762 0.18059167854843586 0.17211998784860263 0.0 0.0 0.0 4.0
380 -0.05992741119893907 -0.08489446259615663 -0.026852497834820244 -0.08008405841530564 -0.09334451508007002 -0.04294303415176348 -0.07591469203276136 -0.09186867680375532 -0.04391213283119866 0.16577846792432865 0.1680340302923012 0.0 0.0 0.0 4.0
66 0.12163571731611689 0.17128799536790207 0.15692711370748014 0.15297147430940994 0.16899805237208465 0.1797489820477196 0.14439682503386475 0.1683104678245395 0.18327530948449966 0.1383988959275797 0.16870389348923473 0.0 0.0 0.0 5.0
130 0.006691661445164199 0.016312947378800624 0.011655767783546045 -0.0019286424908180333 0.010923679215749216 0.0032950565572795742 -0.002504701229282591 0.012576301856474847 0.005710327682574734 0.1322856889319802 0.101222378370039 0.0 0.0 0.0 4.0
318 -0.021775346851336086 0.01253796505867033 0.0004474750317036147 -0.031076928411642224 0.020129053632300664 -0.015637014525878956 -0.029984857908860962 0.02360113892054816 -0.014169108283061727 0.17436221417424916 0.16982184569648356 0.0 0.0 0.0 4.0
5 -0.04670434801249035 -0.0011039247086889192 -0.023319014645439506 -0.04867874370485936 -0.006037036088794467 -0.030637839927622368 -0.045689208140136994 -0.0014960236369647717 -0.026387842034796494 0.15668606484808917 0.15988724205550464 0.0 0.0 0.0 3.0
194 0.009630491263275864 -0.028899783548430258 -0.00834276206409601 0.009004587016398613 -0.02308853797902599 -0.007335734035975761 0.008809091520471268 -0.024361307751792682 -0.008448113801774015 0.13942284120599982 0.14582870336964462 0.0 0.0 0.0 4.0
67 0.008575349940365129 0.004850212958254163 -0.02605856045787891 0.014305444511549137 0.002573740518535539 -0.032647188919059045 0.015294134162147088 0.002032248314595808 -0.031463076450594096 0.1306191489259363 0.1826785671229582 0.0 0.0 0.0 4.0
381 -0.02251447930013173 0.026553345415306184 0.059769206307287215 -0.02085303496649671 0.017464157861176277 0.05400888163319051 -0.020909801006302353 0.019472245425063983 0.053736428857304785 0.1300959196755886 0.11194147620970736 0.0 0.0 0.0 4.0
257 -0.007779047858210153 -0.0023195259686462633 -0.010008506147292873 -0.011413284381902589 -0.004082806583947218 -0.013731099233799005 -0.011259179649536821 -0.005249811615832045 -0.014727999331968333 0.13420341378696665 0.14107365591019996 0.0 0.0 0.0 4.0
443 0.00031694120393566116 0.09081966082572412 0.1207377513136687 0.006353585325183042 0.07899170048694404 0.11184806972757033 0.0012701489727133808 0.07034195704099577 0.10534598017384544 0.1644862940054743 0.17615391479933623 0.0 0.0 0.0 5.0
131 -0.008454440683317133 -0.0026840174410457385 0.0012331887655652185 -0.00984129426706426 -0.00313567119756053 0.0006421994634695505 -0.006673447329667126 -0.001711154997852793 0.0014968545097375774 0.17094582078236326 0.1530542988295978 0.0 0.0 0.0 4.0
319 -0.021703592598504073 -0.02564134150836317 0.039379838584262306 -0.027965061737926122 -0.03453564603507919 0.029758650955222787 -0.031278511339356885 -0.031645153089186695 0.028039622892641614 0.14211496322147113 0.1307552248217617 0.0 0.0 0.0 4.0
68 0.02688333138866561 0.04638366152601403 0.054532225377794896 0.025810834683630768 0.05339490593004892 0.06998010811459032 0.028457835102296825 0.05075676855222633 0.06776019386922405 0.14655873893421956 0.1403316430483061 0.0 0.0 0.0 4.0
195 0.05427326359766993 0.007328616486543371 -0.01240421451142304 0.04087686111088695 0.004676507430969146 -0.030688960082272954 0.0566817023457995 0.026557055934075313 -0.015913080838924842 0.15906580317924945 0.20168087867797463 0.0 0.0 0.0 4.0
382 0.016500631339658955 -0.012631593636185046 -0.06626311671843221 0.018544961808480975 -0.005661187728081329 -0.057857947155736 0.022512763152780613 -0.006674923034295843 -0.055533812645782166 0.1731273821873589 0.1855051951254705 0.0 0.0 0.0 4.0
132 -0.023985420430816085 0.026682738274504514 0.03243776604960891 -0.022857602387806986 0.025959380279210853 0.031238851745270635 -0.02203206275877334 0.026893237383451174 0.03307016970278531 0.1576521686902328 0.15384130257636985 0.0 0.0 0.0 4.0
258 -0.005039658604020003 0.0666011571700933 0.029090735070767426 -0.007995212853645017 0.05017613833449408 0.020412798628502538 -0.008176024151345884 0.05352952227447605 0.022980145951897235 0.16592641532638236 0.13501127133262958 0.0 0.0 0.0 4.0
6 0.006064540542165986 -0.0852900885707275 0.002692164096426808 -0.017203359403684892 -0.1009361163621949 -0.0380913093576819 -0.0034231374831243944 -0.09559767667739993 -0.05213677399007122 0.14055169179324323 0.1222557066521219 0.0 0.0 0.0 6.0
320 -0.024828689078047694 0.036835179289726794 0.04642632766607835 -0.025266802471100913 0.036164105780869926 0.04515173476960177 -0.024439598839633647 0.033966498885954266 0.04717702159747117 0.1685335965696357 0.1684218614874586 0.0 0.0 0.0 5.0
444 0.06527374053568935 -0.04984889436842821 -0.038681594689653265 0.020584296074319663 -0.001611708122004507 -0.014720680044018386 0.04650732057436047 0.014895672557575068 0.0010733485778606777 0.14388746623805268 0.15986258213454999 0.0 0.0 0.0 6.0
383 0.047096212592117714 -0.00903323327881167 0.03839263372112023 0.038836024785193546 0.0031845577106661693 0.05450339487521361 0.040615385979996255 0.0005306376290550308 0.05259202950694819 0.16272353128946457 0.15787847370976701 0.0 0.0 0.0 4.0
69 -0.03312368555832168 0.006177474399896132 -0.021126465818787743 -0.025445932919369474 -0.003074491623211606 -0.006907699425509173 -0.02691157569302327 -0.002322285969438842 -0.009392724741466352 0.15499717171332994 0.1504463398241089 0.0 0.0 0.0 4.0
196 0.025272708146975242 0.006527663475210277 0.016423800323250415 0.022936761696171315 -0.0031090169986338623 0.005610014474603409 0.024775290723018983 -0.0025816396660881535 0.004613618736319269 0.1376466451942253 0.14990108395515822 0.0 0.0 0.0 4.0
133 0.05183107847490631 0.06949210136112272 0.07901627886913953 0.04498768341902104 0.05432803376619466 0.06557322297094981 0.04395355717392424 0.05174972243631215 0.0683767207385606 0.13899692323956023 0.13940477849797053 0.0 0.0 0.0 4.0
7 0.02278618880441008 0.02312923492254315 0.010457378913487636 0.027706183766137205 0.02518228226637831 0.007844749700327558 0.02678748698977884 0.026197663046392927 0.00790150159319536 0.17107023827648551 0.18920292195646637 0.0 0.0 0.0 4.0
321 0.0011451524843804073 -0.000660659394768448 0.008635315313829883 0.005483075359996592 0.003498119144391243 0.013556380483422892 0.0040695140332791535 0.002358970234374036 0.012394805476382942 0.16164682380305062 0.18984688810459338 0.0 0.0 0.0 3.0
259 0.026236876075091953 0.03588062126500824 0.028022844302409755 0.01141246367644122 0.02930930620256267 0.014505121996737369 0.014198221124975818 0.03232468991197801 0.018809698370990224 0.15043942964752946 0.159975988902538 0.0 0.0 0.0 4.0
445 0.011823786518297519 0.0008394960453896871 0.010768350147357442 0.015525339575257036 0.0017713287200271655 0.012180904555315397 0.01569761795938951 0.0025345816944544186 0.012601940733651507 0.10517862201923164 0.12152802093373317 0.0 0.0 0.0 3.0
384 0.0070722144582247015 0.020137973828172617 0.013322779716025579 0.009608714496446291 0.022860713446802627 0.01764216737955504 0.00821679366431649 0.024142025222876784 0.01849121887803995 0.16882015402068562 0.16423303067628225 0.0 0.0 0.0 3.0
197 0.012817807750302501 -0.014700651010019716 0.011992583674839352 0.017598766359928852 -0.010855276466932184 0.01317767379066992 0.015991557050236915 -0.011991233825536685 0.01255375229120359 0.12960571855337397 0.12021522977663693 0.0 0.0 0.0 4.0
70 0.018418915650237677 0.002796539502682105 -0.00735765280738343 0.003562119857529744 0.004347742466257243 -0.010932560087980714 0.004517488738395414 0.0027441176755995667 -0.011862830603813213 0.1375117715918674 0.1604486817262206 0.0 0.0 0.0 4.0
322 0.006133614758685901 -0.008728771910897604 -0.0068164739376710415 0.007791860637375025 0.0033067242728623825 -0.0012970727802021909 0.007366241385757366 0.00014949268325592513 -0.003540064652216457 0.15081907689491025 0.16990790385553242 0.0 0.0 0.0 4.0
260 -0.030095946947984342 -0.0075584349682996654 -0.03318249555912256 -0.027271125022916065 -0.0031337892168694648 -0.0313282125276485 -0.028365794227351304 -0.003783368696669287 -0.03130536698656672 0.14644640003739423 0.15868112391044178 0.0 0.0 0.0 4.0
8 -0.004073559742220012 0.020718489530103135 0.009405749798067298 -0.005313607528485753 0.016972279622927022 0.007078790304093863 -0.006265553614317354 0.013145602440427062 0.0053258455355751355 0.14937113550509257 0.13121519661820275 0.0 0.0 0.0 4.0
134 0.021101516664571163 0.010274457176438823 0.04057604022326888 0.031360869590628226 0.022965359099953453 0.05026956016259421 0.03449242970181121 0.01965050382295419 0.046286442719080334 0.16332122277179106 0.14951206705680087 0.0 0.0 0.0 5.0
446 0.026672375387846614 0.02499030951191017 0.04108667546382305 0.029171515986658125 0.028981765022831896 0.04279411532673971 0.030328132573753663 0.03088380619347686 0.04194766802305816 0.13248664704840066 0.2051915287835685 0.0 0.0 0.0 4.0
385 -0.00614035707658267 -0.04170981083145042 -0.0022720832780562805 -0.03365905366296085 -0.04398568898847666 -0.00010802392674014172 -0.024957978035956563 -0.03791696830526903 0.0080718132119042 0.15569325185281024 0.15620280970137054 0.0 0.0 0.0 4.0
71 0.022439644829336913 -0.006704574916410078 0.01952772332829511 0.025764837345285674 -0.012924376991564235 0.017084353992546486 0.03319453742532019 -0.007485714604504201 0.022890434255701475 0.16499356821735772 0.17306597623121484 0.0 0.0 0.0 4.0
198 0.02078871960471096 0.02772917335113867 0.0834275185196649 0.005756780700348463 0.026176100358049403 0.0747440527403449 0.010946293784769523 0.030138127731021536 0.07612626298970637 0.15710318809358786 0.23667297988143968 0.0 0.0 0.0 4.0
261 -0.0011717694880137852 -0.014972556033110318 -0.010884353820620696 -0.006363296539903529 -0.017296580000441986 -0.009922331449097821 -0.004950126611854677 -0.017618137458664584 -0.007775350000726378 0.15182645577882622 0.142048806479794 0.0 0.0 0.0 3.0
9 -0.02791848246844375 0.0010396353821031656 -0.020218072134939202 -0.025719953420289543 2.1619555803820134e-5 -0.017897447746257455 -0.02386751149971189 -0.0023644464906158458 -0.017490361226876083 0.16923283638856845 0.16679924596646797 0.0 0.0 0.0 3.0
323 0.020865240149981812 -0.03686090094979533 0.005802062360906746 0.022631416042099284 -0.040883493100000834 0.0010439429744231177 0.022504349962743087 -0.051583081614045345 -0.010635803839225577 0.14428674178268128 0.14310562128033277 0.0 0.0 0.0 4.0
386 0.0013399531321613978 -0.021329122400499223 -0.018905743999901636 -0.0034285385301318083 -0.02046458244537619 -0.02127029756144705 -0.0011336784382360854 -0.019066983191111553 -0.02097946715973198 0.15888611893376728 0.17904124193521356 0.0 0.0 0.0 3.0
135 -0.025852974542825535 -0.01111606381732022 -0.005785432336466112 -0.03742725757783716 -0.01826196832595306 -0.012793041546338091 -0.03623023969459638 -0.01773889981961696 -0.0121323088115467 0.16847265432236952 0.14873014819601665 0.0 0.0 0.0 4.0
447 -0.001567708899433251 0.0020951313850177122 -0.011203638471207422 -0.007549443481779328 -0.0004124479877377629 -0.012706222386119737 -0.01047912056055067 0.00057306962571535 -0.01447865944339588 0.1768838256116126 0.18510942425320429 0.0 0.0 0.0 5.0
199 -0.0005806026264782993 -0.01759858453190266 0.004248977596570169 -0.008843988267690506 -0.027326388517680322 0.00026306467424563884 -0.009598317238150966 -0.030640498796979942 -0.00022215192573593612 0.16108551805196417 0.1516250314174356 0.0 0.0 0.0 4.0
72 -0.028572280090224722 0.010360257085052726 0.036168627475688275 -0.02531037115715906 0.009180154835155996 0.026855146058982093 -0.029932065294346333 0.010919393937244504 0.026789505616458653 0.14511518961340514 0.12608970679479636 0.0 0.0 0.0 4.0
262 -0.023485639310553807 -0.06628671029939437 -0.09218664183083991 -0.01449416045696017 -0.054766704327933735 -0.07743820098340959 -0.014083207529862252 -0.06058313273234828 -0.07812336034335243 0.15053932194293418 0.14022625969851762 0.0 0.0 0.0 4.0
10 -0.04024551444425428 -0.05499068947151953 -0.04553993114032129 -0.032596565563130064 -0.059241285985512926 -0.054642664378381056 -0.026155495516109073 -0.05770460239918451 -0.05168164729956504 0.138712687940624 0.1284157075791747 0.0 0.0 0.0 4.0
387 0.0018039255138819765 -0.007203728975457069 -0.010882394507118254 -0.0006250333031008193 -0.007044202505382624 -0.010705125129645388 0.001166728759376623 -0.006128132687223009 -0.008950345753004463 0.1443307761686471 0.1192244549320644 0.0 0.0 0.0 4.0
324 -0.04256406893816156 -0.06049938804933552 -0.05129668664195752 -0.04619675250312527 -0.05786398935826087 -0.04351655720756331 -0.045790099326713185 -0.0573781759308567 -0.041890416951357645 0.18511303363231116 0.09787507260865645 0.0 0.0 0.0 4.0
136 -0.0025619359083067783 0.011048347589519336 0.008788183892466828 -0.002780669722735829 0.012405070925312067 0.01192583297097749 -0.004007762425494499 0.011820860876892825 0.01149412251643711 0.2133455854142699 0.16730967621310405 0.0 0.0 0.0 4.0
448 -0.011773458030963524 -0.004456918730590953 -0.015934670175264065 -0.012236025237371995 -0.004464179486771802 -0.016864750982000576 -0.012546264138216912 -0.005499048449250976 -0.01563110853285854 0.15708305358896238 0.1310155666846465 0.0 0.0 0.0 4.0
263 0.0034903424875030176 0.004049197522505876 0.005250838593945817 0.009389863179501967 0.00285401482698755 0.0066359711064760685 0.009326823074558455 0.002840165217842028 0.006012354711810719 0.14075803324820807 0.13817975372734143 0.0 0.0 0.0 4.0
73 -0.018090255916116238 0.0021888263931848506 0.0006098089863215694 -0.013269912706825426 0.00819315929270914 0.0034983515574620316 -0.014506515182465374 0.005820189320685953 0.0029432107862585877 0.1723332193910881 0.15758154425988002 0.0 0.0 0.0 4.0
11 0.014744625517989718 0.02687308264978272 0.016891331547238986 0.01605573151025186 0.026203112950088814 0.018143567630922064 0.016984401830177243 0.027406844872438052 0.02076021962650909 0.14397831852445703 0.12987908122994077 0.0 0.0 0.0 4.0
200 -0.007110397961108683 -0.09388670600555593 -0.036843839448592486 -0.01905865295772291 -0.09561877881275382 -0.03180563923643498 -0.01623677174208782 -0.10068943077583459 -0.03246908613060018 0.17182270720547968 0.10730387273500945 0.0 0.0 0.0 4.0
388 -0.006262569878927371 -0.01799303533239982 0.024222726564760544 0.004248584379888287 0.006573402928752081 0.05341407515476715 -0.0002988882644879842 -0.009112536479747524 0.04176395829401347 0.17482546962751458 0.1912011868708275 0.0 0.0 0.0 4.0
325 0.030751209411538527 0.037491740380365846 0.021054033612508682 0.030406450501374138 0.0384652417610607 0.022918431115237503 0.03168441589050586 0.04118483762353509 0.02511183330571143 0.16418539721235795 0.17106724585515065 0.0 0.0 0.0 4.0
449 0.031225278250814004 -0.023799169990074587 0.05067849791756984 0.031868585400874894 -0.014148333960035231 0.04297875838691012 0.03751932679581893 -0.009517389756833028 0.046655294403341374 0.16106308294363259 0.1511191619338556 0.0 0.0 0.0 4.0
137 -0.043739838227451644 -0.05463589110718914 0.03376377007157427 -0.04901582322814457 -0.036055249398932454 0.032830829146430096 -0.05076556889503803 -0.04599744396174921 0.028763524907764015 0.18264239472402696 0.19453747335741567 0.0 0.0 0.0 5.0
74 -0.022731446038576353 -0.004259854167734778 -0.004618793171807245 -0.0299269444597855 -0.018619534561516216 -0.02164234739595805 -0.023707612310266635 -0.014860019245252154 -0.02127885117532602 0.15500508914529296 0.15168582807153497 0.0 0.0 0.0 4.0
264 -0.03528020081394756 -0.004734258200087105 -0.018837876524285924 -0.016244044886295494 0.0053624366529931855 -0.004682989212760336 -0.0192961150906219 -0.0009316961137567636 -0.009250467928052397 0.1433951841102737 0.14528568312007012 0.0 0.0 0.0 4.0
389 -0.023659082923152774 0.0036216929084080807 -0.021744997790622667 -0.02331435677591509 0.0004032354505045799 -0.023205963587154876 -0.027337953324410136 -0.001254763908258738 -0.024482960807125975 0.18065986516039698 0.1533537577581459 0.0 0.0 0.0 3.0
12 -0.02082540037377456 0.06399904498540177 0.03117847765563453 -0.03086393991827774 0.0501994507293666 0.01910544061467845 -0.03461642878075044 0.0469810517505207 0.017152587182830414 0.17320669235578678 0.17351221857043417 0.0 0.0 0.0 4.0
201 -0.006472460740560515 -0.00288743317691742 -0.015079701849491589 -0.006851678256094562 -0.006424717306991123 -0.017314055167701015 -0.006369528687006798 -0.0067672381806686 -0.016984458702527405 0.1538833467654296 0.13873877875972235 0.0 0.0 0.0 4.0
326 -0.003891877179409642 0.02162067128304157 0.016472552277231767 -0.006959824368008127 0.012043627709205307 0.0064779543119131144 -0.006100548358987989 0.007881874864076321 0.007153807400885004 0.1481920458439183 0.15832847052435217 0.0 0.0 0.0 4.0
450 -0.034068298771420924 0.0012336744460819116 -0.04963615140828126 -0.01705247265545562 0.01126577104346893 -0.04074220971187403 -0.023389788903942277 0.005026881149359452 -0.04684509573756401 0.14476257464751005 0.18137070588813028 0.0 0.0 0.0 4.0
75 0.031339047533764264 0.031057836994174748 0.021428364405303046 0.03731340011551465 0.04003137727899264 0.022897333179459745 0.0434904774102276 0.04884053550165457 0.028622211251159824 0.1368178745372202 0.137462136932859 0.0 0.0 0.0 4.0
265 0.0062505313272926966 0.02048214523257874 -0.009792208006105696 0.00952809450858716 0.025484171853065618 -0.012090971819668783 0.010096019127559419 0.02560905592560414 -0.008109567616786051 0.15236096646950106 0.14749638656259997 0.0 0.0 0.0 4.0
390 0.025516434154216894 0.01924611341105731 0.0032059415213554487 0.0293377500113583 0.02071575507960799 0.006154294745992717 0.0312967574948988 0.020386678825158544 0.006051602091073027 0.16221252613581702 0.10333950524713924 0.0 0.0 0.0 4.0
138 -0.005513235936799199 0.024079642701704707 0.019430203793528555 0.03131806154343497 0.03907141757957766 0.034021041179955525 0.017361717416176647 0.04092571793396815 0.035127834178266815 0.12299638255937122 0.14728234394151707 0.0 0.0 0.0 4.0
202 0.0011730221920480677 0.008215650467309876 0.01251341798848249 -0.00042135288005429317 0.007634426786970572 0.012698910490734683 -0.0032411888377188447 0.0036019849877744203 0.01384536254944857 0.14652620233094127 0.12033224074397747 0.0 0.0 0.0 5.0
13 0.02973422972506734 0.04926829896370144 -0.009657556400115896 0.007580301587610361 0.0422056609737993 -0.016930785250179547 0.0047524572708455 0.03672964448265348 -0.019297782784179485 0.13416034228368512 0.12763583834915737 0.0 0.0 0.0 4.0
327 0.0011069714492746296 -0.007491595597464373 -0.036774894528711966 0.011256283181157567 0.004786361825882546 -0.03254744266577614 0.008881763385334862 0.0037003288006942636 -0.03435213297536088 0.1347885442310707 0.1294388575030927 0.0 0.0 0.0 4.0
451 -0.035469322687475824 -0.06929400794942331 -0.04742769630156374 -0.03141025253838803 -0.05568858797341403 -0.03946231923006149 -0.024908465389750556 -0.05763732707982083 -0.04218198038218257 0.15264303667754084 0.1651002371077433 0.0 0.0 0.0 4.0
391 -0.042207916422171365 -0.0541133465670286 -0.06318179469416263 -0.03092958819026237 -0.05163307386820559 -0.060552805934678045 -0.03004157749174119 -0.05303437296400593 -0.06484062187618067 0.14446840178163123 0.09555886638375603 0.0 0.0 0.0 3.0
76 0.022257542031919764 0.029191438868616526 0.0009505795557742669 0.006602931208763652 0.030981905827065948 0.003499643624387927 0.007877389738888851 0.036681934944329475 0.013017428379196838 0.14796217311814666 0.1447708565607966 0.0 0.0 0.0 4.0
139 0.022518254864114073 0.057525219518545834 0.021230491958313946 0.0222065449404254 0.05967824319967141 0.021625005356909144 0.022683020757289007 0.060135864629783375 0.02224178068896676 0.14664459059462265 0.15130283747908907 0.0 0.0 0.0 4.0
14 -0.009447042651152704 0.0018581520320426481 0.013121350765033624 -0.012545556119561319 -0.0008556202251015499 0.008885355018691365 -0.010812099026416333 -0.0006809339678113258 0.009266705948991927 0.17630840195687306 0.1554862955561137 0.0 0.0 0.0 4.0
328 0.008123806569990677 -0.028345256492735893 -0.022329153721859063 0.008104064990364979 -0.03248796385701802 -0.028015070863690594 0.007455767473369512 -0.031635196820827716 -0.027337733868914915 0.14661057547911494 0.12852214867438852 0.0 0.0 0.0 4.0
266 0.007928333362649642 0.039492051025926234 0.017249207456139448 0.009009814621586232 0.03978732543749852 0.016606089191131268 0.011252879804553917 0.04456360640758139 0.02204021021233782 0.1473096662757553 0.18490363732438125 0.0 0.0 0.0 5.0
203 -0.015116523242747593 -0.06389454847994502 -0.0690973693233552 -0.014283882040144302 -0.06437917464765763 -0.07198403148791632 -0.013408450423679552 -0.06377216808451269 -0.07049410094884023 0.19406502426696995 0.17287783389567457 0.0 0.0 0.0 4.0
77 -0.03832623263696999 0.02712849999936595 0.018733354474641528 -0.03534171366538885 0.016154937959422133 0.008982911621317147 -0.03610170279471758 0.015070846513216996 0.004810925901092666 0.14939061014593552 0.1369234940950336 0.0 0.0 0.0 4.0
392 0.0008777026205013527 -0.018287751095120375 -0.020881775844313277 -0.006884898568881859 -0.02190058147173568 -0.016751080191063195 -0.00579198584903684 -0.021694605002160805 -0.015682954343288036 0.160639080906042 0.11992488057532623 0.0 0.0 0.0 5.0
140 0.011043725836266116 0.043237443743623816 0.002173891809818862 0.0351117066164659 0.03175928343332135 0.016888011389482926 0.023280766227484317 0.032422340072532085 0.006246195575471791 0.1227929813129775 0.08966363128412946 0.0 0.0 0.0 4.0
452 0.1761361370913932 0.0005928049317402984 0.07677613706324582 0.1524711517689148 -0.012041564018270057 0.049472399309326676 0.15319137715708253 -0.015390395446687966 0.04943455837479127 0.12889929343532486 0.1417375108930061 0.0 0.0 0.0 4.0
204 0.005503569901502914 0.022218693150393376 -0.016478341493774695 -0.002934549559816091 0.018958747667673137 -0.017971204222565484 -0.00025974826471308887 0.02033480762525408 -0.01530510321509504 0.16844539562454613 0.11324405608961396 0.0 0.0 0.0 4.0
267 -0.019676036347097026 -0.013701588261134767 -0.013482754740775649 -0.012891088201414158 -0.002833591408685443 -0.012866044651056896 -0.010311751054270735 -0.001386916334984667 -0.009021119671794864 0.13447152266241963 0.1256463130150462 0.0 0.0 0.0 4.0
329 -0.010361176836137131 0.02135790014115213 0.01121353826799143 -0.013239987021145372 0.02826574167267326 0.018333539313216463 -0.008392610428576752 0.029159448675210697 0.01776174427069832 0.1364574401105878 0.13792821592048407 0.0 0.0 0.0 4.0
15 0.09413141436653194 -0.014969142605384622 0.04920199219060062 0.08689418474503463 -0.000757406462162713 0.05553188899606809 0.07983079015932382 -0.0033439324476551846 0.05840661999287211 0.1290359075729885 0.13547393252886428 0.0 0.0 0.0 5.0
393 0.014924137334196397 -0.004737249636691421 0.026819368659743548 0.020074317328358182 0.008132261057222534 0.03750652598283044 0.019631342687757014 0.005946608452166879 0.0354566984896465 0.1315003007498752 0.129189680597458 0.0 0.0 0.0 4.0
78 -0.009370858936329718 -0.012676025839984506 -0.0031785037815582617 -0.006124936137664183 -0.0108800633201529 -0.0004941113005328956 -0.003489920587271156 -0.0086029159699188 0.0026028559727977463 0.12151535458727175 0.1234996359288269 0.0 0.0 0.0 4.0
141 -0.018496408413637866 0.0049865931522448115 0.013304141473182485 -0.01732587887566228 0.002790175314751897 0.014327656980042347 -0.014832777770368177 0.010618475802639304 0.019257963614875973 0.1261284225667416 0.12014384094991681 0.0 0.0 0.0 4.0
453 0.0051927218929450625 0.015258949361301788 0.004178301590907152 0.008817932785806226 0.01675170244809565 0.005609801277163484 0.006707788786729063 0.014448071689536546 0.004446116395780075 0.15214615171333704 0.12905855581224193 0.0 0.0 0.0 4.0
205 0.002464805772205647 -0.008165287913929675 -0.009208017862825213 0.005230968161977323 -0.01517325207339093 -0.010648175757368539 0.00430781844939343 -0.017700528673764482 -0.015132995955103201 0.1495118766983508 0.16251309897710592 0.0 0.0 0.0 4.0
16 0.01576737214689028 0.01978929906514293 -0.009787123611739168 0.014468795638269194 0.017281760358341947 -0.005274691054153791 0.012956175800499237 0.012939205917288588 -0.008642708686373957 0.1567145182769286 0.16176767936576336 0.0 0.0 0.0 4.0
268 0.09432015036163932 -0.020845259430809504 0.058372346043750634 0.10476690328789551 -0.0008875099470854186 0.04348991226905441 0.09904868117215782 -0.005408866176870641 0.03987030672342451 0.1560476763145892 0.16200044530020782 0.0 0.0 0.0 5.0
330 0.011161076760647148 0.048249718097300054 0.08659216238354084 0.0014377958424780513 0.004096269298076383 0.06388317351257622 0.0012620419061193378 0.007353868030699706 0.06045379608459678 0.17327832206680494 0.15482113667635955 0.0 0.0 0.0 4.0
79 0.012152847713344128 -0.016945919240793472 0.0006752312847755348 0.012432484631996976 -0.00857806409295181 0.003689964285613856 0.011327216143188101 -0.011141043382703164 0.0024941978591079828 0.17039529808763548 0.1637041085353649 0.0 0.0 0.0 4.0
394 -0.0034763737281572338 0.01308301736688433 -0.028133440949541844 -0.006405906056691335 0.01137828105837202 -0.030249038344950407 -0.006076025725374357 0.01138949381368115 -0.029332807760934054 0.1777466225770357 0.17795412075884923 0.0 0.0 0.0 4.0
142 -0.004684697907349711 0.030497448874694078 0.018441505708400197 -0.0021625431168144083 0.027176263017412383 0.02102528762663547 -0.0005769174179578451 0.02765248844330581 0.021508382281375082 0.19982100018341195 0.14387878355586184 0.0 0.0 0.0 4.0
454 0.027888548648349998 0.028145288642939192 0.0290531333461721 0.018700544642044292 0.025044974256640762 0.016896160565483598 0.02094499073634326 0.02467793627944115 0.02029933838100395 0.15472749470361397 0.14032706416919902 0.0 0.0 0.0 5.0
17 0.008691875723802367 0.023385001240767256 0.0030014151325774563 0.002539869976874609 0.022844687614587134 0.0053128702982756515 0.0012486271335740984 0.021993581957971964 0.004036598376651712 0.15952404616864607 0.155695602345964 0.0 0.0 0.0 4.0
269 -0.003655493198864157 -0.015393136243494698 -0.0070581523456692 -0.0027473274692977334 -0.018058259609494587 -0.008621044411824097 -0.002860069825434408 -0.01728717476653341 -0.009989925778136843 0.13256265233958717 0.1180127584084307 0.0 0.0 0.0 4.0
206 -0.019559619152918595 -0.07790950534615781 -0.0327127631566585 -0.013913365852874282 -0.07017215255968745 -0.035889292457049415 -0.009377007035377805 -0.07342338473214893 -0.0383069634905947 0.16405703569475807 0.13478248737312845 0.0 0.0 0.0 4.0
331 0.03194877846330635 0.030910665835487627 0.0504422612993245 0.030294682231781556 0.03429036887662984 0.03944413598028329 0.02997288110408003 0.032534193630955555 0.04121763279167756 0.18241103895678704 0.16915079508306477 0.0 0.0 0.0 4.0
80 0.0026824071215418854 0.011545266209540994 0.02332936453034473 0.008899491891600109 0.021442126246038473 0.030358520737600703 0.007931968913656773 0.018502095516600203 0.027795055635506216 0.1558137183358619 0.1316638859734982 0.0 0.0 0.0 3.0
143 -0.040324154728655914 0.012123619117089923 -0.018391383941621875 -0.04141426135233084 0.018638234444589452 -0.021745788995621407 -0.037315902281570446 0.017177234727561164 -0.017627113810508188 0.1496771541487484 0.14113638834666634 0.0 0.0 0.0 4.0
395 0.008837596512695 0.01715857230187856 0.045950717907958794 0.03509097909773451 0.03489525539726346 0.0639567723081762 0.032342227988875205 0.03194178879512255 0.06421099403932673 0.10382275470223816 0.12113805570373579 0.0 0.0 0.0 5.0
18 -0.03832033113173583 0.013375823439191858 -0.019373148260836803 -0.03949421718163049 0.017171253651161456 -0.011953001907544558 -0.03942841176648315 0.015868932706451844 -0.013516941462934584 0.17913045249441084 0.1825017254538362 0.0 0.0 0.0 4.0
270 -0.0231400431231783 -0.025236073172959617 0.00878504401617719 -0.022824917290358182 -0.022419838763165445 0.00979753977012865 -0.024615351331673474 -0.019456806801774973 0.00785437184924187 0.16798944272284974 0.16920923704728533 0.0 0.0 0.0 4.0
332 -0.01060604753876404 0.01140123182749142 -0.0009296124171463971 -0.01335719737910479 0.009255855679061842 0.00020283606763604745 -0.012848521729026618 0.011821968755809431 0.003330808657374451 0.20657779116119712 0.17209480354891238 0.0 0.0 0.0 4.0
455 -0.013958188650402548 -0.012299677124598563 0.002416465190528072 -0.048534853419147206 -0.017483823606634807 -0.025855837553920957 -0.036039748246291414 -0.010791327980444021 -0.00844558234857129 0.15503607154692273 0.14305522736860152 0.0 0.0 0.0 4.0
207 0.010380768297249654 -0.02365807362718808 0.027271355251215157 0.006111694769966647 -0.018575686162003335 0.023087964090331203 0.0030533543447830436 -0.01764640295961617 0.020793813407196327 0.15205147721797146 0.16681092235322506 0.0 0.0 0.0 4.0
144 0.0030202312290175115 0.029435792373107228 0.006505217179394229 0.0017886498750092628 0.034216955940540306 0.015262283720093306 0.005983640161715487 0.02679496943563353 0.016150051034471424 0.1459398152102317 0.14004871935776497 0.0 0.0 0.0 4.0
396 -0.026224829743083267 -0.021073553372406795 -0.031146493077722215 -0.024863986701690766 -0.018709829377952403 -0.028255357390595703 -0.022604667178666715 -0.01612205095209096 -0.025601710404035027 0.18591393292423253 0.17405933278821684 0.0 0.0 0.0 4.0
81 -0.0492578073525185 -0.08529373157369557 -0.07645995418555895 -0.07741134122320359 -0.07824484847882507 -0.10454630224317785 -0.06873996843210761 -0.0691785424526582 -0.09830244595985016 0.1405698948968005 0.12714811740623452 0.0 0.0 0.0 6.0
19 0.006656645029228914 -0.03181688266783633 0.008059158690131074 0.002036170846429375 -0.036172073154300044 0.010196565536343627 0.00126086204398268 -0.036131160434830445 0.007772796115499192 0.15675880505414574 0.11231837188246586 0.0 0.0 0.0 4.0
456 0.04866705529004611 -0.01856084389661461 0.025530480811036815 0.036314736756116295 -0.014281173291959215 0.021607422876774862 0.03943413409568808 -0.01275496294749523 0.02191259946033597 0.15639350921612005 0.15346931240554024 0.0 0.0 0.0 4.0
333 0.01991966181453031 -0.012385061685556864 -0.021780877140494925 0.0320160511032932 -0.004804614335162882 -0.016248202354535612 0.03169974185438429 -0.005862458144786031 -0.014202478817268549 0.1711166864187025 0.1947019747469998 0.0 0.0 0.0 4.0
271 -0.06687108341382442 -0.04347722162689438 -0.042102406020648075 -0.05736698611536384 -0.038814722672974256 -0.04641021091120989 -0.06016362598267422 -0.03805122306690456 -0.046775545741125746 0.1736332521109498 0.14033507277948945 0.0 0.0 0.0 4.0
208 0.0005780007352056415 0.05853663443238588 0.038917318276568524 -0.004224516689724012 0.051283737742510827 0.05002999450622836 -0.007134701586704595 0.04058834262036193 0.03952814835674756 0.15560510296947339 0.16964933100956014 0.0 0.0 0.0 4.0
145 0.034447300320450625 0.016108451609355257 0.04666470488551688 0.03522870293906677 0.01664889189043861 0.05008590236901633 0.03639099240460486 0.018110628711666132 0.05043537041704926 0.14011643461762688 0.14089162618782744 0.0 0.0 0.0 4.0
82 0.025526106631317047 0.02747285541858857 -0.008188493891786996 0.02167135551584143 0.02972144590264758 0.007912934960111917 0.018117189654512034 0.025033876040857495 0.006166721346552162 0.16819818133483905 0.14989187901684764 0.0 0.0 0.0 5.0
334 -0.012865936267028255 -0.026225327785065256 0.01205166674180913 -0.01252471018625645 -0.03569109843338514 0.005867726646990423 -0.012969919558442622 -0.03472726895022504 0.005574519170485237 0.145042702692223 0.13694738608303977 0.0 0.0 0.0 4.0
20 0.010907311750184112 -0.01421033263911109 0.013398620956559748 0.007161731656821546 -0.013801081694215789 0.016360632406039022 0.007125650906165681 -0.01403872678097029 0.0185285393739838 0.15847268500220563 0.14628805967451733 0.0 0.0 0.0 4.0
397 0.007254573660604446 0.010126729465661954 0.010850020856917553 -0.03299138169406013 0.0024494613698096135 -0.024554604758669885 -0.019301858346057132 0.0007773595846192194 -0.008373981308615441 0.12227894083035931 0.11001405364048292 0.0 0.0 0.0 5.0
209 0.016842862144258675 -0.01591823608398768 0.0026154082859286554 0.0196178256820585 -0.013718052619863919 0.0018058765958355316 0.018955232921184617 -0.01580520823552556 -0.0011927312612809438 0.15545837302189974 0.14682007179637205 0.0 0.0 0.0 3.0
272 0.030958056675760792 0.004062249274118246 -0.020225137596962872 0.025420086356159777 0.004659226095017344 -0.021114281705849502 0.019971288431840595 0.006564471905923686 -0.019277228808744717 0.17145457726560345 0.15439991784068274 0.0 0.0 0.0 4.0
457 -0.007680597390731236 0.01436264694716094 0.010659255484303909 -0.0004863521473228438 0.03677148718471357 0.0460588198016747 0.0033400274242847416 0.04375057576629837 0.052757819688381336 0.13261750077690926 0.09780351772834255 0.0 0.0 0.0 5.0
146 -0.005603209403061915 0.004299771542686459 -0.005951119045686681 -0.0030548592702416277 0.006396812201833413 -0.0052235250592679305 -0.0031719514718880903 0.008343346938063378 -0.0030202272886188375 0.12905345593688047 0.11530074073518053 0.0 0.0 0.0 4.0
83 -0.006262943833766466 -0.00572822749366142 -0.004746386956115511 -0.008903644915302156 0.0007986437811662306 -0.004280975462954251 -0.00803581024464517 0.0023519959639624055 -0.003104860083182115 0.1290152586002736 0.12847285065849304 0.0 0.0 0.0 4.0
398 -0.017742779739998826 -0.019388500399429298 -0.01311487454095972 -0.016712843629441476 -0.02337441784598282 -0.018501903542970655 -0.015432109213264655 -0.020756032800424484 -0.01827316345294605 0.15320568190084488 0.1456906212469045 0.0 0.0 0.0 4.0
335 -0.023960395980026084 -0.0574911556430211 -0.017990947657104184 -0.03046062458837384 -0.053790972713951835 -0.012551422891902364 -0.03162359089887168 -0.05619922438988256 -0.011679764226680267 0.1562910341965607 0.12416541320844855 0.0 0.0 0.0 4.0
210 0.010963710021934192 0.01813846248323081 0.01643731230779344 0.004723061695614206 0.015178174869018957 0.010289960837688739 0.006513309747103069 0.014748717332473404 0.011849139639725115 0.13868537970960326 0.13001919098744696 0.0 0.0 0.0 4.0
458 -0.0203257968604883 0.007670852527803973 0.004478689938219205 -0.020089241924614254 0.001594634102034087 -0.010240097064664444 -0.019081295606349857 0.001742509325081576 -0.006316381899175494 0.1639158892499699 0.1532273778390602 0.0 0.0 0.0 4.0
21 -0.05240525881668989 -0.07191966501279656 -0.12703152127351203 -0.04247831597055696 -0.09956965948461882 -0.12151444515842957 -0.03421935539426424 -0.07879438066411981 -0.11766395843737043 0.15749710388679095 0.164571397307292 0.0 0.0 0.0 5.0
147 0.006723783928161309 0.01283495599009754 0.0048035465196443194 0.007954552020714045 0.011256595933915037 0.005500336487351154 0.007483055519581061 0.011491302904250933 0.0050243980368527286 0.12078098551958825 0.1269269331284628 0.0 0.0 0.0 4.0
273 0.020703426068793718 0.13829579320801666 0.1564138807147244 -0.0021403071912575733 0.12159823882663057 0.16040292445948157 -0.002218724976489117 0.11728301829695131 0.15481802343204976 0.19206410496616078 0.18964807628677663 0.0 0.0 0.0 5.0
84 0.010537558569834182 -0.03216313847586827 0.009868812534330251 0.010037840377272733 -0.03182045471158712 0.008030430007762268 0.009930668612373239 -0.03178065699619603 0.008419323319127425 0.17726813055948887 0.18356451390920026 0.0 0.0 0.0 3.0
399 -0.02148330278880084 0.03604326874937769 0.003233697384752876 -0.021884109854680367 0.04005168674866266 0.011676228310974368 -0.022211194832242098 0.04089423208416365 0.01084626583045667 0.13565380527734686 0.10003986999948142 0.0 0.0 0.0 4.0
211 -0.003894266443842387 -0.0011752073908878335 0.02648565305951056 -0.0042413498159865615 -0.008813984432598954 0.018967273716083755 -0.006308868285493152 -0.008609712004053027 0.018099608498512998 0.1744260908641691 0.1483371250351125 0.0 0.0 0.0 4.0
336 -0.030228980509342862 -0.016217537794931514 0.0011983890897260263 -0.025110231240032976 -0.015964493408409997 0.0024554503876430545 -0.031288869431610244 -0.0191432374052376 -0.004830686109916216 0.1450489802383037 0.12268250865990168 0.0 0.0 0.0 4.0
22 -0.015124700839640903 -0.025283786927395635 -0.019226548427004553 -0.01444043699138331 -0.02286785486535381 -0.014386671992719813 -0.01552038045907489 -0.02323145958552908 -0.015101638562688535 0.15695366134070454 0.14685736321772305 0.0 0.0 0.0 4.0
148 0.021442039464180773 0.019003170181598694 0.02747667155622069 0.011484573412819499 -0.004717165433215653 0.015752572107256002 0.012868211017596609 -0.0020087953483501897 0.018847521125633815 0.13138395116939733 0.12969678372478316 0.0 0.0 0.0 4.0
274 -0.022284657171646294 -0.04235229754542125 -0.0469898784639593 -0.028245936118615478 -0.03438071026747602 -0.03871944466904931 -0.029906509915186064 -0.03834227357416431 -0.040731853176050103 0.17914590900586289 0.17183636107170203 0.0 0.0 0.0 4.0
459 -0.0009042807520562857 0.04546129983299463 0.035058155034975114 0.004285606757182814 0.03973456002496012 0.044855208315607076 0.01094775422030314 0.04149345679516703 0.04401575614236619 0.13831950638301643 0.1093418350845844 0.0 0.0 0.0 5.0
85 -0.015264021895421864 -0.006917692962101207 0.0008607083987077768 -0.018262463968104936 -0.005373770094126207 -0.0020208491396005446 -0.01859765421284232 -0.0046216118100349535 -0.00020638002984052495 0.15319855758027423 0.16575351698854487 0.0 0.0 0.0 4.0
400 -0.00270215206455382 0.04978420099012726 0.0054119026416878935 -0.000905876471017808 0.024987168819579075 0.0010390281192791395 0.0035646379349130175 0.03296496798004278 0.0047327786005593175 0.1600137857339112 0.17037253173361724 0.0 0.0 0.0 4.0
212 -0.07170738839456248 -0.01740762609807056 -0.02392290863902702 -0.0690220197409237 -0.026300241982297745 -0.024065745690752816 -0.06998258514689348 -0.02855891801259136 -0.02653692413852593 0.17704085816813808 0.14766372849936313 0.0 0.0 0.0 4.0
337 0.03800080476726775 0.05196635680484141 0.06397452212157995 0.045022317896500796 0.05927848085747378 0.06347502083992906 0.04291134793738216 0.05857279646901414 0.06275106084589699 0.13520268372155514 0.11071497800677621 0.0 0.0 0.0 4.0
23 0.028772031462301895 -0.004501254380956721 0.01793138629176605 0.024994324882065655 -0.0034314840923944656 0.019306113564627303 0.028048456595084925 -0.0008058931822926274 0.020319201396453268 0.12278846138791481 0.15572728327186902 0.0 0.0 0.0 4.0
460 -0.060490849558670234 -0.08192412158593598 -0.054418165986706346 -0.04996286772191583 -0.07780757434063179 -0.055063149037049786 -0.04979014043726149 -0.0774787916510229 -0.050886573178009376 0.15293779837866048 0.12150550020311411 0.0 0.0 0.0 4.0
86 0.0467967916412535 0.01670537697367558 0.017123970225992213 0.05055713020551633 0.01851399566826495 0.010535590722962285 0.055457946092890786 0.02035406858548816 0.010541458021013694 0.16223416236843952 0.17226103688182287 0.0 0.0 0.0 4.0
149 0.030241314811952025 -0.02977944557106671 -0.016828055871067615 0.05692477844048183 -0.01034522395546289 -0.0289709902457006 0.05835122411986715 0.00041984281073337293 -0.008751910447620248 0.1492739363971947 0.10444898637076307 0.0 0.0 0.0 5.0
275 0.11219770563321996 0.09266718856136924 0.03377055585392741 0.06700501752701671 0.042864245990537064 0.003317581347775267 0.06976750331214987 0.044183456187999015 -0.0009538948175707995 0.14468328735314687 0.1529898922523471 0.0 0.0 0.0 5.0
401 0.007956537083017023 0.03424696635273783 0.004121042836869204 0.013422539735343575 0.04891424776369613 0.019747910435205185 0.004972097681550824 0.04047595020166517 0.016855668933871915 0.14876154154476054 0.1709117842905488 0.0 0.0 0.0 4.0
24 0.0005029500512494511 0.0013594202962596835 -0.01257934234890501 -0.003771413867038609 -0.004212473410953543 -0.012883001588340881 -0.002624406201009899 -0.0012343148466517073 -0.012176944326718009 0.1417409484158508 0.12719348608640665 0.0 0.0 0.0 4.0
213 -0.011552846322714139 -0.005443883470787392 0.0007664979541439632 -0.012337005293118208 -0.006716774436312134 3.52197664106324e-5 -0.01009939698420581 -0.005237829079817846 0.0012354907010729832 0.15121614940302924 0.144501453381682 0.0 0.0 0.0 5.0
338 0.07400583908992764 0.02810153964089923 -0.025224549168178623 0.07254994524128944 0.022463119648697516 -0.031681030743244576 0.06507596074939426 0.024220620114092206 -0.04138473682099808 0.15245486480858844 0.2255944850724816 0.0 0.0 0.0 5.0
461 -0.06712466956167285 0.0007505048955958049 -0.022304768213176618 -0.04951428917528422 0.016645211208653476 -0.006304282466712441 -0.0459502547239623 0.0073728423402577015 -0.006440220511388262 0.16200947518448075 0.14499310342700505 0.0 0.0 0.0 4.0
87 0.03408034063734333 -0.040128197689270007 -0.021328315027410283 0.031005354688218523 -0.03995984615563142 -0.020608346798478006 0.032863453210220106 -0.04087320822789553 -0.019813481990330728 0.12130771162361675 0.12112141911557436 0.0 0.0 0.0 4.0
276 0.033182571112391424 0.020005403868562865 0.007008564219657343 0.03460445415881863 0.025222062060290984 0.005948670941718914 0.031965482176468996 0.02245620681372862 0.005973548252057537 0.16320633325906153 0.13492144016784957 0.0 0.0 0.0 4.0
402 0.08192924597958573 0.05310127831247513 0.03122979598343556 0.0787408507345988 0.0523056877781376 0.032169913247220405 0.07630096025085242 0.05209429096035967 0.030938698000499754 0.15119713349699188 0.16467581704984982 0.0 0.0 0.0 4.0
150 -0.06042378419639227 -0.08216783413418727 -0.08049663243552496 -0.005359535974383434 -0.0405904846392493 -0.047994862339693634 -0.003461012951570641 -0.03640618100045456 -0.0402328008035141 0.12545059996245955 0.14089045298438468 0.0 0.0 0.0 6.0
25 -0.00753162829656584 0.026395603548537983 0.010729056342668075 -0.011773539142440281 0.022740773312736273 0.007570053039017255 -0.010763531778596014 0.020726292997211626 0.008187299045262275 0.16870166453866747 0.18611367282401173 0.0 0.0 0.0 3.0
214 -0.03723032566979134 -0.04881427355648582 -0.018138348935118453 -0.030664796253367932 -0.04582260965404328 -0.005554262021068457 -0.032181269168509274 -0.04270494642363165 -0.0030490371653855153 0.18883379605490574 0.1762984364893745 0.0 0.0 0.0 4.0
339 -0.024670156959179845 -0.07199695109411242 -0.06312262131401136 -0.014189219656908336 -0.06174808440812585 -0.055346382473260736 -0.018440198160286858 -0.06603328696939792 -0.0534924185897927 0.15310608023971614 0.18210449960564515 0.0 0.0 0.0 3.0
88 0.00713085361764576 0.005356979608940771 0.009239333753935819 0.010514388264829089 0.011525942638451303 0.023332299874994078 0.011285149138954731 0.007565830276616392 0.023572116014968003 0.14774571181026092 0.12184283965615009 0.0 0.0 0.0 4.0
462 -0.012692083924760178 -0.03448469320107772 -0.037116559839067476 -0.01128200759005793 -0.030051695552922975 -0.034534761743292286 -0.013781035990692692 -0.03157891758747289 -0.035227546715032476 0.19270828479335425 0.18679697248734412 0.0 0.0 0.0 4.0
277 -0.09291094778232789 -0.009076984386342968 0.04961980104153252 -0.10782826811334967 -0.02807238185391958 0.02552910523724683 -0.10654313808787774 -0.033396325358848955 0.022665161378161658 0.14400649643384505 0.14209520934328357 0.0 0.0 0.0 4.0
403 -0.01633733164980211 -0.032426968922526944 0.03041176182499572 -0.015472976401533 -0.027939453792633295 0.022784926600718958 -0.010620097825423613 -0.026323341925560628 0.02503969360205116 0.1494885928428426 0.14456466744603114 0.0 0.0 0.0 4.0
151 -0.011852607512789382 -0.015684646064000884 0.005885342429157836 -0.010971275575513917 -0.017599441558690865 -0.0010919414990201437 -0.009315449296215528 -0.01571362957328226 0.00155737984666926 0.17538635797401553 0.13205048251061066 0.0 0.0 0.0 3.0
215 0.018858211228493404 -0.021307038640437925 -0.03401116914338154 0.010375047646507207 -0.030254516352473226 -0.03903384519638453 0.010861202687000526 -0.02992952141887739 -0.03594130544965102 0.16672740700080527 0.14332044794823562 0.0 0.0 0.0 4.0
26 0.0035610807874251194 -0.059064755498844934 -0.025438368095106356 0.01823702833193841 -0.04749739797017272 -0.01775006157175374 0.027573925895947315 -0.035998638343690104 -0.008533527673849295 0.2052909894438419 0.17892179286554707 0.0 0.0 0.0 5.0
340 -0.005544275977313329 -0.015852514106923787 0.0005010618436598335 -0.0016348327981269284 -0.014782518352468244 0.0032812426631341207 -0.0032139333740413 -0.014410382114484088 0.004454154126708687 0.16700924130773442 0.1968842670999978 0.0 0.0 0.0 5.0
89 0.0023833530225110255 -0.009328791154543548 0.016766760409850034 0.002692381028805757 -0.007234688831615599 0.01932192640161734 0.0012472013769160295 -0.008249759358514686 0.018690211364921883 0.18819959672784914 0.17337200158839114 0.0 0.0 0.0 4.0
463 -0.046342917656666205 -0.0030279177555899706 0.020566412516305865 -0.03919125623220532 -0.005762357667381202 0.01895601228154664 -0.03701555588409988 -0.005599547500002022 0.013274747705662282 0.14368761045545303 0.14628400760192634 0.0 0.0 0.0 4.0
278 -0.0007330084489923783 0.015652544668903978 0.0003651924446452792 -0.0030534461422051518 0.026049057044689405 0.0008238348250602101 -0.00133161766505141 0.02177328429571146 0.0007574551056266365 0.12413487389663994 0.1596175537223551 0.0 0.0 0.0 4.0
404 0.015325606014520599 -0.007542821804260358 0.00870102274326312 0.013605728505484693 -0.00611328795308641 0.016035428079253178 0.012101883380015277 -0.00739501479084459 0.010734002112437802 0.14439851496428133 0.0823785337440107 0.0 0.0 0.0 4.0
152 -0.09017559773561268 0.041151100894794235 0.022261695811461424 -0.07575027747118812 0.04999939038097834 0.015133468315221776 -0.0780149347293897 0.04093111861925003 0.01105710163468232 0.15732327148240727 0.16146350998588688 0.0 0.0 0.0 4.0
216 -0.014941103376670761 0.020076629071710927 0.02002422266827919 -0.04070821530505131 0.029586840738782483 0.018132046879685504 -0.053109556160109594 0.015209358795919892 0.009909385715320518 0.13893380522893947 0.1442194509083084 0.0 0.0 0.0 5.0
27 0.0023012386133678397 -0.008620741131941778 0.002417103701926937 0.0010822149057170272 -0.0060370396241959945 0.0001584036383577292 0.0004913090280829202 -0.007552542585872346 0.00022990727591709614 0.13560195961777155 0.14846640269382835 0.0 0.0 0.0 4.0
464 0.008405059096096235 0.0005912739937754541 0.016081037012894983 0.004402772164161739 -0.0041742872821634025 0.009274171868673298 -0.0010042382837180952 -0.009231623238035391 0.005677345164400105 0.15155063198796484 0.128740680715839 0.0 0.0 0.0 4.0
279 0.008644630230200123 0.018936541297825515 -0.009161349617776371 0.01360318537707883 0.01898528016633172 -0.0013786953825736248 0.013461829524001212 0.017371366608808003 -0.0058747078577190415 0.1406450396757672 0.14704441332598062 0.0 0.0 0.0 4.0
341 -0.018344916118654186 0.009006224980399713 0.030754786734331185 -0.016530134299248544 -0.0003151352403519825 0.016438399518533098 -0.028514309378875557 -0.0111193479127486 0.018883973370277918 0.1757714603220831 0.17150751694920852 0.0 0.0 0.0 5.0
405 -0.029427463777432106 0.006064380978396677 -0.03228361405400737 -0.018034747442875254 0.007554890777861756 -0.03965504038708556 -0.01835221112117713 0.005467211410278283 -0.03655321240473364 0.15191972294654552 0.20009883013386034 0.0 0.0 0.0 4.0
153 -0.040200130629839737 -0.0010922865717978292 -0.0027885664283462397 -0.04130409167549298 -0.005142291567521662 -0.0010224702845351707 -0.04188177575477514 -0.004414990956402631 0.0011588132867541567 0.15983677317174522 0.17623221838816094 0.0 0.0 0.0 4.0
90 -0.028136981816953788 -0.07978633193345608 -0.10879844671916361 -0.00019529614557278752 -0.05241301557595679 -0.0634421493049454 0.009172108266745527 -0.05677479378418848 -0.06684508057966976 0.14748290046165813 0.17179510036980972 0.0 0.0 0.0 5.0
465 -0.038891277462326346 -0.013160494370107134 0.009502952344272675 -0.029656671750550645 -0.01477733148765592 0.015313911832308902 -0.03146869456312329 -0.015153860321831636 0.013537101142848007 0.14441715374868522 0.14717351393779407 0.0 0.0 0.0 3.0
28 0.010078629190174437 0.007102066014364139 0.004579116573519837 0.009932739586654415 0.008999831800169833 0.007147005355726543 0.008717891881290463 0.006554545713622684 0.005303695390945551 0.1575437302652495 0.14609632496635278 0.0 0.0 0.0 5.0
406 -0.005211349481300531 -0.00929380519719214 -0.011732746370407443 -0.017615390619455717 -0.015908841065807477 -0.02511283524456276 -0.014448584816413201 -0.017960515623206774 -0.025596285628778248 0.12389521675546265 0.11288471162941892 0.0 0.0 0.0 4.0
154 0.01937070116289541 0.03572772463040641 0.07831310682054782 0.022981437619681966 0.0454934292364888 0.08291918613681792 0.020708324226786035 0.040965707611843705 0.08064308221151562 0.17703839152816553 0.16637560447560085 0.0 0.0 0.0 4.0
217 -0.1061581293549202 -0.02179169283449578 -0.01818665571567568 -0.08176133183486112 -0.02379161228443294 -0.010771610891755712 -0.07597376530645461 -0.02026638333417463 -0.011486231638738187 0.17841896252282155 0.12477913826168349 0.0 0.0 0.0 6.0
280 0.053572353520885185 0.06392462950090616 0.04951543515655876 0.04249626281157859 0.0650806441222802 0.050967712934123055 0.039802049083608626 0.06175048500283942 0.049181540974368776 0.15124142790338382 0.13080361833825374 0.0 0.0 0.0 5.0
342 0.0019177547060396094 0.011932358826214351 0.005295006853041739 0.0024024116435745757 0.02146952209029762 0.013706704805674264 0.002447184747918607 0.019990335839834783 0.009498346786379841 0.17494598194975944 0.19530281241136782 0.0 0.0 0.0 5.0
91 -0.009353154960393573 -0.02663092949559054 -0.00035618596858510987 -0.014991350011601012 -0.033137461601727036 0.0005843692589186933 -0.016826322234606228 -0.03517064462452413 -0.0031407642655240098 0.1478727042860672 0.13338954344812504 0.0 0.0 0.0 4.0
466 0.14131493675609774 0.05808141099228337 0.023768525117864536 0.1351084074279305 0.06530418546181282 0.04104726587160634 0.1306886689173763 0.06579803763565772 0.03523688258373925 0.133186985358307 0.14387380027810814 0.0 0.0 0.0 4.0
29 0.0036048893379345692 0.01868341813575891 -0.03213086357296324 0.006469652575787244 0.019904974879951576 -0.028773278799105628 0.0036353895357608135 0.020506205515347098 -0.02806090188889454 0.16876244776685262 0.16249658323850086 0.0 0.0 0.0 4.0
407 -0.054655147130435955 -0.05379525775793992 -0.030477228919050137 -0.04801787824664194 -0.03677203884952629 -0.019361137302623344 -0.04411767282886847 -0.0356736444494854 -0.014810111971177431 0.14505292366471922 0.1413078736795155 0.0 0.0 0.0 4.0
218 -0.02951306961271216 -0.028182234062316347 -0.01520398837833703 -0.020102349506022077 -0.0333691441520193 -0.02508712205450714 -0.02178100585587639 -0.029612129214878657 -0.02054960394213967 0.15030887244684585 0.1385180986382498 0.0 0.0 0.0 4.0
155 -0.012793757878486911 -0.026018568282644594 -0.03340142336621854 -0.010476185112792136 -0.01982002762570323 -0.03128930194978552 -0.01369079093811576 -0.019000921469427667 -0.03258229131327839 0.1578956067085124 0.17294584186331638 0.0 0.0 0.0 4.0
281 0.0009165940541167039 0.01180294306340568 0.00804563537345504 -0.00468016688377626 0.016280440382519856 0.013470339494172201 -0.0013828554792483239 0.019057137505100963 0.01289514879155318 0.16098163682705746 0.1506092943516439 0.0 0.0 0.0 4.0
343 -0.00030997963975631926 -0.014938848123835391 0.02864615978453533 -0.0023057846418984562 -0.019787276953928568 0.020685958839838037 -0.002887406778509738 -0.019155677632226364 0.021457511368123683 0.16528435117320864 0.14820824027226945 0.0 0.0 0.0 4.0
92 0.08489302282359534 0.027204578736857554 0.0037748469957197273 0.08051558456775143 0.039389257042969694 0.005148156217485322 0.07837550183927622 0.037176894997571486 0.00047082858308722386 0.18833959974911518 0.19145228992690666 0.0 0.0 0.0 5.0
30 0.03152151350813792 -0.005160671907904035 0.0026821900967830548 0.03445472840225361 -0.0032080230297604206 0.0052407471444695375 0.034412411382779284 -0.003230622092231017 0.005390160658508059 0.151378781927886 0.12503650595718135 0.0 0.0 0.0 3.0
467 0.003833461485700518 -0.025949182646222035 -0.001593168525191646 0.00530464279017373 -0.022686390550935798 0.010954996219489699 0.008158604225803279 -0.024359907086397348 0.012447279055188165 0.17439636030035252 0.14875627081931703 0.0 0.0 0.0 4.0
219 0.030072906863397364 0.014002730620893633 0.035892386550489874 0.037233879318785634 0.022828187813505263 0.04020031652795808 0.03762908749787597 0.02142528625747797 0.03980279368207862 0.16866862506709437 0.11425674213238572 0.0 0.0 0.0 4.0
408 0.06652372795073735 -0.02377295902601606 0.06662038808166026 0.03534903749324081 -0.018822961095128377 0.05962481310393963 0.04036771344416579 -0.016650690510539468 0.05968901943935889 0.16168157670750638 0.15203662257762623 0.0 0.0 0.0 5.0
282 0.04590747695703512 0.003233063679715764 -0.002939048067861605 0.044960118338243316 0.0074309275130253205 9.401570702149975e-5 0.043640135150151416 0.007481996218452913 -0.0014171892180421253 0.15816595659931643 0.17225174655604322 0.0 0.0 0.0 4.0
344 0.031106029988063 0.010269942830201995 -0.00967553085858397 0.026823429075195415 0.00772178173459781 -0.008259953479402449 0.027300896511279538 0.008378509933925748 -0.008623220410690413 0.1572038244644755 0.1569247474828177 0.0 0.0 0.0 4.0
156 -0.0550925871409389 -0.12262063280067237 -0.1339120202357188 -0.03613027939107161 -0.06506747227647802 -0.07036748299634199 -0.057429272204158166 -0.0801804716510578 -0.09979676209465249 0.1359165338467544 0.12435123526514252 0.0 0.0 0.0 6.0
468 -0.023260028957996948 -0.02605660091647133 -0.004763049542089615 -0.02502136732407212 -0.0244681608432451 -0.005330329283628199 -0.026376174207714653 -0.023607552914454155 -0.0057753977432078996 0.1675248117147535 0.14585638146183103 0.0 0.0 0.0 3.0
93 0.01372395495556833 -0.061684160502032404 -0.05743999668288102 0.021314924305434912 -0.04246777231873167 -0.03385137675166405 0.01757177877514593 -0.039649095296297565 -0.01619676316464924 0.16942635702215605 0.1296299596731782 0.0 0.0 0.0 5.0
31 -0.010009670969972073 -0.07734282345982346 -0.04338975806844014 -0.0177690241949664 -0.07501151202050782 -0.033482120219462286 -0.01764179802683641 -0.07653062724272375 -0.037717905420080244 0.16444402388532928 0.1576591260654142 0.0 0.0 0.0 5.0
220 -0.013375329603452335 -0.00047837005279893763 0.002886982645605274 -0.01141712440922893 0.00879773976268683 0.0013337598205718226 -0.011807559029575976 0.006904722229531535 0.001586896125481685 0.15932604522618463 0.15015250852420978 0.0 0.0 0.0 4.0
345 0.010474347086080638 0.030859499071182128 0.0341506830260323 0.02284448423655716 0.030610433984918473 0.03247441647063609 0.021315795004996474 0.03139371067616459 0.034016457877403816 0.15706622116771196 0.15982828585534745 0.0 0.0 0.0 3.0
409 0.006644513951116426 -0.004055776918846843 -0.018223410823222874 0.005592772444352523 -0.004497258576819485 -0.012201459957037475 0.0069691369765452205 -0.0013781032429817097 -0.007107662555974281 0.1795007650114574 0.1736008553936764 0.0 0.0 0.0 4.0
283 0.006293192910465262 0.0028906933337802254 0.0462808710980005 0.00788487936970328 -0.00897965375785148 0.04100711701175541 0.011592343717103715 -0.007464088759344456 0.042430520365182245 0.1574183091903355 0.14735065225696847 0.0 0.0 0.0 4.0
157 0.006982983892699357 0.015483605227141428 0.03401145583852294 0.013820979318983406 0.018320578956109834 0.037734694860223295 0.016698218934679376 0.018363197480482762 0.035777122358520375 0.15831755096594932 0.15668560582040397 0.0 0.0 0.0 3.0
469 0.019467748589060196 -0.022535564327190838 0.003006071073672345 0.021856022212490833 -0.012203501445900322 0.021365317469093092 0.02112836966446774 -0.009976070539039816 0.020657522889774294 0.1698054817432762 0.14346748928994418 0.0 0.0 0.0 4.0
221 -0.037770638724758165 -0.015715249417727506 -0.007110724112476485 -0.037598150249290585 -0.0065583202834647025 -0.0003889763084529152 -0.0312661371372035 0.005465023721831441 0.008367702605600824 0.14011206002464138 0.13289048622734845 0.0 0.0 0.0 3.0
32 -0.06457373183818482 -0.02032272945879443 -0.03422434779820782 -0.0633026577914414 -0.02214603817167371 -0.03625469895015965 -0.06265506862300718 -0.022301035065297903 -0.03664805612147548 0.17600946957223917 0.1686347083461447 0.0 0.0 0.0 4.0
94 -0.010987209918770113 0.04668715438101345 0.022531369351106667 -0.010966155553675083 0.05048140286201308 0.020654982715993198 -0.01183076420608642 0.050362054035249404 0.023444869084869202 0.13127953061782438 0.1386600922957269 0.0 0.0 0.0 4.0
410 0.032624690088258745 0.021627237480027484 0.04377334024065549 0.02550321196391403 0.016011602379091716 0.03625328563959074 0.027299323510677764 0.01721419231946464 0.037517752646243574 0.13848406530181365 0.13477149196115626 0.0 0.0 0.0 4.0
346 -0.03946236266900294 -0.0012957606887059603 -0.004905461774835529 -0.0338185432081578 0.0047376025846772585 -0.0007546422473296843 -0.03474185631505422 0.003357858271844316 -0.001233030626910936 0.13110709795801334 0.13224882224258264 0.0 0.0 0.0 4.0
284 -0.005564068714941084 0.007525325377495395 -0.020466057345668864 -0.01887161697095996 0.005266830647252085 -0.04621337027178851 -0.02033155303190226 -0.00011366899388320917 -0.04132103964356437 0.17004318506188162 0.15870842455731507 0.0 0.0 0.0 4.0
158 0.03642645061318239 0.020825718447171848 0.012972699207746352 0.0315049867851569 0.021173851792438247 0.007500601797459927 0.032171626313531876 0.023417391631669338 0.0073347893424375865 0.1610327648915176 0.14041347230615608 0.0 0.0 0.0 4.0
470 0.015529401638052054 -0.007529138662365931 -0.0006901524503660772 0.012986923048940557 -0.00885079706341485 -0.0013565760445188868 0.012761688062534082 -0.0072848059284359445 -0.0018246053186722344 0.15234135476649585 0.20122703042039616 0.0 0.0 0.0 4.0
347 -0.0010594712415497032 0.010648382639973697 0.005668221215914482 -0.006418926651688084 0.009286377632971687 0.0011776678060244627 -0.009402661242579269 0.006583650601431845 -0.00015465113709700606 0.16756409181434898 0.16920414720345064 0.0 0.0 0.0 4.0
222 0.05434685148161922 -0.023987698892696363 -0.005228306454009846 0.05177725192909732 -0.03082711037871666 -0.001809151798785491 0.05558317310157124 -0.015975675588496774 0.003020675573697007 0.135378748546924 0.18271270074894086 0.0 0.0 0.0 4.0
95 0.028495647981271688 0.010032230860040015 -0.0023687869017036123 0.022319151297717887 0.010364866703245657 -0.0005864043580181555 0.024912475857605143 0.014821989512427969 0.008661806864732613 0.11510984064579838 0.11990903322462891 0.0 0.0 0.0 4.0
33 -0.006352993629221815 -0.0038645007107674934 -0.001536846786308499 -0.009747606748137017 -0.02669113443096527 -0.033357494874057925 -0.012661057146643007 -0.030140586494944 -0.02900761340021185 0.1782415515032773 0.18582974523057105 0.0 0.0 0.0 4.0
411 0.09850554039390147 0.12020301579567083 0.15704456791115673 0.12369371695761977 0.1285317624973985 0.1521798703644055 0.13099846385296643 0.12317571345578271 0.13975762544550263 0.14638745392730143 0.13941905003153557 0.0 0.0 0.0 5.0
285 -0.02879907815954519 -0.039985739106339624 -0.04061170240372214 -0.018328753247104146 -0.0391613691453111 -0.05000143002036339 -0.009154319760049434 -0.03679777291924269 -0.040371138708545806 0.1610484686449923 0.1438835763213754 0.0 0.0 0.0 5.0
159 -0.04157244597877097 0.029589691765137927 0.05593914879105588 -0.05155669472769531 0.01223706186479756 0.026723181080136493 -0.03699759521005541 0.02153348009479883 0.025939245806879896 0.15021912638706258 0.155955785035108 0.0 0.0 0.0 5.0
348 -0.013031080361014191 -0.0076042975223017395 -0.007235506149817494 -0.007638804790554232 -0.008296500588278466 -0.005638374440090077 -0.008154672816517827 -0.0106887281177801 -0.008623374409160278 0.1668879046263623 0.1517593958879575 0.0 0.0 0.0 3.0
223 0.012715047705280424 0.03204448430469209 0.03353472458139417 0.01052241707759971 0.02657460799197131 0.03839450968917024 0.00810650700713711 0.027830290822890236 0.03718805005524173 0.1589486213474519 0.1552437135268419 0.0 0.0 0.0 4.0
34 -0.054633714973466585 0.007993157703995113 -0.045301242389680696 -0.03803609314922285 0.016225653773440873 -0.04331043852655303 -0.03418729377235519 0.010738520877662028 -0.04271258316905113 0.157188415698732 0.1570737762734656 0.0 0.0 0.0 4.0
412 0.021910460231345574 0.05871841109371312 0.012997906646352142 0.024896373539814 0.06021618183720001 0.01730324012878648 0.021231152302772838 0.061230267000663696 0.017496790184132527 0.1743022980012288 0.14883996383023956 0.0 0.0 0.0 3.0
471 0.03266778708525009 -0.05718211305268295 -0.02483414073668133 0.06389601235767284 -0.03195906859173214 0.03821279580419579 0.04858244278872337 -0.03469439676531472 0.04453886398267892 0.13118900054435295 0.14162734681085323 0.0 0.0 0.0 6.0
286 0.02331726921890742 -0.06778739018883817 -0.003468827501152072 0.008982123076759052 -0.07050022070005457 -0.009525982962847457 0.006715330768019223 -0.07719611795762205 -0.012670767130287364 0.1614484065005923 0.18652376429191309 0.0 0.0 0.0 4.0
160 -0.04805175279527141 -0.01118933600505534 -0.00927682510910588 -0.044802176810286864 -0.019664328893591487 -0.012775127577385081 -0.044596101306746516 -0.01889874956677695 -0.013146075510616195 0.15393331170272798 0.11567331476739062 0.0 0.0 0.0 3.0
96 0.03639065567918576 0.09058897235692931 0.0088848766166707 0.047186849139184917 0.04519642143495051 -0.006861742584872044 0.04811492750114699 0.029205441208094873 -0.003376281855713592 0.16983917307692234 0.18311054155127943 0.0 0.0 0.0 6.0
349 -0.013374657226195685 -0.022434125597307064 -0.023175845020177555 -0.013052869596859584 -0.02525498142762317 -0.019051442964643117 -0.011730482619679794 -0.0256557325734873 -0.017886207513938324 0.186944871317539 0.2030247095514867 0.0 0.0 0.0 4.0
224 -0.05329270402642283 0.014210837746908123 -0.06604430614527268 -0.06658065246335954 0.0005949865033887392 -0.06587864202727711 -0.06565992451143232 0.0009732844216412406 -0.07132615708252421 0.1576035752669383 0.14853646844110638 0.0 0.0 0.0 4.0
413 0.07137082193252042 0.020316308269063388 0.07461301725402891 0.052193054532108096 -0.0012113192478834245 0.05852930972214043 0.04940201368940622 -0.004963565040365214 0.05378140913974727 0.16235886550021297 0.14569805159549803 0.0 0.0 0.0 4.0
287 -0.008451862161605872 -0.017404910958202735 0.007194457844242219 -0.006303823313779766 -0.017873674886165314 0.0037799363856185764 -0.006537426079762043 -0.01740989837661111 0.0046169678754965915 0.20088111840527526 0.19868069418642703 0.0 0.0 0.0 3.0
472 0.015177445893586272 0.018533356693660297 0.025858406771562592 0.01706341706568404 0.03115847942615746 0.01940331245472504 0.016949152244408072 0.029359433048603112 0.022912009556410817 0.17288661415954767 0.19526159550421932 0.0 0.0 0.0 4.0
97 0.0024141346925650176 -0.01959095073974393 -0.012207626856769904 0.0004504877353743719 -0.020166080436549993 -0.01642864813712397 5.651483841861982e-5 -0.02330048739316115 -0.01812539968638438 0.152806178761809 0.14541060585106463 0.0 0.0 0.0 4.0
35 0.0029827673862916626 -0.006452573304786324 0.017004968401796994 0.013523222703869964 0.016121834350740105 -0.009278000705136624 -0.006261337766145458 -0.030057072804827167 -0.028053061756670328 0.122285764340935 0.09833801160415179 0.0 0.0 0.0 7.0
161 -0.008454779539994406 0.05097972927501582 0.06303290389513805 -0.017406059399472484 0.04058710861307846 0.06359632256198355 -0.03887256388569316 0.02836696138653827 0.07200314551691989 0.16628899202377523 0.17680199922447262 0.0 0.0 0.0 6.0
225 0.019115707384389058 -0.006650171722046072 0.01980992924920799 0.019853661874203343 -0.010057479470169661 0.01989987098652013 0.02033762298147268 -0.010189127483751226 0.019344707882757328 0.19024219060349315 0.17703979539240372 0.0 0.0 0.0 4.0
414 -0.05059580164909194 -0.016379425784612822 -0.10203223534561012 -0.03976042173820049 -0.007222295613305452 -0.09460042358971898 -0.03836620598035756 -0.003275614953306638 -0.0957938780743266 0.13926658305237846 0.12036079355512873 0.0 0.0 0.0 4.0
288 0.011267992311163821 0.021714014029627027 -0.04856839283323933 0.023942865233330002 0.014186112693597375 -0.051997006814489155 0.02762838849763427 0.010391737771395348 -0.053003252289702596 0.137054393895021 0.2082347241508072 0.0 0.0 0.0 4.0
350 -0.059383234719387334 -0.08063343795087297 0.0923184704211153 -0.08504207025034682 -0.11018440894446813 0.04503082149749149 -0.11772086036056206 -0.13474262707616735 0.043370798570131486 0.13270434558817693 0.15151026040528126 0.0 0.0 0.0 7.0
473 -0.025223207238373346 0.046067435206678775 0.005025663006398284 -0.022938035694777148 0.051120927774045866 0.0018996249604612547 -0.02489368161176686 0.05779581235329467 -0.0009548451986062245 0.16475773220097145 0.1552296102665562 0.0 0.0 0.0 5.0
98 0.03249417599645521 -0.02140117606363201 -0.0187040577822154 0.03733110633890613 -0.02259724438995192 -0.026297440942871897 0.04533254159552702 -0.021963001934720228 -0.022364045161713753 0.15736189603588444 0.15357821350190876 0.0 0.0 0.0 4.0
36 0.04753649051799935 -0.005732136410312227 -0.029967785537291514 0.026043351854752483 -0.005928563611165005 -0.028646783394561393 0.019772282898343985 0.0008770291424924359 -0.019467993039970155 0.13299941497695847 0.13618658386498222 0.0 0.0 0.0 4.0
162 -0.01997220041044434 -0.014752130270638708 -0.02981634818891843 -0.021380715112058968 -0.016973152683764425 -0.034511283947511684 -0.02031963718052321 -0.01603221608337302 -0.0323274820622208 0.15147187995699687 0.15679251738655559 0.0 0.0 0.0 3.0
226 -0.051568502391875826 -0.01167463479982589 0.018686984732258827 -0.02359999738366314 0.01872254187634481 0.03249931799228989 -0.027601978027675167 0.015375343727516588 0.03261953644178561 0.12671195956593817 0.1207203709684746 0.0 0.0 0.0 5.0
415 -0.027568240611001493 -0.024223252113998117 -0.04906025447404594 -0.021614099797630737 -0.01981967795615558 -0.04341839711157913 -0.018218171730080224 -0.01906407170337332 -0.04054621190275709 0.15321762184266294 0.13663156830243312 0.0 0.0 0.0 4.0
289 0.017489926807876532 0.02407635679995468 0.025966603269055533 0.015268226439320243 0.020134911491731744 0.0172741357454671 0.013245217624234584 0.016778469645748917 0.012106714845836475 0.15110208240850026 0.16181444092133418 0.0 0.0 0.0 4.0
99 0.0147172267772131 -0.04593140415121366 -0.04714427189153503 0.013533144298341293 -0.04582910222791525 -0.04344657747998748 0.013410787889856612 -0.04515534587816594 -0.04460002004118191 0.1603740876770696 0.1666518014482984 0.0 0.0 0.0 3.0
474 0.022301587787911803 -0.0062879323789448716 0.0038534933741358746 0.006758340895433923 -0.02437813326345395 0.0061601666571100555 0.005703697328177659 -0.02326120176478419 0.005021257952062097 0.14246184171758702 0.1598525686842495 0.0 0.0 0.0 4.0
351 -0.005677059530883377 0.0509153514728069 -0.06078996310425877 -0.01087464425819129 0.07123718968653514 -0.024881246348236075 -0.004960566184556425 0.06057955145130167 -0.023668943652409347 0.17722350950109755 0.1736083231674782 0.0 0.0 0.0 5.0
37 0.045566138248785526 0.030092429579877455 0.05417038609585978 0.04205286646023931 0.03040878410060266 0.05296990046703165 0.041529708841261836 0.03054175224072231 0.05533983663123321 0.13268092489288366 0.13683012027960068 0.0 0.0 0.0 4.0
163 0.006409968131217525 0.012719817967084435 0.019171759105595765 -0.002615737109484373 0.0016252096779827419 0.010989631339886285 -0.0011857814488559493 0.0025569406992569377 0.012743715250286503 0.14939013314825073 0.1406908794761924 0.0 0.0 0.0 4.0
227 0.0008645539129277235 0.005223310032854034 -0.006376626049021672 0.0033694028911332996 0.006594486947721245 -0.024358028791977127 0.0027541686893950423 0.0077323783800813395 -0.016926154747048727 0.12822410966060066 0.12190329493723719 0.0 0.0 0.0 4.0
416 0.016375403563297475 -0.04343400085848048 -0.0315374908171121 0.02078105883609016 -0.03483573722233213 -0.024066758715883485 0.0215588969526761 -0.03126039354898402 -0.024793738087162676 0.14726253752200807 0.12968220405064493 0.0 0.0 0.0 4.0
290 -0.015415530423519508 0.056005479425966787 0.02083125710825584 -0.0007700502911935914 0.07630091377847337 0.04843563105654414 0.004488698388735557 0.08046046125744355 0.05355452528604521 0.15890945936180237 0.13131777875141518 0.0 0.0 0.0 4.0
352 0.011394563260574309 0.0008976469370327589 0.027197164764637405 0.013163441555262834 -0.0008285826535158192 0.02656263561080152 0.014250655926053568 0.0014700203564455006 0.02715994354722273 0.15371217882391586 0.14358164851295177 0.0 0.0 0.0 4.0
475 0.02450691791855597 0.007728369368851462 -0.030958599266786124 0.022732615264036582 0.004758401730145856 -0.03090949593555037 0.019059000571894247 0.0030496270468785003 -0.03195279703306453 0.18082434068439748 0.16044828183871646 0.0 0.0 0.0 5.0
164 0.03820822503011745 0.09482608198748288 0.06730155231873147 0.037338187246997556 0.0927377110803922 0.06283581047980724 0.03819682119425605 0.09111957778593727 0.060825051214254744 0.1659603751520884 0.1507743842300616 0.0 0.0 0.0 4.0
38 -0.012576111052004513 -0.012914840660536053 -0.01633119933501581 -0.012147131006138068 -0.03355069507381814 -0.029393733970010105 -0.008479636918381495 -0.03279409748601214 -0.02810678030159086 0.13412892943567017 0.12749950472644386 0.0 0.0 0.0 4.0
100 -0.018628902615943743 -0.009791376049934408 -0.01724815202772123 0.006904706766565072 -0.027759092582739453 -0.0268564307745226 0.014089957110498874 -0.012734112101440265 -0.01813672859949056 0.1418830056764448 0.14754131570589774 0.0 0.0 0.0 6.0
228 -0.016263147330791927 0.008808019413863333 0.019024349911902938 -0.014593127327936273 0.01457197504062302 0.024286527521727885 -0.013323930305538023 0.015454993307453702 0.024559499883667346 0.14138778967653617 0.1359116466813431 0.0 0.0 0.0 4.0
291 0.0025004295766550833 -0.0019574301297556884 -0.0020908271780341048 0.0037874564460202986 -0.003553259726724267 -0.003260667107170878 0.004647204015553186 -0.003942090290686484 -0.0030518214519675846 0.16293991627806384 0.14515728805836484 0.0 0.0 0.0 4.0
417 0.006048945298541719 -0.015642228770143984 -0.013729023073764113 -0.005352950533754175 -0.01420696606006322 -0.018830680078909867 -0.005142146522577051 -0.014524828559379865 -0.017454769238923973 0.16802649889027785 0.16187811067071703 0.0 0.0 0.0 3.0
165 -0.015845124536685185 -0.02894287861540068 -0.011637145078839728 -0.016910433176268613 -0.020439822159478815 -0.0026518724226209933 -0.016613451802976353 -0.021661139754493686 -0.005458150005059226 0.17973346864279452 0.17676038436007677 0.0 0.0 0.0 3.0
476 0.02257963617856995 0.045384568881509546 0.037742292282411105 0.006834182964105873 0.05326625982340527 0.024572350099314466 0.005818051209248054 0.050081081820761986 0.029802877654371063 0.14941890686722606 0.15740162554482878 0.0 0.0 0.0 4.0
353 -0.05778133747144265 -0.006061104253265892 -0.04088021224162919 -0.055420994404301926 -0.004215340952644753 -0.036443738736334996 -0.06611817127672892 -0.009581998571209671 -0.03564763142327443 0.17164990909518724 0.1523176494835538 0.0 0.0 0.0 4.0
39 -0.01946074539022824 0.0014635476296580574 0.008093872385309675 -0.020668766940155736 0.005472619954509428 0.01173938063164659 -0.019506458571661334 0.007590165866372844 0.011752026621743461 0.14978804994615416 0.1517628876280543 0.0 0.0 0.0 4.0
101 -0.011482145574122082 0.009317296522481255 0.04262663458952609 -0.015703741517482217 0.014192253850216385 0.04844435299292482 -0.016021517450558687 0.010640883994105899 0.045931318502848706 0.1836802769463571 0.19018386934317497 0.0 0.0 0.0 4.0
229 0.015631801422006486 0.0060303863260278145 0.014707182914232675 0.014610022118578536 0.01039318512446763 0.014744202165610565 0.011265546072517063 0.008715845969717195 0.009725133279650633 0.12648337250532232 0.12508416841312578 0.0 0.0 0.0 4.0
418 -0.001978763198268396 0.020791714301348962 0.0039345333956772865 -0.009886346564810133 0.029609104037775502 0.013656871562087503 -0.005690602729137129 0.03425592697597679 0.013566735311877132 0.16930595787696656 0.16741905126161025 0.0 0.0 0.0 5.0
292 -0.032546093866203774 -0.023947818011512356 0.00011974692276806032 -0.04001840977156357 -0.040698027026414674 -0.016079206723169648 -0.038823821990601415 -0.0334307408734289 -0.01172662670050928 0.11345420963947547 0.11626227007307201 0.0 0.0 0.0 5.0
477 -0.01583180550904173 -0.017885535402201613 0.01333477530382221 -0.0219422167791421 -0.020527699128334964 0.019201016767182333 -0.013930223998504743 -0.01388355199638669 0.02902244769483242 0.16328612849286508 0.13380289972474818 0.0 0.0 0.0 3.0
166 -0.008689584495462421 -0.024905876861650467 -0.0322996749367912 -0.007197356917270525 -0.0266883500641234 -0.028860410991732866 -0.009477955115768877 -0.02774080848313587 -0.03189781289443494 0.13613347164118195 0.12828264273183457 0.0 0.0 0.0 4.0
40 0.013398541293805355 0.052735415318327705 0.029413815775432672 0.015597895493199232 0.051779201233374206 0.03154107170191667 0.016128547682038086 0.05281934751221562 0.031141879423686625 0.16701558295104094 0.11793398418875181 0.0 0.0 0.0 4.0
354 -0.028388553005755046 -0.028135019371425818 -0.0426749757076299 -0.024095679532684544 -0.02825176622254344 -0.029987135658054775 -0.027103609094481063 -0.02746133625388547 -0.029306150888485205 0.16911003066412097 0.1808686730406035 0.0 0.0 0.0 5.0
230 -0.017928157642381426 -0.05128099403537956 0.0008025346646882703 -0.0161997646248333 -0.048637339304942184 0.001369615914590172 -0.01440574932939831 -0.04846566783273509 0.0015547727650653265 0.1247829899220601 0.15846874707455405 0.0 0.0 0.0 3.0
102 0.032349383342878735 0.00162458208655325 -0.0034675993234417612 0.031747721770035486 0.004205588479200717 0.0008503240980035631 0.03181192997076976 0.0037898981604178594 0.002235386271266515 0.18225232935704166 0.18295820884698002 0.0 0.0 0.0 4.0
167 0.0017663221707169274 -0.010501308293437539 -0.009231201640290121 -0.0014082368098747855 -0.016884677149738736 -0.017257368733882616 0.0007379973221337544 -0.015207553037912769 -0.01597871968863762 0.1781259187413408 0.16261470411326107 0.0 0.0 0.0 3.0
478 0.06008073265747038 0.0752393264756046 -0.03157587969611375 0.06762407220575128 0.10154178040096151 -0.01699540332676175 0.0621892919837852 0.09081765446253343 -0.025353247061107087 0.134796321188424 0.12414698901736883 0.0 0.0 0.0 4.0
419 0.025424032065780366 0.04706713236142446 0.002801422509084439 0.022657804172711904 0.03870368363388499 -0.0006944473463262879 0.02347345342690299 0.040778898595326574 0.00134999896286625 0.13862266695582504 0.16431350768735298 0.0 0.0 0.0 4.0
293 -0.054544693142609346 -0.030872041615632506 0.010757821728117012 -0.03546598268148449 -0.029244060562176544 0.004321202381389666 -0.04309045772795406 -0.042611730945661286 -0.009096367062483068 0.17540013993919762 0.15120933872619585 0.0 0.0 0.0 5.0
41 -0.017296609469436675 -0.018312381892975016 -0.018106187370198645 -0.022247178325915273 -0.012890863256859064 -0.005393522139928275 -0.020462273738580783 -0.0065700297421580345 -0.0022794516897164385 0.1332573371906757 0.10492893656555964 0.0 0.0 0.0 4.0
355 0.02627344895979067 0.006106589340740376 0.007357304329624892 0.0196739769420482 0.0019433391640675257 0.012979992312291078 0.016292489410284716 -0.000858147101657547 0.00727548876889772 0.1470676670163749 0.15832175747671548 0.0 0.0 0.0 4.0
231 0.001173418325129516 -0.002869392520282843 -0.0036043360587451057 0.00852048669718708 0.0061531720072325324 0.010727710645098254 0.0037189252032219233 0.0058673785013738655 0.007904464850307935 0.173930349268735 0.1557192731905675 0.0 0.0 0.0 4.0
103 -0.029248306655747847 -0.008783696925175888 0.008012207766451951 -0.020391622235729212 -0.012989689758608591 0.0036152892219836197 -0.024616233452419478 -0.012677125463287586 0.004610045830569787 0.15770779188893191 0.13802624001184835 0.0 0.0 0.0 4.0
168 -0.019258515888425753 0.00812741050203969 0.009887242212849534 -0.020391948140848104 0.008870998903617977 0.01115581766391438 -0.019850381917153936 0.011180112134071107 0.013531278333205554 0.18353553188361993 0.1797376329634007 0.0 0.0 0.0 3.0
420 -0.052032986555481164 -0.07705685888554059 -0.08843793690752222 -0.04424050673778146 -0.08313664904053375 -0.11191613478540408 -0.039816094832082705 -0.07750314586544671 -0.1059081092371843 0.15698612767926579 0.13907212140494185 0.0 0.0 0.0 4.0
294 -0.012697294885578803 -0.01732439258256291 0.028495353220023167 -0.006288690282800102 -0.0161498007884594 0.02474298168097233 -0.003938749769287764 -0.012844469495428501 0.026444889213539602 0.14265694108082835 0.12357192478562594 0.0 0.0 0.0 4.0
232 -0.0041137920518116156 -0.0164965875269516 -0.015723484460964166 -0.0020218725014448102 -0.017490036962385713 -0.022086237302905487 -0.001896277662618684 -0.015734454456476255 -0.020351298672592333 0.18325783694190703 0.18387133275844184 0.0 0.0 0.0 4.0
479 -0.12961520107420166 0.0422531939854236 -0.04529673209004714 -0.0837886201004252 0.05436055422249009 -0.04381363958460749 -0.08199280953505328 0.057721945283778275 -0.037170114018090006 0.14569491666279258 0.1691624387250014 0.0 0.0 0.0 6.0
356 0.009333557169312945 -0.0008917619409042343 -0.01769777179060905 0.011631064456214313 0.007627114087586762 -0.002452680494100523 0.011234300931872276 0.0067252847212466715 -0.006795535173940936 0.14840673323626075 0.14132701943719336 0.0 0.0 0.0 4.0
104 -0.03299940529345502 -0.00012181082072337812 0.012074367089281779 -0.03504206023091416 -0.005786315613695803 0.011570749035544559 -0.03175314031223708 -0.006228927292582731 0.01196736064965842 0.1353299955197611 0.13316761689672257 0.0 0.0 0.0 4.0
42 -0.022823755553181835 0.013031792103042728 -0.01958732270732988 -0.004844483934424382 0.007805706901605314 -0.0066726494395416 0.00904190906326452 0.015810265156973813 -0.0028599145800189962 0.14889759334831726 0.13256172007329772 0.0 0.0 0.0 5.0
169 0.01620683480172036 0.00016344126663181413 -0.03349824402800794 0.014999073715649347 -0.0020128114046078505 -0.03079467176776396 0.014155768681047176 -0.003437171428085528 -0.030483044851418062 0.12947950666986474 0.11478235456903621 0.0 0.0 0.0 4.0
421 0.01955498100772224 0.018987128877475445 0.030874193222099944 0.023185304735721335 0.012971883660074512 0.020053044096266737 0.022326740005005563 0.010026982952822783 0.017166046266913648 0.1614442851154907 0.14567421584203308 0.0 0.0 0.0 4.0
295 0.006114310054062377 -0.04823765736983332 -0.03375741381546016 0.04431487375898713 -0.03610598892909489 -0.03395682030698299 0.03841280631707189 -0.03655409725876546 -0.036486342340964706 0.17415020160981853 0.1408293008542639 0.0 0.0 0.0 4.0
480 0.011298178016869942 -0.008149480574324186 0.044807317275259884 0.027437657111201164 0.00045672766388404895 0.050081279842471016 0.025629253756209947 0.0012499365684845998 0.0504290553417559 0.10992840310412884 0.10215612820549765 0.0 0.0 0.0 4.0
357 0.04613971108661419 0.05170026328982802 0.06514406896339242 0.026817067036106534 0.05059257444785015 0.05619862548776755 0.02422509868883238 0.04726276619440806 0.05192877555665576 0.13722509507820557 0.16838743800193584 0.0 0.0 0.0 4.0
233 0.006800826593314824 -0.0031596804963871516 0.0854134486668392 0.004135473679559132 0.00326705894931556 0.06661508288003515 0.010120944583157376 0.011552217739329018 0.07896588126472581 0.14452864775935348 0.12980572155711909 0.0 0.0 0.0 5.0
43 -0.011137550786833428 -0.019265785512871947 -0.045289107896408276 -0.013874326549780824 -0.020102784497261883 -0.043057377615984715 -0.010036437773590978 -0.018479756203752307 -0.042969468856516424 0.16503351122505058 0.14677098063678884 0.0 0.0 0.0 4.0
105 -0.002386018760322184 0.0027908508878569105 0.02368018497125468 -0.0033623711412856805 0.002215795059963277 0.023074001819903378 -0.004418871992094675 0.0011826905067762183 0.021548157320541605 0.19238025957659532 0.2068588699214941 0.0 0.0 0.0 4.0
170 -0.012923240635461242 0.003932409390614122 0.001010324894377801 -0.017016710216229636 -0.0015452273261877814 0.0031116676495925866 -0.014753005667778152 -0.0016543540283232572 0.004384652241502085 0.15042796779458753 0.15283403986465716 0.0 0.0 0.0 4.0
481 0.01702599037620689 0.005572553622237519 -0.010423709383434954 0.012227883741269041 -0.0037848909346398507 -0.017078282342899764 0.014778714674123616 -0.0009053253552201435 -0.015608615468194253 0.15598438729415892 0.13917861619295802 0.0 0.0 0.0 3.0
422 0.05886969786844354 0.018033540274825732 0.04997769089638471 0.048847004828191265 0.02015134481609504 0.06426455958307309 0.05090101540964209 0.01948700362950362 0.06042890134850465 0.12242910683020879 0.13377662778611688 0.0 0.0 0.0 5.0
296 -0.052208372256103086 -0.06420407657199767 -0.003991527900554015 -0.05071623304452455 -0.05752639714847896 -0.011633624016436972 -0.05109718418330256 -0.05931506726268154 -0.015991620963824893 0.12252790369977844 0.11798930618034557 0.0 0.0 0.0 4.0
44 0.01721660712933848 -0.0035524331005188925 0.005748010937022929 0.008861055593283762 -0.012544779194652134 -0.00091240268551529 0.011462223794035165 -0.0080809011813876 0.0021562739600293757 0.12860714638386417 0.11168760136571643 0.0 0.0 0.0 4.0
171 0.0009504993600046863 -0.03208584664909542 -0.02882096162725567 0.002045557983292312 -0.030914474142671122 -0.027343244331358485 0.002276209722864575 -0.03062982449060314 -0.02725149576676933 0.1684973944604271 0.14216323162478092 0.0 0.0 0.0 4.0
358 0.031541084471848 -0.013888743557504246 -0.060388052806704784 0.021767003298673426 -0.02739453672667158 -0.06424513318811831 0.016165923086752576 -0.03854953549574747 -0.060849111921582155 0.1492394326490021 0.1469808739182393 0.0 0.0 0.0 5.0
234 0.07502849263422307 0.15862809121212806 0.13798030781931714 0.07230828970287129 0.14790769070028809 0.1270071457883224 0.07162188349754639 0.1520261721986591 0.1274024159993452 0.16026136779953695 0.14095093926882557 0.0 0.0 0.0 5.0
106 -0.004644806688858583 -0.061740541275371874 -0.013092371344894826 -0.0106811126011499 -0.05528849954488724 -0.009435994600263564 -0.012120735421082163 -0.0520775601969693 -0.013853235412258358 0.17087895083152616 0.14638181425499827 0.0 0.0 0.0 4.0
482 -0.013067612436929887 0.0007399832068528678 0.004591908220737961 -0.01702966843357201 -0.007671773213283939 0.0012408732609712203 -0.01762567045686958 -0.00678437745389926 0.0004475380865460732 0.15128543966041022 0.12592552854057865 0.0 0.0 0.0 3.0
297 0.005048888112902272 -0.004223769303279723 0.0070324653995801345 0.0030123472434333554 -0.006553052508622148 -0.010656530905224448 0.008701990926350822 -0.0037215985696931186 -0.006423545058933611 0.19108112504369704 0.190466737186249 0.0 0.0 0.0 4.0
423 -0.08591840211406021 -0.0819849180361153 -0.05193505402849152 -0.09002919902954809 -0.08512547245351476 -0.07716633307340048 -0.08961269422726792 -0.0864898952996287 -0.07730174554604108 0.1886689781774482 0.19632180737270755 0.0 0.0 0.0 4.0
235 0.027467399327681274 -0.01079974408694473 -0.005659519553392389 0.03264291327465085 -0.005865825067218777 -0.0014009363061391333 0.03190583925418067 -0.006056769922169525 -0.0027586296728295823 0.15293262131639174 0.1462420905547428 0.0 0.0 0.0 3.0
172 -0.008217286042161542 0.011741818493880452 0.0248555150479719 -0.004774307727096971 0.01816726776355626 0.03887778931843955 -0.004596165790647366 0.01826126578591314 0.03506944929429645 0.16766392958585816 0.19045816787325812 0.0 0.0 0.0 4.0
107 0.003483236562349834 -0.0005304688767088228 -0.019521368927686744 0.008712141840581333 0.0020285712595622396 -0.011981782274785635 0.007078001211635154 0.0006576920190672908 -0.013936355379214671 0.13337664521972845 0.1318512591252709 0.0 0.0 0.0 4.0
359 -0.025051487881978862 0.003823677319322094 0.001737735808757357 -0.01750082685376364 0.013557418294216639 0.00591413082503256 -0.01716199182717182 0.014521915707631061 0.006902972929291096 0.16581927059267046 0.15471235476640097 0.0 0.0 0.0 4.0
45 -0.03035608358320907 0.02323255378128697 0.037342554320435095 -0.0009914572638897168 0.008108408262815558 0.045427703544827835 0.0009385091086744346 0.023868461753483672 0.03970928276113006 0.17984472517616779 0.1445798234324086 0.0 0.0 0.0 5.0
483 0.01104147915047582 0.028429972786381708 0.020746567911175795 0.013053827156100484 0.027510567684171372 0.01984051782194851 0.014101351739250978 0.02845147293900485 0.021039526383960006 0.16121498045622729 0.1338235045858656 0.0 0.0 0.0 4.0
424 0.030575724684992922 -0.0037466298880002302 -0.012502785108717385 0.027619279483449777 -0.006855340655027686 -0.006704401993804843 0.030821174309291433 -0.004615519650100541 -0.0020866775622098155 0.1415786535770873 0.1134497146891723 0.0 0.0 0.0 4.0
298 -0.01628749289990772 -0.032383786869529474 -0.06472783219789557 -0.010537422343471103 -0.023863892489071503 -0.05684924034789107 -0.011081799815620075 -0.02591861300296372 -0.05690287935060423 0.1614641010202531 0.16980675648011762 0.0 0.0 0.0 4.0
108 -0.038039140250641146 -0.017202628744434234 0.013558306519982244 -0.0387666711781951 -0.01817071850650498 0.00991259928601207 -0.03951888481750965 -0.01720055528451636 0.009473063164344486 0.1774562603761426 0.1813991938812446 0.0 0.0 0.0 4.0
173 0.058681083813387325 0.04071886609272135 0.020296663720473784 0.06566678376142954 0.04034862634017333 0.0158555605078734 0.06317435083201905 0.040733972775529814 0.012800452240791627 0.16320054013356528 0.11617535831271136 0.0 0.0 0.0 4.0
236 -0.022700482041104086 -0.025661240631497106 -0.012482685207323763 -0.010452605382361257 -0.022526622820457032 0.00047811459328794825 -0.014425612782063668 -0.019814663404933208 -0.0026623083457847363 0.11429760839528812 0.1145555137180487 0.0 0.0 0.0 5.0
360 0.011447010989856787 0.10003177919350015 0.08328611805764208 0.027411661679786148 0.09109196146601106 0.093693836044765 0.019908896923501285 0.10085593231575318 0.10462237741712355 0.1857036415516101 0.16879606414915807 0.0 0.0 0.0 4.0
46 -0.002907760675851856 -0.045382106829503055 -0.0024474927629044574 -0.0011436672043154683 -0.0526727907989315 0.009527080896160056 -0.0024379147439446136 -0.05369170828661851 0.0035178399941122596 0.21621317404999074 0.18680010174023898 0.0 0.0 0.0 4.0
484 0.0033089260076200055 -0.015329685537733173 -0.02564479654551255 0.007216187563170884 -0.00855251475447849 -0.01845254542223984 0.0074992293094438 -0.009572676266293323 -0.020246027682117362 0.13297444555322685 0.127126179913051 0.0 0.0 0.0 4.0
425 0.0014696134841061248 -0.02808517423537893 -0.036254418740011785 0.01323444090196002 -0.00911485135657042 -0.030689890542267895 0.013967301145024758 -0.013385589282786992 -0.03440935224530195 0.14769278436151595 0.13403084295396758 0.0 0.0 0.0 4.0
299 -0.008758028367290005 -0.008406377620282068 -0.017414306910329413 -0.01040937485590776 -0.010132599614624094 -0.019726222439497954 -0.010303309881129485 -0.010559396089524054 -0.02001762782305505 0.1657410989958949 0.15185669729029874 0.0 0.0 0.0 4.0
174 -0.016112130283235104 0.003508940046734521 0.000483788814761521 -0.009602507713476482 0.007192409469099825 0.0063826752868501035 -0.007445783249691473 0.00918597687590994 0.00970127726264125 0.11732448908259585 0.10905411229866234 0.0 0.0 0.0 4.0
237 0.000808535834993851 0.01646276447423145 0.027248533814227427 0.0008913406636552601 0.015041403434014056 0.01988829863364816 -0.000342166064815852 0.014183394566557705 0.02236516720520232 0.1417361899882621 0.14330076343108797 0.0 0.0 0.0 4.0
361 -0.01672097933326011 -0.052767848059038 -0.07336627211902036 -0.022152016731348922 -0.04689970955931155 -0.07283827593016712 -0.025850270934560937 -0.044086444602681296 -0.06537699550723997 0.14864272240347717 0.14277280168263723 0.0 0.0 0.0 4.0
47 0.02385229465220773 0.011047880752829364 0.01864506026046464 0.023040991086558993 0.008524367982231773 0.013385663300344186 0.01871691381499918 0.006038595849350292 0.00900773130291177 0.15638884166977615 0.15418469117096675 0.0 0.0 0.0 4.0
485 -0.0077974770356991074 -0.01400303104193179 0.020006377123144903 -0.0016418470292696163 -0.009820099242911495 0.030813569230799143 -0.0023061479891247627 -0.007272450626032434 0.030773419950077985 0.16090005030029542 0.14506642090939742 0.0 0.0 0.0 4.0
109 0.06868412432152748 -0.13199156108579513 -0.08717060879667471 0.062222177549232205 -0.1179472789294479 -0.06678789036110133 0.020173041800223945 -0.14481513721647876 -0.06860785747445852 0.16414261103300376 0.1742041628285177 0.0 0.0 0.0 6.0
300 -0.0068568304232049515 -0.054980026739189225 -0.030219650535299736 -0.0018137627785106414 -0.04835595964696027 -0.022574671010889502 -0.00431716101412527 -0.04850838425855997 -0.024049399475185473 0.16031698513509934 0.1243305888815642 0.0 0.0 0.0 4.0
426 0.008867187319333114 -0.025303936895620605 -0.05229950918671389 0.016198164218418132 -0.033923710268352614 -0.05699759407248095 0.012150525650842514 -0.03583553424368624 -0.057516319315789266 0.1666318780787562 0.17040911070703527 0.0 0.0 0.0 4.0
238 -0.012488649609532665 0.004159738057333717 -0.011950821278155721 -0.008238430624966098 0.003204209047206863 -0.009942891624366457 -0.010039537712833835 0.002190665300729755 -0.010741248425385375 0.1721007000553803 0.16511171659170398 0.0 0.0 0.0 4.0
175 0.013125068345703594 0.04388966562905594 0.060394750983330026 0.012628182437969482 0.05831374235576314 0.08810476154837521 0.018352623791038303 0.06121307294881806 0.09130754108200034 0.1528826240595225 0.13075446195258625 0.0 0.0 0.0 4.0
48 -0.016050972108186068 -0.012846755627652917 -0.020753599954884683 -0.014991960916804214 -0.010996003621455808 -0.01571228517951684 -0.015169357315479082 -0.012033835542436533 -0.017587279557649493 0.13362137036163252 0.11678161859850347 0.0 0.0 0.0 4.0
362 -0.003896552394144104 -0.0008170240039055976 -0.0007539682881373411 -0.0018161672002504625 -0.0007459743994474577 -0.006842912699301262 -0.004075132267940984 -0.00358957266146287 -0.012170258680901713 0.17292659726789691 0.12830057611744075 0.0 0.0 0.0 4.0
110 -0.0068341500432349545 -0.012422285766079177 0.010048864617177244 -0.0032670943776960115 -0.010777271435990166 0.0075619219372633495 -0.004043643378363715 -0.012177735797009759 0.00839054010511231 0.15361183771909134 0.18394125977337467 0.0 0.0 0.0 4.0
486 -0.01792841419532054 -0.02222216051869752 -0.04256245451903884 -0.024260673072221017 -0.02519134060626005 -0.04262881526480611 -0.03297174332607178 -0.038450064534962025 -0.05594053177379488 0.12287756632930597 0.12380873372027158 0.0 0.0 0.0 5.0
427 0.016447516667441375 0.010332919496352844 -0.004966907412606303 0.014637299230030543 0.009283463444216045 -0.0076043703026420495 0.015812223427014382 0.010521051134763981 -0.009211358095760791 0.15900916724618352 0.14206578755370822 0.0 0.0 0.0 4.0
176 0.019398180289794675 -0.00943091803683771 0.0016334335102945463 0.014538820634562466 -0.01552252593516612 0.00036037843563141436 0.014529608759868085 -0.015483131578622356 -0.0012292862278741046 0.14201603097820167 0.12383879288170772 0.0 0.0 0.0 4.0
301 -0.028533763880595697 -0.04573754783868966 -0.02970062363837267 -0.03821724715557728 -0.0487671538018678 -0.019546677943405033 -0.03504927522374801 -0.04364786985126323 -0.02258077251627688 0.17773830397678803 0.14387168561966543 0.0 0.0 0.0 4.0
363 0.007111605361748152 0.042895360601449495 0.03369083828397379 0.014288486887476193 0.044185294631983396 0.03233897784488393 0.013326349933883597 0.04495875324999132 0.031977685198101735 0.15852865757025075 0.15468402209016796 0.0 0.0 0.0 4.0
49 0.002727753358757523 -0.011565480198414857 -0.04301662286663477 0.0016411114731056387 -0.005051351562542439 -0.03243034205072093 0.00017720793542097546 -0.005826791460869618 -0.03179181254714292 0.1609372427782874 0.14001571143658084 0.0 0.0 0.0 4.0
111 -0.0501538728023494 0.0730523710066382 0.0011603000342110814 -0.04197029321407986 0.09057078255840989 0.016238874228750255 -0.03236675786434451 0.08578894169959272 0.011513577593431634 0.1551557546332035 0.1480811466580584 0.0 0.0 0.0 4.0
487 0.050523410960232384 0.03255455497400539 0.06604042131371557 0.049688571357525024 0.03184787125210975 0.06869509740175395 0.04841567869390939 0.031005971106496943 0.06974487607059188 0.18055379294124635 0.13775825166798153 0.0 0.0 0.0 4.0
239 0.04213381445458686 0.0371900261841267 0.11772704132905498 0.058177447358785495 0.03296091873188489 0.13810291140521902 0.037423426572885665 0.004168659358108506 0.08708648419209242 0.1293791144393449 0.09025278043637251 0.0 0.0 0.0 7.0
302 -0.0049761322573018685 -0.016571187524508257 -0.02437862813538394 0.012861214806566101 -0.012679581003518847 -0.014372425145736778 0.006072963838150702 -0.013254999908778542 -0.016590347912170178 0.15386081446707756 0.149656249040195 0.0 0.0 0.0 4.0
177 -0.007036572999899793 0.015098356858737061 -0.02464553282417037 0.003931476900802089 0.008854648247917263 -0.021887936088758164 0.00015530818885101105 0.008200195733113258 -0.023723416214398108 0.14906449864547014 0.14959839879983047 0.0 0.0 0.0 4.0
428 0.017531223148455455 0.01862704031211071 0.04579885110762261 0.005008914526964059 0.00032873006767797364 0.02286771741330007 0.009701965069731866 -0.00297289314942073 0.021700821156666494 0.11987765784766435 0.12173788375452131 0.0 0.0 0.0 4.0
364 0.03814893999822844 0.005710670227154102 -0.00537568166138247 0.007849509992645887 -0.0065029184389047145 -0.0187504814297752 0.013346160025357046 0.001669404215877801 -0.016077682200117183 0.15352057264513277 0.14145795477928383 0.0 0.0 0.0 5.0
50 0.028216885353616883 -0.03328832331676845 0.00934114291316912 0.020753653857654708 -0.022221343408846295 0.0018276114319213388 0.023348050554039324 -0.022790991913028913 0.008481972702259366 0.17882631316664635 0.1789222413543125 0.0 0.0 0.0 4.0
112 0.01552879982732347 -0.02199813101539827 -0.06390336936629015 0.023836570460825435 -0.02597680052942597 -0.062377390491551554 0.022069311994019625 -0.025039743890927335 -0.06471520550306287 0.14329709295920703 0.11924077764125064 0.0 0.0 0.0 4.0
488 -0.052458265413058425 -0.06050828332566749 -0.013218881315974818 -0.06703535272587346 -0.03715423640521753 -0.015541495147903928 -0.05763467603745054 -0.026337833030903646 -0.007994700652442788 0.15001717976931514 0.18959450448935047 0.0 0.0 0.0 5.0
240 0.019317149672786638 0.03272701696248026 0.0233486556200746 0.018646298335339484 0.02978475740666231 0.020389313761360217 0.016773377553760183 0.03020681043182316 0.020721326539054896 0.16286163294684655 0.1331889442972766 0.0 0.0 0.0 4.0
178 0.002223565351459067 -0.00016400685224571276 0.0006848966153658598 0.00622240189901313 -0.0022405075393132634 0.0015010609280123877 0.004903303752286092 -0.002057366854864018 0.0006954701266239649 0.16242695571295326 0.16405780036552317 0.0 0.0 0.0 4.0
303 0.012787992414174942 0.014818022633494632 0.03555083866964215 -0.008081960702034707 0.02743505268333668 0.04087163091218726 -0.009057935549637963 0.02620958033190579 0.03822326558491862 0.15009833197870492 0.13201584952013645 0.0 0.0 0.0 4.0
429 0.006504025310723804 -0.0013987009397989913 0.010150555442280274 0.005815605699880599 -0.0025590281532810177 0.0076749608801056635 0.005596684325781975 -0.002632168333705054 0.00731177453394527 0.15821941400303274 0.15181912727599045 0.0 0.0 0.0 4.0
365 0.005866263036278241 1.4081124518394716e-5 -0.010722511247728383 0.008389929003114416 0.000758373649371924 -0.006646251456266072 0.008512100310233528 0.00018433986410570924 -0.006801802377815358 0.15122656833593723 0.1291697934319562 0.0 0.0 0.0 4.0
51 -0.01866219470829089 0.00152132690620288 0.0019370244223650968 -0.021229075056338753 -0.006482434465356346 -0.007696632680071591 -0.023880864655093537 -0.012836733341696993 -0.013609395671625335 0.13956225991020688 0.11040760971636421 0.0 0.0 0.0 4.0
113 -0.02102885589516912 0.006348343712731186 0.003083709278605573 -0.019533312648722045 0.007765808129172935 0.010428599014258744 -0.020554945526508828 0.008485340991632784 0.010320919373338455 0.15296328707396778 0.15271872220932456 0.0 0.0 0.0 4.0
489 -0.026634061413485677 0.019440770224243398 -0.002644951922513905 -0.015683135487088218 0.019483783550643397 0.0018287077000997964 -0.012962509514253151 0.024193710517713907 0.0038616081601337005 0.18521300405577548 0.17985662058877247 0.0 0.0 0.0 4.0
179 0.0006416378169231685 -0.055907465130838885 -0.04371846838746918 0.0024059793011634856 -0.045184630119524005 -0.03982341360510877 0.0069344473230654735 -0.04581026223646545 -0.0391918031491002 0.17444647188713414 0.18326782987899168 0.0 0.0 0.0 4.0
430 -0.0059579777451629345 -0.07671524087850201 -0.03617263630040135 -0.015902483334770956 -0.07353049210294393 -0.036909411219521515 -0.01612913130228033 -0.07125359172352785 -0.035083966879102646 0.19232366383166005 0.16230306563490407 0.0 0.0 0.0 4.0
241 -0.0320818850790493 0.004122103963190238 -0.03909698837323594 -0.014816146868005031 0.015584381081627408 -0.010917256822977284 -0.010579883142181723 0.017193003492540715 -0.016928270043774285 0.17071215817786192 0.15012703214324388 0.0 0.0 0.0 4.0
304 -0.034096002170551976 -0.03197689766055167 -0.00934315852590828 -0.03784841462121247 -0.03314795203717702 -0.023043445466639945 -0.035436854437900456 -0.029694513429330716 -0.025142090207335932 0.17773460340755423 0.16945422446943426 0.0 0.0 0.0 4.0
52 0.027109992224908508 0.009924865434677521 0.0006874216953227652 0.03031977451260026 0.01404048261019164 0.0006032077793434176 0.030903135398659076 0.015411888909291793 0.0005229876924333077 0.15261235560959643 0.1587724498416893 0.0 0.0 0.0 4.0
366 0.02390591055915614 0.031340214121509335 0.008022064376725035 0.02610110375925312 0.03401903396300865 0.009755321005747275 0.024192924413890315 0.029796411302632775 0.012053495509309897 0.16471903498718476 0.11954595974402901 0.0 0.0 0.0 4.0
114 0.03978008596729121 -0.019740126387693846 0.0046875115406732615 0.0335380075361682 -0.0341319332966471 -0.006124654568754884 0.03858718144588602 -0.03828127561589212 -0.015630442974538528 0.16401691118145106 0.15466622995738324 0.0 0.0 0.0 4.0
490 -0.009654826883714218 0.01639879537140354 0.014682548215626312 -0.00899802783290693 0.01978546017088756 0.016048134575376682 -0.009387646453680065 0.02165141235314816 0.017202402518005755 0.13054199052712864 0.11781106031133284 0.0 0.0 0.0 4.0
242 -0.003730600253579408 0.008932545117686708 -0.010172549018014454 -0.003964794401699168 0.01330004126269202 -0.00016252017928763962 -0.0009372001029800403 0.012942821868751064 0.0008647030329529404 0.12740073763799997 0.12519356421861869 0.0 0.0 0.0 3.0
431 0.031189086139625122 0.03414542874161275 0.0624537656066626 0.0249494775246919 0.033811431099032285 0.06098076075440173 0.024872494033833625 0.03233629045779307 0.06056463729435202 0.16128807517824387 0.14606339207955657 0.0 0.0 0.0 4.0
180 0.0032869018379217962 0.03146147749481654 0.014015374758989063 -0.0035459328442780658 0.017324858315559855 0.015565729984472032 -0.004225525075838843 0.016513494719579525 0.01110394871808218 0.1590264929951365 0.15389086772389338 0.0 0.0 0.0 5.0
305 -0.06228620300905641 -0.07481975983688482 -0.1050934998798887 -0.06226821251864667 -0.062105643717495385 -0.06603334424018115 -0.058834377147567896 -0.06954019937123712 -0.07283729299629937 0.1499771829454922 0.16639221032292623 0.0 0.0 0.0 4.0
367 -0.01745551355875019 0.012075163412693879 -0.030989103518526906 -0.022967492670679213 0.00022393314854185498 -0.032728763367702585 -0.022137632396472706 0.0021387608796190616 -0.034348800029920024 0.15466945827976308 0.14298312298985116 0.0 0.0 0.0 4.0
53 0.03299967102863466 0.01871548243875787 -0.04030850066057823 0.03050880898670405 0.04380443879730933 -0.023597128144772217 0.03342853098642906 0.05368695305002236 -0.006801051124575852 0.11957357791204637 0.1419644358599399 0.0 0.0 0.0 5.0
115 -0.049223972770898405 -0.01648489614435833 -0.008458787614834207 -0.047071695239547795 -0.004053155852196677 -0.0026938548287611663 -0.0465664045387123 -0.006046953537680588 -0.0019674091655160764 0.1629243130561893 0.14847762023882272 0.0 0.0 0.0 4.0
491 0.018411629122339512 0.020977907103052473 -0.0012500873772118837 0.017425799682605936 0.005554880793972039 -0.006693842405022243 0.0175766356137399 -0.0007819425281393455 -0.010202715608456536 0.13232328784447608 0.14804552025665055 0.0 0.0 0.0 4.0
432 -0.023823180311614234 -0.013170543257521095 -0.04023306125166071 -0.011231036933612049 0.00400621352347752 -0.00660128704247176 -0.013921717461104488 -0.00023121918522950313 -0.015027687333628692 0.15840361055007265 0.1454868652782609 0.0 0.0 0.0 4.0
181 -0.004120186798574621 0.04871194927409972 0.016498434631862402 -0.0028216629633834867 0.04666676464005248 0.016997782315029353 -0.005227619937430816 0.04490443225032981 0.01639055163853409 0.12658812118424936 0.12761430686764885 0.0 0.0 0.0 4.0
306 0.040246623447015795 0.013558310727961986 -0.023506702218053954 0.05160561672497255 0.022635696460527877 -0.02445483311726626 0.05101431028263703 0.022303685813817697 -0.02499803341218354 0.20884210086983065 0.21588143388576414 0.0 0.0 0.0 4.0
243 -0.14135904966533952 -0.2750828292544517 -0.21817109460260042 -0.1286697765451934 -0.25390339299294606 -0.1890460521797852 -0.13917898474279788 -0.2530692839479822 -0.20312649718861642 0.15614973278549743 0.14610352680619712 0.0 0.0 0.0 5.0
54 -0.026160032628555707 -0.005948737681114924 -0.0016569312968990335 -0.016256239289374697 0.002607906707299934 0.007939292381013763 -0.013945399868451891 0.0007494769847251614 0.004243437902007319 0.13049110448849596 0.15713422414098874 0.0 0.0 0.0 4.0
368 0.0024699592478556465 0.02807729582830487 -0.0320103696864521 0.007916108485393814 0.021463058210611008 -0.037548832262171095 0.008058216924290873 0.02148516017255786 -0.03685138464534987 0.1586851732575226 0.1477655405719379 0.0 0.0 0.0 4.0
116 0.021190749712217682 -0.05263333267484893 0.03809870739491927 0.024571516452652542 -0.03689245661128815 0.029457736132790346 0.023707499565174706 -0.03040433955417665 0.034997533600179986 0.14833490200572738 0.14766702694235154 0.0 0.0 0.0 5.0
492 -0.044265348541478344 -0.0007059889812727205 -0.05787759058235964 -0.04436465255708577 -0.00387017345516516 -0.05670503574650809 -0.04384644271777616 -0.004111020470590421 -0.05452635271717843 0.1669320361553754 0.15207878485209939 0.0 0.0 0.0 4.0
182 -0.005763567238079026 -0.008149580637898168 -0.011087539282148562 -0.005876786381032284 -0.007485508450787659 -0.011129875372481557 -0.005186294477657172 -0.007698319145632793 -0.010333438762518021 0.15154402951902518 0.16102933077880605 0.0 0.0 0.0 4.0
307 -0.013276460079161057 0.015560855919989125 0.0189397393046824 -0.00797973456164569 0.006344988521781669 0.01700727848216821 -0.009386061217338093 0.005786300790400656 0.015859125855258727 0.13950537474932548 0.14464908213371472 0.0 0.0 0.0 4.0
433 0.027444021040255562 0.06011382162073464 0.038410339848340413 0.04310912311765125 0.06655173527699199 0.01006137508506133 0.027192025327785307 0.06491869340795864 0.011686722610999789 0.13697946756500262 0.12244238050284208 0.0 0.0 0.0 5.0
244 -0.062419503603226234 -0.05664247315662885 -0.07072431515352129 -0.05909468382311045 -0.062003450933513116 -0.07950257953913376 -0.06140588979481665 -0.060919768139172104 -0.07893800254436423 0.15979766940384948 0.13595488913255294 0.0 0.0 0.0 4.0
369 -0.03967368721833786 0.00638362321845376 -0.000676822976112823 -0.025493951632763467 0.01191425460609663 0.014270597818096142 -0.024015878537845925 0.013200176873027658 0.015451029452328902 0.15197265129751317 0.16095939620036498 0.0 0.0 0.0 4.0
55 0.005696908140153889 0.0292413159437257 -0.0059838221128667435 0.006652752532403161 0.02709453663447592 -0.0029801144276007108 0.007043750810700411 0.02574082220777818 -0.006176986182570565 0.15366181340933313 0.1351514742264286 0.0 0.0 0.0 4.0
493 -0.049957729638366644 -0.039019465499248285 -0.08511807817272954 -0.04677002490607063 -0.03255492753633582 -0.0783319703388824 -0.0467626545727724 -0.031247244654014183 -0.07768500237675324 0.16923193485239968 0.23227503269231892 0.0 0.0 0.0 4.0
117 0.005421241004098354 0.002753498449461267 -0.0008857931885588588 0.00865973454788227 0.002013480027683423 -0.0006501922905616242 0.009300177302860702 0.0003299993596868056 -0.0028852769620069108 0.1547076079884187 0.1626023351248831 0.0 0.0 0.0 5.0
308 0.012659311616791236 0.015082705162415166 0.007701307216834596 0.012068665996252337 0.014536535929168926 0.00528163420496508 0.010172893282218265 0.01134532835701596 0.004054114676365073 0.1270279069505462 0.12898754602550758 0.0 0.0 0.0 4.0
183 -0.023903267994714206 -0.01823832663205316 0.00547910396849649 -0.02110628888253563 -0.018704721504633315 -0.003484573115707157 -0.018140460990121787 -0.017583365657262817 -0.0026201495041684453 0.1509455513276295 0.1175818975684008 0.0 0.0 0.0 4.0
434 -0.012292378049695074 -0.017776532305947557 -0.020302194760046022 -0.010013935943513297 -0.015440137213077687 -0.01780918354195371 -0.008564740841461527 -0.014416378324361045 -0.01663351469290264 0.16560076037011826 0.16956663619582527 0.0 0.0 0.0 4.0
245 0.008664081696351023 0.038625827643882005 0.04521620347119382 0.011037654781671291 0.04302643509109716 0.04156243802430004 0.013158234768963162 0.044094312591175466 0.04133662426965201 0.18465794634458615 0.20127575369122483 0.0 0.0 0.0 4.0
56 0.03576032259701445 -0.0047827940606517405 0.04952482382561829 0.02309611626002961 -0.021085823774208534 0.012718648854847414 0.022278915983058534 -0.012914584899964998 0.019170249199775613 0.20325906808015493 0.16309193167613648 0.0 0.0 0.0 4.0
370 -0.01669565342364354 0.008454669804129455 0.008994242151572296 0.011324053847011184 0.0373257957962807 0.022202153621995846 0.008442951388645925 0.03733935008794664 0.028370642299519355 0.15646712160713355 0.13279825739027987 0.0 0.0 0.0 5.0
494 0.050662183137525796 0.012681436503135801 -0.030748562171990845 0.059451571936024905 0.021655053826460602 -0.020954291142899928 0.05794944603235397 0.020564051349817536 -0.021192226752788312 0.16532716663803865 0.16299542182871132 0.0 0.0 0.0 4.0
118 -0.013837647750525317 0.008390730570705829 0.021106207134173216 -0.019447687969328387 0.00476624653720692 0.009490017330469058 -0.020818188072952215 0.0017272140851800621 0.006544018904313331 0.1286467533394612 0.10462159398203182 0.0 0.0 0.0 4.0
309 -0.012676127826033445 0.003413056263797065 -6.117073423550501e-5 -0.009680818454353868 -0.001877976353838684 -0.00529193639439729 -0.01021915098116788 -0.0018910221349187628 -0.005634365072941017 0.16444038224754448 0.1761932782999834 0.0 0.0 0.0 4.0
184 0.004347012911315229 0.03521457771368364 0.006143300872529123 -0.014047912090965453 0.028285810139070833 0.009277856015037944 -0.012121603423978833 0.026666371351628193 0.007683760135998918 0.13401747449318577 0.11937747197823424 0.0 0.0 0.0 4.0
435 0.06093441269523536 -0.008085809678962996 0.02115447904201062 0.035386862397081664 0.0050935465949049075 0.040917218435996494 0.045861284467087815 -0.0010049552228826863 0.031465308313692875 0.10672307753887121 0.13213501569782007 0.0 0.0 0.0 5.0
246 -0.025095014252293213 -0.007499874929271844 0.005686619302700535 -0.02699297583506788 -0.014865089199771697 -0.00409217579456711 -0.025358999319980313 -0.010389974901598986 -0.0003937798436079998 0.15052954288779138 0.17044956894053356 0.0 0.0 0.0 4.0
371 0.006786171369639993 0.026917721811422934 0.0377658998659145 0.005312262450973826 0.033138168625288955 0.030284481713731548 0.0045791339867971015 0.027871193618351775 0.035729019755553315 0.1603134275685663 0.13721255701087967 0.0 0.0 0.0 4.0
57 0.0584018338392851 0.041839020263474636 0.029094703651781906 0.05285334374980044 0.033688769529666596 0.018813462022032157 0.051512804721453254 0.03307469012440234 0.019552275931755236 0.14281044565178747 0.159148868741193 0.0 0.0 0.0 4.0
495 0.03324510282118065 -0.008507000521944086 0.014644019045002121 0.018610913385518124 -0.023495631470101475 0.0043459555697409336 0.015260689455504517 -0.026278473382456924 0.0041837713346120076 0.11819844232149497 0.12225020463652618 0.0 0.0 0.0 4.0
310 -0.02921886027200782 -0.001008608198653227 -0.013300040690278125 -0.026621391459826338 -0.0008681702952507697 -0.01276902146915515 -0.026461114706183397 -0.0022906269540652335 -0.012778178690410535 0.169348820295002 0.17476190510443698 0.0 0.0 0.0 3.0
119 0.009054524864829272 0.05084303938819201 0.03819895347730817 -0.010565695257764074 0.01020511145374492 0.021761435505645688 0.0014816812741720309 0.01937910097661799 0.027898854099295045 0.15437731959117545 0.15395243875682316 0.0 0.0 0.0 5.0
185 -0.007622592669190298 -0.0018405696792657134 -0.002857281208126339 -0.006882493035076376 -0.002034241297016126 -0.005537122106401893 -0.006319111057684901 0.00279862036196743 -0.002482045554797363 0.1577329126881471 0.17175486937484213 0.0 0.0 0.0 4.0
436 0.01866409730339824 0.042433045128625224 0.016096677827350803 0.020107949246034318 0.04383857876632802 0.01902890730245055 0.019743596216377668 0.04088537017916738 0.017371990054550812 0.1363818428068332 0.14959308153794768 0.0 0.0 0.0 4.0
247 0.03324433669478988 -0.015951495359384116 0.005781509385462513 0.03496261792477395 -0.011525288535609524 0.008288220796776491 0.03386370386437165 -0.012092146913160962 0.007076980146252243 0.14021220827293285 0.13573672145137913 0.0 0.0 0.0 4.0
496 -0.005868588212332382 0.05519392552319946 0.030342333146213818 -0.006042686618646265 0.05226425925106071 0.031272974472854154 -0.007150701858817166 0.05275048797978443 0.030644422906142665 0.127928973042952 0.15001034676603633 0.0 0.0 0.0 4.0
58 0.018139001788884057 0.0515067627768282 0.04381153773183932 0.011884276444894759 0.059077716665080215 0.043235205860415515 0.019708262064973336 0.05944746203167606 0.043424778331695 0.15659472914445577 0.16573062978552827 0.0 0.0 0.0 4.0
372 -0.0651207393083103 -0.09228327683953119 -0.022861673092515744 -0.06076647385634637 -0.1039481279607336 -0.02438896716208183 -0.05950359192975452 -0.10143106571359628 -0.020121653974101816 0.1808279266766927 0.16278864065134072 0.0 0.0 0.0 5.0
311 -0.01979883180129094 -0.04200197809314765 0.01593711958575983 -0.015611543635363767 -0.06002887566409132 -0.0036907135776969024 -0.010350394597696932 -0.06112211417044 -0.003501730816528492 0.1845896392884958 0.1726709991567934 0.0 0.0 0.0 5.0
120 -0.04466292460949095 0.006531840183076509 0.0013760630626526993 -0.048438062318645 0.015022620746709903 0.011183230933756061 -0.05095830160000514 0.018656184600170933 0.012821031473494893 0.1341486972179331 0.1346574005962107 0.0 0.0 0.0 4.0
437 0.013168836133246486 0.02612384690244407 0.028896720668001752 0.01817021263369467 0.026642022299220747 0.03581897314905902 0.017224901867753717 0.02492440143671404 0.03433628078871287 0.18512766739802544 0.183701830829561 0.0 0.0 0.0 4.0
186 0.07549739465562455 -0.0027358542192610358 0.060569760247640936 0.045725098799560326 -0.0009497239087705722 0.04595627508572253 0.041570629940021364 -0.009986065916029574 0.04454628503222047 0.13917595569869712 0.14211562198863126 0.0 0.0 0.0 4.0
248 -0.003590074944338162 0.017604351114828276 0.006711092336991742 -0.005330719569983211 0.014390602299825028 0.004296260462099077 -0.006674398124426717 0.01631042880632272 0.005417143746164976 0.12633156772745024 0.12449855687786135 0.0 0.0 0.0 3.0
497 0.029290083616035023 0.0008833012627349479 0.011123014412398602 0.023206831132156935 -3.414495431119935e-5 0.009313873309121368 0.022205573957569724 -0.001238413367670832 0.0075299160389963316 0.17424436106153995 0.18798304182231979 0.0 0.0 0.0 4.0
59 0.024999769801452576 0.00368808258835851 0.0110759667464988 0.03216900757047614 0.01111156273917202 0.017168751529287762 0.03302936794115818 0.011397288545958562 0.01415166247599453 0.14689742744143444 0.14170838041813671 0.0 0.0 0.0 4.0
373 0.03684792260723291 0.006724446652525806 -0.029781430076160076 0.03924574850087614 0.007121880066973896 -0.02109545831024151 0.03870344699553674 0.007703226581441847 -0.02197891599493451 0.18334728910375633 0.15381410101609064 0.0 0.0 0.0 4.0
249 -0.014376346937550522 -0.044886711052419925 -0.004815766118119846 -0.0224818560840524 -0.040310922625875545 -0.008098107257207832 -0.024642126792274288 -0.04188949024134114 -0.007433214986107606 0.1896239318999386 0.1777602692758307 0.0 0.0 0.0 4.0
312 -0.03402390690261603 -0.01847992412262378 0.09399723869022325 -0.016634623503366308 0.025529641101751377 0.1152766505983649 -0.03445401644263668 0.009452060184792055 0.09346619326885341 0.12696298655884994 0.12980009501456774 0.0 0.0 0.0 5.0
187 -0.007509506745101757 0.073303612332146 -0.03102150257807379 -0.009780413131758259 0.08133610680108205 -0.025764549045407148 -0.013164822418540889 0.0721616487628971 -0.025112346794631146 0.14222952208995265 0.1138970073004854 0.0 0.0 0.0 5.0
121 0.1762560815298222 0.12268677454649612 0.15751867895493588 0.19568520004239742 0.12576907502107115 0.1751912751154192 0.15670744181125307 0.10591751222280066 0.14603978941985063 0.14566791887617325 0.14279761579562844 0.0 0.0 0.0 5.0
438 -0.06867293474571001 -0.013689126782594263 -0.042608446188265425 -0.08600648259706101 0.006169030170270151 -0.0072711451072917654 -0.07609529979583929 0.00800382165878255 -0.004556977683718988 0.18007086189157287 0.20487929615186212 0.0 0.0 0.0 6.0
498 0.023597577548270854 -0.018564915783765512 -0.02869087554292149 0.01825515291868718 -0.025582781973463087 -0.03256365811482198 0.018772705600935247 -0.02394017085154454 -0.03140041024569529 0.15893900559526855 0.14214744971361276 0.0 0.0 0.0 4.0
60 -0.009168936643264458 0.027036385826016307 0.023792882740336196 -0.0073872567022347235 0.030301191865847343 0.027369147564653806 -0.00759953008987535 0.028462014448022765 0.025398593577182993 0.13804816957518315 0.12178797086369983 0.0 0.0 0.0 4.0
374 0.021282701804419935 0.024022760193654458 0.010192126397614798 0.017889584435514694 0.020785117902995642 0.020941249427826936 0.016028498599571117 0.015607164554069852 0.018149113810583817 0.17750425979091794 0.16422821995382217 0.0 0.0 0.0 4.0
250 0.0063890239179873465 -0.01844574706803981 0.03190351561975846 0.0032304509442517837 -0.02190580832844402 0.028483702564098934 0.004021496678973557 -0.018887551452763218 0.03071547863900248 0.15788639531352552 0.13676075711982189 0.0 0.0 0.0 4.0
313 0.0024134569483682533 0.01904906984673649 -0.0003887119563692476 0.0011352398239845574 0.017315855693937676 -2.6737579265079248e-5 0.0018805489957869348 0.017758491413607524 -0.0004289624027330463 0.16140614959532032 0.15869950887014897 0.0 0.0 0.0 4.0
122 0.017720148624737808 -0.007245304731866242 -0.0005908706965873645 0.021810399285910664 -0.002470753831310235 -0.00311881529345992 0.0208422784321578 -0.003586887462982302 2.4456068149047994e-5 0.1280511142994021 0.13587155029802703 0.0 0.0 0.0 4.0
188 -0.04234140072039139 -0.00115953522473633 0.0019917032450156302 -0.04163028915095479 0.00309063083851413 0.011205113975561343 -0.03611300446757182 0.002256597619013201 0.007487148107914843 0.1654127802329381 0.1577214244620956 0.0 0.0 0.0 5.0
499 0.005420468250657784 -0.14053079841554328 -0.09916732191692623 -0.017417800660369465 -0.1395299002260738 -0.10551819620290936 -0.009446703629062414 -0.13640381055776263 -0.10201824567664308 0.16836435964291793 0.13472377570512 0.0 0.0 0.0 4.0
61 0.00414161877538155 0.003948760198671408 0.007834043990198047 0.003419613844892533 0.002226899060523202 0.008638792591582511 0.003329464690824624 0.002299508880255541 0.01136896644128682 0.19057139656200742 0.16506367093217186 0.0 0.0 0.0 4.0
375 0.026177642988675753 0.03690652879672007 0.00400389029693482 0.016599902417598678 0.027408339921470626 0.004281757854282864 0.02063372483803616 0.02904459011382765 0.005369844087337761 0.16551723805811333 0.14118910481233293 0.0 0.0 0.0 4.0
123 0.0017982407855396954 0.016412496538023014 0.002229852119357556 -0.004286633684064123 0.013202539593112572 0.00115516273908578 -0.0033961162822445656 0.01292925920996879 0.00010494134715366421 0.16101850353490677 0.13011737871347445 0.0 0.0 0.0 4.0
251 0.027758711754015675 0.012442942845514615 -0.06328546609428598 0.020828859541574207 0.021924055483519833 -0.04236408414305015 0.017957393214077966 0.02151861047271586 -0.04456475275070704 0.17448060169988036 0.15765846633811287 0.0 0.0 0.0 4.0
314 -0.0030197800257116825 -0.022005954103735403 0.019536635967628557 -0.003533923024400587 -0.016222229624352047 0.02361624181682931 -0.001672523867474629 -0.014060595158600475 0.028169826304825563 0.19325738435534112 0.1792935999003507 0.0 0.0 0.0 4.0
62 -0.04324913606450642 -0.04126109478664397 -0.029496026205989345 -0.05146725629823701 -0.044395432486287634 -0.030783077858421493 -0.0496517349087775 -0.047251687709711665 -0.034511820827235695 0.15658948078215867 0.13600690209315983 0.0 0.0 0.0 4.0
189 -0.027157955335179396 -0.007972148412202062 -0.02735967391485794 0.006540437156090206 0.035141288416885796 0.022896342011633264 0.009833935152220752 0.03361250352862499 0.022632385496088148 0.12695030567086635 0.0830201014582288 0.0 0.0 0.0 5.0
376 0.02409539882109546 -0.07246787663265075 -0.01739705482471987 0.0757763129407889 -0.06845782286718904 -0.025467649874162723 0.04739938901592322 -0.0776450618426493 -0.03369729130758614 0.15284348612894394 0.17017305965145824 0.0 0.0 0.0 4.0
500 -0.14161814460126887 -0.06257575270038362 -0.04218326324462196 -0.12340808872017828 -0.060047343429930344 -0.033348657773696444 -0.1294942568238634 -0.05065644505616629 -0.023492269315839143 0.16794819445297132 0.17058889709684222 0.0 0.0 0.0 5.0
124 -0.011691207090630207 -0.011715674979643542 0.0035538336776548274 -0.010175392062372168 -0.008329137959550481 0.006351181290182417 -0.009954148961983544 -0.008791261686122875 0.005875686712609074 0.14487282865535306 0.14596158694665987 0.0 0.0 0.0 4.0
252 0.0019182743291188409 0.017133157254364928 0.010192679026422846 -0.00017973808986970763 0.015775676775398928 0.0071072996706729175 0.0005107741134839916 0.015659178156610887 0.007203553346172731 0.18009305190940583 0.15279912493451908 0.0 0.0 0.0 4.0
63 -0.006113742850913817 0.006928143453941882 0.03271095370809873 -0.00485251219448235 0.007233981080116747 0.03309464245642868 -0.004903064194292428 0.006520915899854263 0.033529004303935794 0.1307217621643684 0.16209315836588445 0.0 0.0 0.0 4.0
125 -0.04347460360112898 -0.025753699944586983 -0.04149519726906592 -0.029089792200109876 -0.016914251721918294 -0.028044522909993264 -0.030578120537262166 -0.01681864090468954 -0.0290445452682776 0.14951997707699055 0.13760761472195587 0.0 0.0 0.0 4.0
126 -0.008980023890780231 0.011026898259040463 0.011692434556331621 0.0028266732260422422 0.009748605213911743 0.0043111684794794325 -0.003335931037292461 0.00992987221335162 0.009198541650923708 0.1841768062205602 0.1428987083714614 0.0 0.0 0.0 5.0
