439 0.003549276330327311 0.01929511144514895 0.025285472195637704 0.020693894996324902 0.029275398464276403 0.032399538098573544 0.022615799573727946 0.03158184980435297 0.0277008137295065 0.16188247303866277 0.1426922348590547 0.0 0.0 0.0 4.0
190 0.008340098614757485 0.012729930971292935 0.03669122877236952 -0.007477303489686782 -0.0005632788426859214 0.018499447339726638 -0.008191053885537092 -0.0031309864607339533 0.018284173507635115 0.12641133660435694 0.10313200714082747 0.0 0.0 0.0 4.0
64 -0.009303866067934763 0.015649650125831638 -0.009543456394220273 -0.004448167692747695 0.008571615806311828 -0.029927901992256256 -0.005361843723684312 0.011958366199713799 -0.02962174589843991 0.15459086389343007 0.16250925795011628 0.0 0.0 0.0 4.0
127 -0.018895345992348656 -0.0008537238600566655 0.016503763149766426 -0.00232662606421985 -0.006757544405146643 0.00800709694936863 -0.0038819982233389005 -0.004909474779777767 0.009840350288362165 0.16725959706213117 0.14336028599259337 0.0 0.0 0.0 4.0
315 -0.021090529650651724 -0.026617754639779556 0.016005993662863816 -0.038978715292274146 -0.050808266036296734 -0.011600187101368564 -0.03390558748396255 -0.05123039239126925 -0.012398936896662494 0.1518402192171909 0.1196238308105616 0.0 0.0 0.0 4.0
253 -0.007750945020134958 -0.004595464761236623 -0.03326896305800209 0.007823233072739466 0.029613905226147486 -0.0016145670853490168 0.0053983057656004085 0.026862028947102656 -0.003988991096254169 0.13756389809369848 0.1192057012758746 0.0 0.0 0.0 4.0
1 -0.02160314779938155 -0.02993812941114038 0.029413735608314173 -0.026491087702962046 -0.05253996358027313 0.03342372271079319 -0.023994973377800766 -0.04597744250598801 0.02515745446714046 0.14396124166305277 0.13450512128003225 0.0 0.0 0.0 4.0
377 -0.037558097773323085 -0.18235448599660986 -0.10781462689051002 -0.04051278612981346 -0.08574513318101673 -0.024543000100050283 -0.043724685136466324 -0.09007920670460123 -0.0271118474920774 0.16716304686920758 0.16364364383224206 0.0 0.0 0.0 6.0
191 -0.03865998839762386 -0.017609778601558768 -0.005745400107676768 -0.033062813935246016 -0.010605569026540418 0.0018150219234225329 -0.031820188395143 -0.011644377401206052 0.0015875272315142297 0.16206305624489484 0.13817624458062458 0.0 0.0 0.0 4.0
254 -0.004876563951973889 0.03454306100793558 -0.029513107284126705 -0.003516715053797359 0.04124622350605556 -0.024934424198258753 -0.0028251167301137636 0.0407663596049439 -0.022300896413024907 0.14438986952424934 0.13868807173213804 0.0 0.0 0.0 4.0
440 -0.001019074024035116 0.02649590873565666 0.03770216377667768 0.015480822342998524 0.01626065227204565 0.02105816883169731 0.010052560610646966 0.002367732206241646 0.024342685539725295 0.14677402265362288 0.1223542986725036 0.0 0.0 0.0 5.0
128 -0.017868412336001005 -0.01542871077642105 0.06127612944739447 -0.02212767386860781 -0.027883986050635134 0.0467178498517109 -0.02036073049859033 -0.03130947432430109 0.04930669054667236 0.15852109477622708 0.15398775447345264 0.0 0.0 0.0 4.0
316 0.020341553373967924 0.0010446286065119992 -0.04355244320114071 0.005061388800428945 0.016237331850619485 -0.035264268462235515 0.006373284345214669 0.01640258310317866 -0.035425246219793705 0.16445225174513103 0.15924731903501402 0.0 0.0 0.0 4.0
65 0.013522738668298784 0.011710173066666218 0.010568376483887088 -0.004001624899076295 -0.006575958066339371 -0.0017002686462759264 -0.004084055364287464 -0.009203225086924949 -0.0027632011059667283 0.1652358671262083 0.14404942915669683 0.0 0.0 0.0 6.0
2 -0.015447155548731772 -0.060323156965723546 -0.005979872323170765 -0.007234721570499758 -0.039639096200490886 0.026489817811940597 -0.006940445558290431 -0.040341915057233835 0.025547963200848622 0.17979917752431177 0.16099150428301814 0.0 0.0 0.0 4.0
378 0.009726061252168572 -0.035617464051951764 -0.022778871370350617 -0.00032477645347539497 -0.010905345224844876 0.020157851861126286 0.0038379014149594326 -0.006845330028188101 0.019532605574864803 0.15802374324454138 0.15442226084079475 0.0 0.0 0.0 5.0
129 0.02743122156435418 0.019125711930357836 -0.005614473326544189 0.0024674851266537345 0.004310884249583813 -0.025209043016111488 0.002805223800059098 0.0071470778338713625 -0.025036316442701656 0.15242413916473407 0.15838276000965942 0.0 0.0 0.0 4.0
255 -0.016932219082884115 -0.03426979733323432 -0.01422617988575392 -0.0023993931015087178 -0.020574693793823373 0.0003975890752911937 -0.0024935008649232815 -0.019251338219936742 0.001689412800572887 0.14607266353324053 0.14249563324245704 0.0 0.0 0.0 5.0
441 -0.017855782985737867 -0.06619890000494699 -0.024054109006660274 -0.022670612289181324 -0.019620038647300442 0.008161603011100915 -0.021112719725724705 -0.025491453349412274 0.009750932333350448 0.16294283848050434 0.1441468877889623 0.0 0.0 0.0 4.0
3 -0.01831115240846537 0.005763333154648054 0.027388946085468602 -0.020476966134023833 -0.013765821530108413 0.004111149766742761 -0.02125921482360782 -0.015847659103789935 0.006644379099379094 0.14312525519391042 0.14019785306203802 0.0 0.0 0.0 4.0
192 -0.007371003068346482 0.04489733233001103 -0.004417314010048301 -0.021524136514178394 0.018252285508561394 -0.039303249704416454 -0.020660569189210776 0.01921697506035902 -0.03870801764490828 0.16324089362548727 0.13206825515179071 0.0 0.0 0.0 4.0
317 -0.0102929132364451 0.019567844931616563 0.02762955632439601 -0.017443782012553366 -0.01562069678215261 -0.0029272711204362256 -0.019557296315030892 -0.010041999962693726 0.0016116244157677873 0.1470406439494546 0.13391165983789438 0.0 0.0 0.0 4.0
66 0.1396120781987682 0.1568859017604871 0.10908724134676584 0.07402596205065182 0.08155442907558097 0.022510712475463324 0.06089694990090111 0.07328456867245459 0.022126703378816615 0.15383992832762608 0.1506448443893228 0.0 0.0 0.0 5.0
130 0.023145213891698546 0.035671541768167225 0.026666150980210857 0.023144338515777685 0.009421569949678688 0.008768200614373445 0.02274672487203211 0.008887232702118775 0.0061681670439031056 0.13726364590175313 0.11462933315678697 0.0 0.0 0.0 4.0
379 -0.005025254078185437 0.05094357086087631 0.12169522772145402 -0.0402250829200852 -0.017507330164623247 0.03825984866422538 -0.04201337554894824 -0.03419518237811403 0.042951789653244754 0.1432352515636009 0.14005009861007287 0.0 0.0 0.0 5.0
256 -0.06153464426892685 -0.08568128050106838 0.04164031962755588 -0.06986337543522714 -0.1007242059569532 0.011491844365604464 -0.07046026341898193 -0.09427511270220235 0.01185835709685934 0.14764358524698112 0.139493355126306 0.0 0.0 0.0 4.0
4 0.015420549747507062 -0.0020887763180409413 0.009811220203442161 0.008663597637074139 -0.004205337749806137 0.002868776248978744 0.008844233120677503 -0.005138625369743521 0.0037595434438486564 0.16424318188517123 0.1587284366517925 0.0 0.0 0.0 4.0
318 -0.020125747882367873 -0.00925776447831217 -0.006241007678665311 -0.0009332706434500571 -0.003972692128245581 0.002563310765937965 -0.0005714694107793461 -0.004412662473730511 0.004497099249289649 0.15176746234842253 0.13361284746026825 0.0 0.0 0.0 4.0
193 -0.005328150829145728 -0.00913517824392418 -0.006865137885494477 -0.0007153877615583282 -0.013641997841225662 -0.001645295365651278 0.0022554008320931906 -0.009431220370804017 -0.004252617642525602 0.1700068778934497 0.16061616712241408 0.0 0.0 0.0 4.0
442 0.01155166604875113 0.010096116507201325 -0.022661241248327357 0.012386574581089382 0.026206999655945307 -0.01801346264683734 0.01031219973108688 0.02510247709506208 -0.015584615353122055 0.14837810794602785 0.139373230510057 0.0 0.0 0.0 4.0
67 -0.013959607587044065 0.011102125464239831 0.0212810051670147 -0.010436210567131732 0.0012057388175394923 0.00602785485887658 -0.010949574352195346 -0.000500844410628809 0.0054881822646239975 0.16407674880752302 0.14064778886497303 0.0 0.0 0.0 4.0
131 0.0021469878250472973 0.00911262432038451 -0.007931528625819584 0.00446760272330371 0.011452334800290842 -0.007512176269306781 0.003790200756795592 0.009517733948523954 -0.006069496863398305 0.15460191260612619 0.14096062735549686 0.0 0.0 0.0 4.0
5 -0.030221246476397567 0.004005670514504622 -0.035629269804356434 -0.007817235004018874 0.008124397553050722 -0.025657102699882084 -0.006583447239030482 0.010516493417829231 -0.025558630207445865 0.14670942977693227 0.1305687407086321 0.0 0.0 0.0 4.0
257 -0.03972429613091921 -0.007659553713023737 -0.02596679185587447 -0.007392853864431448 0.008701397128862975 -0.00483274424026392 -0.004265414902443809 0.018940854573372246 -0.009549483254668867 0.15476282314788095 0.13750214712725103 0.0 0.0 0.0 5.0
319 0.03550570852202273 0.03843618654950265 -0.03140316773994822 0.031126826499062288 0.042864013492125874 -0.026300961847259274 0.02992763988349556 0.04088690842347953 -0.02735902644824184 0.15984775526296227 0.13773291446018568 0.0 0.0 0.0 4.0
380 0.005746311079172672 -0.035186382606198996 -0.005689017445689504 -0.006921807004001801 -0.04791044352855467 -0.018535805528385296 -0.006101898227551139 -0.048411737629022955 -0.01908263716093328 0.14483846392921107 0.12680700154460797 0.0 0.0 0.0 4.0
194 -0.03459599656019885 -0.017815830587737502 -0.015943672250055108 -0.012302004922699061 -0.00599707681239614 -0.00418498235106779 -0.013918738502092909 -0.009136098487425803 -0.0052888890312506875 0.15762255747203233 0.13609716679049885 0.0 0.0 0.0 5.0
68 0.007177889231272827 0.007103300658965361 -0.02349964503414126 0.00784308646202847 0.014772109113632581 -0.01814146687989493 0.008830549620268968 0.013245359862526174 -0.016519911553584232 0.13650512498694614 0.13513625311037056 0.0 0.0 0.0 5.0
443 -0.040370489293471756 0.037049486536263165 0.009737559021043118 0.007045091449597418 -0.01052902032649905 -0.027341872158265113 0.012715466803034259 -0.0038921978370368704 -0.0281033749235976 0.1505365343840541 0.14439658259298246 0.0 0.0 0.0 5.0
132 -0.00798962176371032 -0.023636407080005473 -0.04474271657124851 0.0036439567288959474 -0.001459988559201375 -0.02340500537337742 0.003101841305451325 -0.0015158538585956505 -0.02404370916745424 0.15233338623583095 0.1406790433713033 0.0 0.0 0.0 4.0
258 -0.003399579322521551 0.04954733307091175 0.02282527237630383 -0.009396766831164527 0.002777831753290272 -0.01908487065753306 -0.0072752010473735584 0.006615319922810503 -0.019225036800091466 0.17085382317595543 0.12290192678263816 0.0 0.0 0.0 4.0
6 -0.032905741591487736 -0.04074852419363517 0.013608927193936582 -0.012229582540019712 -0.04102424046163056 0.05817708777990149 -0.014516280301563711 -0.040970916247618505 0.05274083902549265 0.12969376690347895 0.11175570745385932 0.0 0.0 0.0 5.0
320 -0.012216927623807217 -0.06226367346265027 0.0541273886564142 -0.022710979320189506 -0.06330903864590631 0.049707102840736095 -0.02608294559989066 -0.0649451611825882 0.046086537824553186 0.15467798886643955 0.13078911846057395 0.0 0.0 0.0 4.0
381 0.02767625554618891 0.0006838524064607387 -0.004602520495725182 -0.009762441280553924 -0.015750137458304225 -0.03732818291533002 -0.007097926467531712 -0.013263430739608006 -0.036533638646614075 0.13464561731692984 0.11415027068491936 0.0 0.0 0.0 4.0
195 -0.007418702389037857 -0.05748222786503154 -0.004984291113954931 -0.018486610934972947 -0.04118195248735479 -0.0038036450366921715 -0.01797652646198744 -0.04327199711332219 -0.00285883669263709 0.1627201651986425 0.17346866250398116 0.0 0.0 0.0 4.0
444 -0.004177210769357953 0.1526074877596031 -0.17115514907024676 0.04599448512689275 0.15694332586572513 -0.14762010618722965 0.055291241047960904 0.16002092091272524 -0.14534865622697757 0.14760919730564745 0.1374217741480331 0.0 0.0 0.0 6.0
69 0.014582930034431119 -0.04203763757833756 -0.007726323587433859 0.010608956954125004 -0.042514100874255445 -0.025996885310044404 0.011063444224892027 -0.042492834440359006 -0.024597228840681717 0.13621097668306034 0.12644720275660734 0.0 0.0 0.0 5.0
7 0.015293185548779897 0.028238451351301652 -0.0261423903595982 0.012839065647580306 0.04605844012060767 -0.008699414843317932 0.01308455752878479 0.046483804869626555 -0.010027146519462793 0.16277246501599754 0.1659957234632234 0.0 0.0 0.0 4.0
196 -0.0032600509294709035 0.018360843429252816 0.0004188205658244293 0.030928413291333445 0.03503512984494783 0.010643549799886687 0.030888704258492217 0.034459919221929924 0.010824151917216973 0.14622460354662756 0.14798354125966123 0.0 0.0 0.0 4.0
259 0.006842706499651241 -0.026353213999881886 0.00569254242417494 -0.01920351647642682 -0.032810711339098186 -0.0032535515652559743 -0.017319437009591043 -0.029980982507866183 -0.001175971212163729 0.15729327320119862 0.1387967156276065 0.0 0.0 0.0 4.0
133 -0.04497431381885375 0.005667483290008324 0.005361939703477203 0.007241522373911735 0.03976752111488713 0.029651116931530108 0.009910439758778367 0.03537583321825166 0.037689957706721344 0.12988464114926218 0.11094458680456983 0.0 0.0 0.0 6.0
382 0.1811592101559727 0.12649102188291472 0.1319952062811922 0.0657326588539715 0.057625146835022845 0.06543440108691745 0.06825602657479024 0.057588990444126464 0.05649977258407812 0.13182091380662764 0.13365651317604718 0.0 0.0 0.0 5.0
445 0.025864330200435326 0.008635022980962193 0.00855226511258178 0.006695383277375955 0.0038328332508923424 0.007138240048519595 0.005357994849418901 0.0029621867303639693 0.006917054239686138 0.12224520651320116 0.11969471051704739 0.0 0.0 0.0 5.0
321 0.00276386839626519 0.005113630468362995 0.008135467092136084 0.007262584242651471 0.013636679972594434 0.019760566321602502 0.009278765056109028 0.015478692426518448 0.020483886410812335 0.1460791285675768 0.13627638631175648 0.0 0.0 0.0 5.0
8 0.007813290550984231 0.0049504907885937754 -0.003442859581290647 0.00900170979635595 0.006909128876245951 0.0016913696895501928 0.008886534140619462 0.005734224689138978 0.002192658650355339 0.14809027938237748 0.1514948030315495 0.0 0.0 0.0 4.0
70 0.005438007829671632 0.020016639524974567 0.015745306463026187 0.015618889366075583 0.014278564223049628 0.006198609757540607 0.015160365820988009 0.012599770141533462 0.0059715950292673625 0.14486742271759975 0.13282558184347718 0.0 0.0 0.0 4.0
260 -0.027537425267101567 -0.01968843484353211 -0.03564500670546744 -0.021378100410528122 -0.014238338944874918 -0.03155496630205146 -0.021135215764857662 -0.014501594631824655 -0.03145689754775416 0.16009183298330515 0.14167457300486105 0.0 0.0 0.0 4.0
197 -0.07945889669262951 -0.00944424281268963 -0.04612872676771651 -0.043811303732969153 -0.0074105470230280135 -0.04306479199755031 -0.04256106380275182 -0.0055061532127255175 -0.04464020368129917 0.13984813949229866 0.13028388706855232 0.0 0.0 0.0 4.0
134 0.0005625678128027278 -0.006921758184625149 -0.016764239807194214 0.014530170215049543 0.02273419945087718 0.01776560817257411 0.01476187904566606 0.024504850024084313 0.017431642730821872 0.14827030435569308 0.13536575991171437 0.0 0.0 0.0 5.0
383 0.0052773823287382005 -0.003982491340111527 0.014691656565671174 0.013962798237313612 0.0026608085448991403 0.022808775808106585 0.012258393457811101 0.0007088290569499112 0.01727720970077784 0.1576271802024661 0.14796649978189222 0.0 0.0 0.0 4.0
446 -0.004471969672139364 -0.00292865509699769 -0.03453701248689345 0.005377670460661177 0.018454930590578567 -0.017945815615207583 0.0034469448998548646 0.015542127425224095 -0.018201247798169784 0.13686359527596503 0.13196213602954898 0.0 0.0 0.0 5.0
322 0.002365272524902595 0.0032152999608565658 -0.010213696195506827 -0.0011720647946049656 0.006249371725568942 -0.0012109398718587183 -0.0002135905685329842 0.00791540423677306 -0.002380567315769855 0.12847126553163704 0.11510186002421165 0.0 0.0 0.0 4.0
9 -0.030589794611771137 0.012295574306115942 -0.03302764121857105 -0.009910590913765005 -0.005378161831459671 -0.03837420037208328 -0.012613636325036204 -0.003999282905413515 -0.04406236639693306 0.17738662424648033 0.16479965399733823 0.0 0.0 0.0 4.0
71 -0.006885678979094201 0.0018274742283750367 -0.013677993795839116 0.00245694564401977 0.012375995248609994 -0.004487865871193986 0.0005835862755707577 0.011137588410139898 -0.003690149849520985 0.16451423250620476 0.12503390658346447 0.0 0.0 0.0 5.0
261 0.0015328392160471882 0.017746217343862947 0.00013669419877015976 0.008999100067748955 0.027373932891235686 0.011029571386139914 0.00913241060315828 0.025488607714325484 0.013500351263289412 0.13890501261090565 0.12413144969881358 0.0 0.0 0.0 4.0
135 -0.0005019421450759287 -0.05187970780661477 -0.03203485529625494 0.0022945529770852513 -0.02589271555200423 -0.014013220645506363 0.004233053723732061 -0.02316364631238943 -0.013482821904096887 0.14994305815080286 0.13731917527422485 0.0 0.0 0.0 4.0
198 0.0604676515172089 0.1045498414431727 -0.039553533553310594 0.04706317156000672 0.11081762627405234 -0.031277056743581166 0.05022375702473347 0.1134704102042643 -0.036536206735753196 0.15080186113689167 0.14071536804586054 0.0 0.0 0.0 5.0
384 0.00828738059302303 0.008184254540257063 -0.01458679487700587 0.007998221579642362 0.010000924150238122 -0.01092317540772103 0.008000264971310678 0.010924231961503716 -0.010930059283660642 0.15747267060745426 0.15198961855266716 0.0 0.0 0.0 4.0
447 -0.022647675577720516 0.007507411479905857 -0.021380713830314257 -0.0015577789721343827 0.008142652384311111 -0.014749860744976528 -0.00039231396180883227 0.007783930638085135 -0.017411361884335785 0.17330507003578283 0.15600055189916068 0.0 0.0 0.0 4.0
323 -0.07370396627656195 0.015492885586771532 0.0013282372922942542 -0.015816701958634494 0.003432331318383053 -0.0029566849326283506 -0.011412473021549463 0.0030786541042491233 0.00033613192042891704 0.15983437177104073 0.147128309588514 0.0 0.0 0.0 5.0
72 -0.01417747446248152 -0.018338780544583044 0.05112784919475977 -0.023272796106777904 -0.07180009764177386 -0.007829330897946907 -0.024906253658240396 -0.06442762576142058 -0.006036843596134767 0.1444326416981759 0.11304811995546815 0.0 0.0 0.0 4.0
10 -0.02135353397749251 -0.054520274713233396 -0.032914862781311505 -0.006441300349455337 -0.012324346316097134 0.008276385494911054 -0.009267021573006295 -0.0211807644881995 0.002282467899145324 0.1332638207713372 0.13155077480341898 0.0 0.0 0.0 5.0
262 0.03884496647412061 0.061786164297519486 0.043435355114219254 -0.017524810645359712 0.023752596986980956 0.004140457603904135 -0.01682205645671886 0.023047295084489328 0.001618767686835998 0.15472383424343789 0.14048463669172595 0.0 0.0 0.0 4.0
448 -0.003948177720832224 0.00808415544126162 -0.004949721148195807 -0.0028035810960916896 0.007842315925342458 -0.00397891546816187 -0.0024042163715526366 0.009219740150655964 -0.004519551383849074 0.15210545936535025 0.1283270995372771 0.0 0.0 0.0 4.0
199 0.02378435993615513 0.0108973285611349 0.0027276456016920303 0.0004710079914622689 0.019741534486285017 0.011692023124977302 -0.0042032118732807655 0.01490659479696732 0.006793184923294282 0.16779638529020588 0.16573137299033822 0.0 0.0 0.0 4.0
136 -0.0025728610137983887 0.007309090052815881 -0.0008701286876370284 -0.0060371031515653595 0.0039489570219497505 -0.0018761382489040912 -0.006770770887498334 0.0038255708169421254 -0.0020988326111482936 0.14723104432993736 0.13185939314874326 0.0 0.0 0.0 4.0
385 0.08705434270352685 0.0835093930683588 0.10680391996656002 0.048509297999359546 -0.008275462028820568 -0.023509424932366962 0.05825261739820786 0.0018556534064342323 -0.027015737558380937 0.15033592130544926 0.13628803178583832 0.0 0.0 0.0 5.0
324 -0.02575844665747906 -0.010194749879977372 0.011772789376171877 -0.002079740897799387 -0.0021851297304935624 0.018042620217805005 -0.001907493965454865 -0.002266468886318762 0.017297249016823057 0.1311657050569189 0.12375644270820897 0.0 0.0 0.0 5.0
263 -0.0049865765848421395 -0.004315589984861923 -0.0013095500296128604 -0.0019538336055778815 -0.005410248721658961 -0.003347810340854185 -0.003567791796223685 -0.00495985255528153 -0.0029839037248596822 0.15759612974609633 0.13261981419341293 0.0 0.0 0.0 4.0
11 0.0013998131009300696 -0.020295699400517453 0.011104012836733235 -0.01826255184363046 -0.0240742145267 0.007988102224376847 -0.019031361379266643 -0.02443874516889888 0.005599734259958522 0.14565633437051093 0.12245488319290067 0.0 0.0 0.0 4.0
73 0.023037627331577326 -0.009715905617776688 0.01595342920538534 0.004827284013208866 -0.012654042684981381 0.0034778819294949415 0.006579806678499223 -0.010123952805797476 0.005835376927102898 0.15534121601518655 0.1467086228369134 0.0 0.0 0.0 5.0
449 -0.02419182427297739 -0.023702244858512134 -0.0628674520146304 -0.018333920648671342 -0.0033733433243529065 -0.0350899863680566 -0.0195105996534517 -0.0021095857824509068 -0.03661478410071284 0.17050958930998558 0.1557209141121004 0.0 0.0 0.0 4.0
200 0.0590747740249995 0.05807490520479286 0.01601510982014487 -0.0027750172117453342 0.009977248246623605 -0.02948998679006365 -0.005879739253676908 0.010619699169430286 -0.03481280659597641 0.13355579457965774 0.12356672334820887 0.0 0.0 0.0 4.0
137 -0.003781838319456554 0.018695024416557127 -0.0044583096710677506 0.013576664229478785 0.012836020842106333 -0.015076681291775862 0.01584130420062535 0.0034647207453977202 -0.022921169276275966 0.15198326550131103 0.13180398983158484 0.0 0.0 0.0 5.0
386 -0.0040136238070795915 0.019059603656130575 0.003609167834556448 0.0047999069587136844 0.0220910377272725 0.004672843864568232 0.0053434965772465315 0.022283519255865247 0.004819186920197005 0.16353486627660985 0.1286996204683783 0.0 0.0 0.0 4.0
325 -0.01988592318310023 0.029531617171404845 0.0462818379582941 -0.006767482011781678 0.013081249998258215 0.03364287362263685 -0.007432478581630653 0.010143051172784023 0.03707808345124475 0.17387075894842868 0.1634408861635902 0.0 0.0 0.0 4.0
264 -0.01566827580195207 -0.0007512366576962748 -0.0013160393687463579 -0.0022075822300202663 0.008653396249600931 0.008752785049397582 -0.0023658403019028995 0.009340000579003416 0.008086619135552642 0.14537438299406424 0.13664847665365856 0.0 0.0 0.0 4.0
12 -0.03274347015504797 -0.08405788998996189 0.00597303941395988 -0.01576244681580763 -0.06048379318023067 0.04879912540702391 -0.01466023375964276 -0.06645989310312284 0.04806969920490767 0.1659507454100113 0.12606935959019597 0.0 0.0 0.0 4.0
74 -0.009467496029292533 0.059302421296480556 0.005887023307467931 0.02209185703547578 0.0722969145323924 0.023315460129663235 0.01874667590651735 0.06644570718817566 0.025622650017311788 0.1315315000783699 0.12376800388411853 0.0 0.0 0.0 5.0
450 0.033019547619489 0.06489610701043991 0.04555907688497074 0.014902102901036107 0.05836004678678797 0.022291994902482903 0.0160691215072557 0.05653138113398848 0.020145738927686008 0.12901800175553493 0.10652447058522609 0.0 0.0 0.0 4.0
201 0.021737067789615372 0.016268352319462664 0.00905428064688496 0.02279045190556994 0.018222411765550284 0.006672877096227214 0.02277577215500215 0.01599879270605542 0.006609358507355445 0.16154236553171733 0.13276864315717948 0.0 0.0 0.0 4.0
138 -0.02971135950251591 -0.007339458921852393 0.01347198101258873 -0.026929396424379637 -0.029865789623701344 -0.007652242941763476 -0.026750902814907773 -0.02779672190463134 -0.006756569074248375 0.13254709885494195 0.11872311540544911 0.0 0.0 0.0 4.0
387 0.018834017082392407 0.0189884941858518 -0.023810393073131597 0.013266399081109714 0.04803357066119407 0.01193820786965305 0.013746165754332296 0.050654412713748265 0.012207926884110432 0.1780516445863997 0.16785351834067896 0.0 0.0 0.0 5.0
326 -0.009941726277419072 0.03310698331919193 0.022234607361465875 0.01452489182757688 0.030992236112221683 0.024400544065818153 0.016587327452701084 0.029351138543807664 0.02698138942800621 0.13769717353773428 0.13805897468139813 0.0 0.0 0.0 4.0
265 0.012296289019168238 0.004584855375922237 0.0012202764692497148 0.0003821067753764229 0.0036724044209546225 -0.0002592481984292627 0.0013413640492183632 0.0038252515107628504 -0.00040719158813218304 0.1461896969885891 0.12051707337801508 0.0 0.0 0.0 4.0
13 -0.004857708472925437 0.07599445690185469 -0.013627469576905638 -0.008574731315942552 0.047445130942483926 -0.08211507380217697 -0.01292009715393394 0.03970132658072356 -0.07568930422410158 0.12471939031877498 0.1277961552284391 0.0 0.0 0.0 4.0
139 0.04096701915650125 0.008046774722348937 -0.032313451660732295 0.021303826929851777 0.00970845328367309 -0.029165514218699395 0.021113917973096807 0.008250796494304824 -0.028628782342088654 0.1486679087507759 0.13288463906457873 0.0 0.0 0.0 4.0
75 -0.0057414070005070705 -0.03276707211093621 -0.03663873784855742 -0.01428030250350909 -0.017962256362613838 -0.018771131401738916 -0.012898085011953886 -0.01939365781726543 -0.01774205020118147 0.12132667235536275 0.11089468811861271 0.0 0.0 0.0 4.0
202 0.024097589007895825 0.009602656616869432 -0.03821825377829402 0.00891652143004995 -0.011142671587016317 -0.06161851020437337 0.014156392625223724 -0.003594541712551358 -0.0630223316010301 0.15094473522729437 0.13233330181941427 0.0 0.0 0.0 4.0
388 0.009431928651387533 0.030352023058620503 0.08761829294127033 -0.019641589240026125 -0.026362741777687604 0.043078548124804605 -0.017181965097036733 -0.00905041366633863 0.046313668951440734 0.14552156761422355 0.11217005361264556 0.0 0.0 0.0 4.0
451 0.013159671923409277 -0.021915630054956448 0.013504522698430943 -0.017570988009737 -0.025168872370503248 0.027990840687232232 -0.01798623928353582 -0.024483397355023917 0.025078812964595354 0.1470896956979858 0.13523282646339096 0.0 0.0 0.0 4.0
327 -0.02228025482599838 0.006634590298483012 0.007544477685448081 -0.01973097040845928 -0.0029599984260909595 -0.006691712686979989 -0.020891052834811075 -0.000700205273794885 -0.006589124127946433 0.15396335968585106 0.14938481814777943 0.0 0.0 0.0 4.0
266 0.00785770099767169 0.04101041856634602 -0.015826704703456707 0.001648809371190385 0.038497331381262434 -0.028038847065266936 0.0028834776576780463 0.03974982804686622 -0.027366615688064866 0.15007076973379047 0.1362835451123478 0.0 0.0 0.0 5.0
14 -0.011611602799636245 -0.00452491726503057 0.010621146142493654 0.0038406943427016227 -0.003367583883815306 0.01346625357445319 0.0029012079496342214 -0.003608233441536157 0.012945781617822671 0.16399695447508986 0.13908534718013726 0.0 0.0 0.0 5.0
203 0.0003037491087742872 -0.04889029488638941 -0.039059427535558244 -0.005274908945766876 -0.03204184611175065 -0.01567474057781948 -0.0047965561767330245 -0.031740573034881536 -0.016504808311658348 0.16074077236159057 0.14120538978345396 0.0 0.0 0.0 4.0
140 0.014387439507368205 -0.010938530998527929 -0.005570100344367557 -0.003179369152924494 -0.015939807239686243 -0.014869498471617337 -0.0037234781423195473 -0.016876891926762894 -0.014533977442418133 0.14681900956384186 0.13543302336388938 0.0 0.0 0.0 4.0
76 -0.06427423200168392 -0.09161671287708084 -0.08733806326990157 -0.004164072102649019 -0.02447790349554302 -0.006129207296125205 -0.011071899909467331 -0.02867980220952926 -0.010449082655516029 0.17540524753269923 0.1560737133982499 0.0 0.0 0.0 6.0
389 -0.01245112880021837 -0.021358477500929784 0.010590312406546287 0.003420184536742532 -0.012055444187314412 0.020140690750728663 0.0038781204806157543 -0.012909099910116795 0.021308582194613068 0.15243075425230285 0.1325371156481918 0.0 0.0 0.0 4.0
452 -0.0956345599184355 -0.07429591294268645 -0.1193783209346605 -0.07294888244874498 -0.035826278491487784 -0.06372952193515324 -0.06917005815125776 -0.038908159807932274 -0.06556861217983212 0.16126269251860167 0.13201041541945077 0.0 0.0 0.0 5.0
328 0.011579548453145572 -0.03508645626697393 0.004365009542748544 -0.0011193980363179978 -0.037570587286924306 -0.0030104495497861317 -0.001679410335554632 -0.03761070354771712 -0.002983717574131961 0.16947524593913488 0.15181385013185247 0.0 0.0 0.0 4.0
267 -0.0023741210481567077 -0.0010174194814237536 -0.010149086639124505 -0.01968412770805328 -0.0002403457284948507 -0.025021770820838563 -0.01878723508266089 0.000938993373869712 -0.02449229632653105 0.1263819371670482 0.119577382532678 0.0 0.0 0.0 4.0
15 0.026524379486992933 0.033451617513099 0.025068786128664478 0.05733058231064403 0.04953014900051511 0.01001225237806147 0.050395432846193744 0.045741774580001726 0.010027356904300344 0.1731215656358396 0.15227127735247387 0.0 0.0 0.0 5.0
390 -0.0021788961740206725 0.003822466536589797 0.00010035004725428287 -0.016921947710892504 -0.008270426872788672 -0.009772913735363375 -0.015422262752105897 -0.008190425376984334 -0.010471040980222002 0.1581129400021099 0.10664132026001232 0.0 0.0 0.0 3.0
141 -0.003978105568989365 -0.02556815964434389 0.015275981906219815 -0.02096438208715823 -0.03892339388755772 0.008445637319649757 -0.016466405641344717 -0.03416277153206715 0.011912410506931925 0.12961622193001338 0.11524662193736251 0.0 0.0 0.0 4.0
204 0.010263548615003115 0.029693701347294876 -0.03754634760109943 0.001444516552673969 0.031171654101540547 -0.03707597004178509 0.0010428441818555179 0.03123099918043737 -0.03709919429227593 0.16507593265180168 0.12396928937679479 0.0 0.0 0.0 4.0
77 -0.12833470473812358 -0.15787303559032995 -0.024663244206783452 -0.08818021945463084 -0.08386036241840689 0.052202787379997506 -0.08828033283563008 -0.09380105704226605 0.05152064669689449 0.1444706884882273 0.11058151371978243 0.0 0.0 0.0 6.0
453 0.019823951492880187 0.020516184447171293 -0.00918686948009051 -0.0029165326176232576 0.019706466142521695 -0.020777773095489227 -0.0005563746046207685 0.026020578766942082 -0.015992306588416105 0.15991557947840926 0.15017947916305724 0.0 0.0 0.0 4.0
329 -0.007055190665184785 -0.01784130848133203 -0.0014496287501860605 -0.011441443773963278 -0.024054095439913326 -0.0074166672449123006 -0.01065543931554458 -0.024121504168901353 -0.006859565904029141 0.15436964216143356 0.14294456906833125 0.0 0.0 0.0 3.0
16 0.020271044131096705 -0.03237424021177937 0.0009601108893608767 0.008063754665580625 -0.032724422925788255 0.004316026468829337 0.004212878929677366 -0.03365174322985631 0.0023018447700515754 0.14712752367657975 0.12489992654657806 0.0 0.0 0.0 4.0
268 0.03710280385971587 -0.050208617041056613 -0.029765325050508107 -0.0015982489953790813 -0.05046210415975383 -0.01992926110165849 -0.0009034961404160713 -0.04517533125966944 -0.021706013877569874 0.14761021888341586 0.13987348782321224 0.0 0.0 0.0 4.0
142 -0.02000803928338457 -0.02918248726012651 -0.018184243847873427 -0.0071130728453758785 -0.02063986980407717 -0.006852896570658351 -0.007548716729945282 -0.020531490286506915 -0.007526675538020222 0.1532097751445571 0.1359077776703398 0.0 0.0 0.0 4.0
205 0.0009574864953847406 0.015456040867591225 -0.009481898214629192 -0.0021808169330365113 0.0202136916918787 -0.005802491224220163 -0.0030482085802592263 0.01959475797196286 -0.0026452455836168953 0.17268372279184505 0.14880757044945148 0.0 0.0 0.0 3.0
391 -0.036718466377552605 -0.06318030178243561 -0.0306266112640714 -0.01807581446519091 -0.06555796694965688 -0.03139118911231997 -0.019600991668092482 -0.06596023634692916 -0.033053282700935216 0.1469722444535724 0.11686921389055029 0.0 0.0 0.0 4.0
78 5.78892576326151e-5 -0.0034523343025910647 -0.0030256989850522276 -0.0015412300974736448 -0.0035504065811921004 -0.003769579382977728 -0.0010307919932328602 -0.003922699691428 -0.0030525255317472855 0.15140965141411178 0.13937202502299292 0.0 0.0 0.0 4.0
269 -0.0199286494984815 -0.020327040164229704 -0.0032483393504054714 -0.01403731463296154 -0.010819446081347772 0.01097503509409381 -0.013748820726469546 -0.011118211792993549 0.009646806493770477 0.1591846810782174 0.15100646718143274 0.0 0.0 0.0 3.0
330 0.003102349176677288 0.03699424156848319 -0.06664073528505998 0.01810389479024388 0.07199350556776651 -0.03401532858641865 0.021837238915459967 0.07215163293512306 -0.03680097859565212 0.15461753790024693 0.15470584365176454 0.0 0.0 0.0 4.0
454 -0.0003378257711180721 0.013571047778452083 0.01520719426298256 -0.0019719719620566734 0.008267126036336947 0.003837538388557604 0.0005349988189724542 0.009730857434222306 0.0016919704335096597 0.13822149821383733 0.12416416806821039 0.0 0.0 0.0 5.0
17 -0.01723225157827113 -0.031172219892730557 -0.011072076347213189 -0.01906872907433521 -0.02189496146994585 -0.004923684896876002 -0.02434079026465441 -0.022424244543087113 -0.006516169947002881 0.1605436203001381 0.13881381768623935 0.0 0.0 0.0 5.0
143 -0.035672129707714384 -0.025486233364392707 -0.03571017917125541 -0.014411422447975997 -0.012454105159640183 -0.021627696957450593 -0.014988771755758634 -0.011356236581303913 -0.02309657787336583 0.16078415620610587 0.1567273453557241 0.0 0.0 0.0 5.0
206 -0.02121077568843399 -0.015554267222906759 -0.003414126013868035 -0.015554195374762658 -0.019381084156819717 -0.0036054304969310724 -0.016198182407576756 -0.018656895861425715 -0.003994058854661975 0.16220814439195166 0.15564331749681623 0.0 0.0 0.0 4.0
392 0.01637123154699127 -0.001740928444764589 0.028151586055385813 0.002448608314841838 0.013550954115221447 0.04718649200873526 -0.00021492024619651495 0.008405069367403595 0.04504890401398387 0.12925201675331024 0.13613972704029795 0.0 0.0 0.0 5.0
79 0.011623606427070055 -0.0033877685488303833 0.018966335109333876 0.015443497404808104 -0.0033976267193776 0.018668836921574394 0.014717726360748973 -0.0024133940861886805 0.019128929000804096 0.16816368382872543 0.1660139852107451 0.0 0.0 0.0 4.0
270 -0.04422979437878738 0.039592535551771446 0.02618344548170226 -0.03198787132952108 -0.02073014705707321 -0.015718432902429136 -0.0325529046448938 -0.018523537867176865 -0.017029705495013148 0.1515165146468225 0.10217268075592845 0.0 0.0 0.0 4.0
455 0.02448511830319111 -0.0179615697863853 0.008475968891709096 0.002602570029345719 -0.007020650916034654 0.00993870119623308 -5.254497893592003e-5 -0.00831555534811279 0.011756306828731189 0.1580076841641615 0.14201392576808505 0.0 0.0 0.0 4.0
331 0.007938381016258989 -0.010128820773407932 0.012838966177351363 0.014601650955485157 -0.006160118329602171 0.01429487097239801 0.014220962811879012 -0.004508632212358088 0.014964914293969622 0.16670502807693857 0.15108028734332007 0.0 0.0 0.0 5.0
18 0.004489824414587673 -0.03479627395753082 -0.009025189893123842 -0.006031119586741629 -0.033737103586137795 -0.0009779581804875148 -0.004704883813803851 -0.033440447218719416 0.0006652976146432898 0.15726955938469142 0.1526112918463376 0.0 0.0 0.0 5.0
207 -0.011502182963815777 -0.014815192225258844 0.0016297656107753244 -0.0049302697110310545 -0.009712445947721249 -0.003965836536167444 -0.00419611371469597 -0.00899170342981459 -0.002793323781339563 0.1608692067526001 0.13956912540161798 0.0 0.0 0.0 4.0
144 0.014525724276517327 0.0019142735035524439 0.031976315882311424 -0.005505039844650783 -0.010573212610330507 0.016368521859939422 -0.002342657791377545 -0.010033256716142747 0.015222100276416128 0.16853611981261551 0.14890559660949676 0.0 0.0 0.0 4.0
271 -0.10737773750722501 -0.09776882708029533 -0.017743417476580592 -0.055718012440257536 -0.07406837747506456 0.013302293875822047 -0.05856930164313401 -0.06859286281250276 0.008626030589295564 0.16414685529098838 0.1353815297543909 0.0 0.0 0.0 5.0
80 0.006169016372628899 -0.005849297383888508 -0.0024572868393358815 0.004387217767524376 -0.0012217268777237056 -0.001158526151476269 0.0030751147947525315 -0.002328257255564292 8.736267878362014e-5 0.134588390856732 0.10821210308092902 0.0 0.0 0.0 5.0
393 -0.00905437461415759 0.0243763949998137 0.00044079426018184265 0.008477680228407225 0.022750207558930535 -0.002067831733078229 0.008313778692063511 0.025257565737455856 -0.003569134399376672 0.14382462710834037 0.12692776300726727 0.0 0.0 0.0 5.0
456 0.04336210804289653 0.01656028759685091 0.02570386095619681 0.028417941647455702 0.014077759441709858 0.017170036174315007 0.02664594408189669 0.015716488962893793 0.02388526059503393 0.13463715688110553 0.1288213999673958 0.0 0.0 0.0 4.0
19 0.03142666990612786 -0.06033617749911335 0.08885214973623778 -0.01222589604206925 -0.07941432102309842 0.042696391137825085 -0.01096366397275983 -0.08142323621055192 0.0423552832565508 0.16170609700997035 0.13506149100053266 0.0 0.0 0.0 4.0
332 -0.02021343557195132 -0.01751817075678208 -0.03112488591764173 -0.007202940819040604 -0.0044371147914503695 -0.018465621059009174 -0.0070370345001817824 -0.005085132564312311 -0.01705723786585922 0.14176273528879102 0.13864687837881023 0.0 0.0 0.0 5.0
208 -0.02412828486700669 -0.011330354277783394 -0.020697683055000637 -0.01895448875362238 -0.009898606746309047 -0.019305178053447336 -0.01765745825469811 -0.010999403017527554 -0.01845466152211339 0.14160081261279442 0.13029818098619883 0.0 0.0 0.0 5.0
145 -0.04519020040438071 -0.02668148103248924 -0.06004492875616507 -0.02205715350654036 0.008629535275616274 -0.016096660236386895 -0.02465195674262488 0.00276156018635465 -0.016604030912562018 0.13527580848254758 0.1271218486346895 0.0 0.0 0.0 5.0
394 0.0038617206123570114 0.026227269246717144 -0.005474444096403852 -0.004237493259861891 0.00798336430516522 -0.019990173211720363 -0.0038286905081149625 0.010354864567418964 -0.02223060536294419 0.15589134226869905 0.14065313459237092 0.0 0.0 0.0 3.0
272 -0.035962615786650165 -0.04839811953150741 -0.00571002824258271 -0.011460479925558875 -0.03117233540351938 0.01611034024201885 -0.010504573975030018 -0.03561165287619694 0.015273281627493418 0.15993251584036802 0.13387022642584356 0.0 0.0 0.0 5.0
457 0.03852710335469545 -0.03704975174870562 0.047512366408647644 -0.008404923654978025 -0.059598651207038 0.04289967029007524 -0.0054051545373675625 -0.05732448297533976 0.03268787989919675 0.15380089733043187 0.12234087369511625 0.0 0.0 0.0 4.0
81 -0.04795443051764825 -0.06865729413678423 0.0214333142935339 -0.010792706594120571 -0.07571516464356265 0.02702820675376283 -0.01848511084742488 -0.08633632457966312 0.02228221345967052 0.13932781745393366 0.13058892344616477 0.0 0.0 0.0 5.0
20 0.014213537706126766 0.013693318745416905 0.0021767052636001427 0.01196967116289338 0.019449406525027246 0.004096923460303437 0.011179362274229776 0.01730733073500601 0.004179543104404049 0.14856831441544863 0.13269504466576315 0.0 0.0 0.0 4.0
209 0.02706842675778831 -0.014788563803168286 0.017377817953593944 0.027503970799648725 -0.0010873092804463136 0.0401069373052223 0.029080462227818238 0.00384078722818737 0.0446059914703294 0.12922725311433403 0.12973482290549487 0.0 0.0 0.0 5.0
333 -0.00839924022293026 0.014760716061515966 -0.01775772716006241 -0.009336717073146095 0.016539349380328305 -0.020666592586280452 -0.006685711556635443 0.019390109908243414 -0.022354797980396968 0.15632750070844856 0.1295364659580066 0.0 0.0 0.0 4.0
146 0.02396236567396426 0.040311228623208795 0.06990299743016193 0.008204207045017009 -0.022144131005448542 0.01225678353023918 0.008143776878102527 -0.019672452783671468 0.014242873635386788 0.12957298229363592 0.11711756147636578 0.0 0.0 0.0 4.0
395 -0.034413355957594094 -0.07663847469657703 0.016691046877621574 -0.03616612843609124 -0.06633774054748698 0.023512349194401594 -0.03674777970744503 -0.0652633315761112 0.02552558253793502 0.12597959429836747 0.1216976541768073 0.0 0.0 0.0 5.0
273 -0.007903474275827937 -0.017874162242566438 -0.006495495121318973 -0.01058302448557824 -0.015206712417241586 -0.0053517190295370165 -0.009553050866768942 -0.013619478877720526 -0.005352996978288838 0.1528374954744259 0.14424746456628557 0.0 0.0 0.0 4.0
82 0.03967650507984999 0.01842966703090898 0.00140603131071515 0.03194194019153618 0.042145523450684674 0.015282841316665463 0.024428193853430313 0.03193557194517993 0.015746640317845673 0.15319740468887327 0.13660968536556403 0.0 0.0 0.0 5.0
458 -0.002321386098152245 0.01156737938523733 -0.03837743746478539 -0.00044561037486623434 0.02184189793946123 -0.022706278116357836 -0.0014505545801142272 0.022568009343174156 -0.027438504398147212 0.15241393713349566 0.12902196312034073 0.0 0.0 0.0 4.0
21 0.02695500590352462 0.008875032202373845 0.014171202155242035 0.01983099618898354 0.016421909006474555 0.011123432099462205 0.019492129518864365 0.01776228851699324 0.01769094633491597 0.15345123864557014 0.14636570559118178 0.0 0.0 0.0 4.0
210 0.013640194848244969 0.018805682328548512 0.011676401951386861 0.006876210996526355 0.012787998156312153 -0.005234291480693987 0.008399033767756414 0.010467854205186145 -0.007399767782459432 0.15887288035947372 0.15177693416317428 0.0 0.0 0.0 4.0
334 0.03223886936483766 0.045923401640908246 -0.011963491928134173 0.03337702783146268 0.04098461488330152 -0.011369637073729844 0.033507774361162035 0.04070946957319466 -0.015120762157329826 0.1560453459328531 0.1607751165529249 0.0 0.0 0.0 4.0
147 -0.0011648819080214423 0.0008553190149183099 0.0243454239694727 0.0006192897124202013 -0.01112764036738867 0.02045964050308502 -0.0005806010684615837 -0.009790622214711275 0.019358926169412927 0.14290657938951343 0.13422113631176805 0.0 0.0 0.0 4.0
396 -0.014831630804363782 -0.022436907331230604 -0.024706700279501392 -0.01153282550419199 -0.01850155356118921 -0.01824002457015428 -0.013271877644239538 -0.018786127422904864 -0.020051653296568883 0.16455987056579313 0.1611009182110174 0.0 0.0 0.0 4.0
274 -0.025278191778404735 -0.05395588918762739 0.03288654930680046 -0.020553910107440232 -0.03818629699156528 0.04081682915386553 -0.025370649867625383 -0.04392576237532542 0.04082472033669404 0.17557136579396773 0.14081004021179125 0.0 0.0 0.0 5.0
83 0.001125244610434839 -0.001163223145206227 0.015278693253905518 0.0033511083353721105 -0.011106819654886801 0.0016186878345323397 0.0021920395885386412 -0.011681206716846915 0.0021933896057637625 0.1526275333245946 0.12699089030915434 0.0 0.0 0.0 4.0
22 0.0016021045720164828 -0.009966339735184904 0.013683009628210119 -0.013802971064189928 0.003346322011070324 0.017390511807226172 -0.011554928879822235 0.0020245705223900234 0.017179841337417345 0.167312047846983 0.1612482880095208 0.0 0.0 0.0 5.0
148 0.04810758635527357 5.3021911351702755e-5 0.020797285782651942 0.011242075895778747 -0.018715113135900685 -0.010329558984673914 0.010558735591041035 -0.016025185844292356 -0.010784257590310542 0.18990638124544015 0.17560583331236712 0.0 0.0 0.0 4.0
459 -0.029476370719835665 -0.05392819543626215 -0.024539006776700845 -0.026560258940087844 0.006807860779560526 0.0399080857106604 -0.02555557584202839 0.011789357869580908 0.04581139609471063 0.14327286011998183 0.1466454041462683 0.0 0.0 0.0 5.0
211 -0.03484871629319186 -0.04824773710442509 -0.06996832300308942 0.016199785776022546 -0.004650224386235191 -0.014764201485454431 0.01681563371049699 -0.004918651774412863 -0.016068714964041386 0.15764585490166405 0.14624160744382844 0.0 0.0 0.0 5.0
335 -0.03387593356085283 -0.06080717526730761 0.0023594108007247705 -0.013285441983539759 -0.051608857593069435 0.010318215655804597 -0.011809091857274856 -0.05350936480056068 0.009805400393555708 0.148181515087045 0.11530180650870663 0.0 0.0 0.0 5.0
397 -0.07838859909262152 -0.06824167744216703 -0.022889044641449807 -0.05925643582293327 -0.05799429820342905 0.0005697052836017846 -0.055420107852307776 -0.05134518064537086 0.00030928980983957466 0.15858616228984188 0.12844332633099925 0.0 0.0 0.0 5.0
275 -0.03472157963392153 0.04828140016649818 0.02928694038158275 -0.08252015006117108 -0.013156145188085278 -0.028989685379674168 -0.07844194900737422 -0.01211100070682869 -0.027630484781505982 0.147742230125018 0.13535332207504033 0.0 0.0 0.0 4.0
84 -0.03587843851559591 0.007008186992999654 -0.01199533984246548 -0.024025776923939035 2.6031443458807146e-5 -0.010576011323442769 -0.02209445560090395 -0.001445082027693001 -0.0067903559277096015 0.16001591636463047 0.15101944778214355 0.0 0.0 0.0 4.0
23 0.0090926893392409 -0.016414347723659795 0.0027301663436145596 0.008172447383088421 0.006151030236098087 0.017009911557331447 0.010004725242084733 0.005989330164626994 0.020158029509163455 0.1568092876903824 0.1519279909852366 0.0 0.0 0.0 4.0
149 -0.018080678636423153 -0.061744878667866265 0.08479891632781977 -0.029776760086253073 -0.04865083106813517 0.08757259199161793 -0.03166092264120368 -0.05495528473438904 0.08856051173402602 0.14347968816443568 0.1344301446779105 0.0 0.0 0.0 4.0
212 -0.01672511842882407 0.03156981748684595 -0.06495794139733535 0.010654171353781994 0.05618393678632039 -0.0456116582900139 0.010476384791860749 0.057357629448325786 -0.04535913869499475 0.16534573529806051 0.14683078475942085 0.0 0.0 0.0 4.0
460 -0.09019189906249192 -0.15000211361464066 -0.006892308346265308 -0.028865643044491573 -0.08757018781864745 0.02298391405332323 -0.03959949301506105 -0.09700974895823644 0.026260129891964912 0.14858836103946346 0.11907068738014244 0.0 0.0 0.0 5.0
336 0.012795952114732057 -0.011652380028990161 0.009994277074704128 -0.011702951315505916 -0.01886233986413255 -0.0035296576901817645 -0.010717034205003362 -0.018683574128182667 -0.0019010291013186187 0.1533826623175283 0.13195720774804673 0.0 0.0 0.0 4.0
398 0.014353888312286234 0.015938463438085693 -0.005562193439902607 0.012055289041258632 0.006890870480895428 -0.01611111736809423 0.01018772127493861 0.00969502521971699 -0.014166821746874336 0.15840053326668652 0.12458334250229448 0.0 0.0 0.0 4.0
276 -0.0046587292742145126 0.04197172981878161 0.0030415932302594317 0.027939399735276593 0.017153498343787543 -0.005942098723834444 0.021231362655131925 0.021506388292848122 -0.009857918269836508 0.15544767049471847 0.12214942084058085 0.0 0.0 0.0 5.0
85 -0.0039475598671281364 0.008092520904313893 0.00017811386419275266 0.003238460751651129 0.007131413663065356 0.0013429425286302088 0.00336232248171231 0.00913950153784926 0.0012716361358400263 0.14709116922189341 0.11516207102601393 0.0 0.0 0.0 5.0
24 0.01970974591000818 0.016582254378972427 0.01837293091515524 0.00927804629683382 0.008738891555258643 0.007382620853207289 0.008797093712226589 0.007023955312896346 0.007190017747724875 0.1488047947550407 0.1469953853275875 0.0 0.0 0.0 4.0
150 0.00093726549296691 -0.0022784051860799126 0.035012788034957776 -0.00019984546375284573 -0.008312892421942109 0.031891200859180735 0.0020290849283821633 -0.007309709991353497 0.031510931098441164 0.14841033254578617 0.13534952879540701 0.0 0.0 0.0 4.0
213 -0.00754651963672015 -0.008530133457685718 0.007832152115972102 -0.013268854884926018 -0.015674749513659325 0.0030414925413799754 -0.01228909152679536 -0.013606459670842397 0.002921459821337402 0.15836359225538962 0.143356594849634 0.0 0.0 0.0 4.0
461 -0.0026651854831093447 -0.0005655005127974677 -0.044115535574655085 -0.008848796625438249 0.012790286913200388 -0.03233588581492297 -0.0060569023147523104 0.015546292648059845 -0.03219765955284837 0.15770873500771113 0.13582946840138801 0.0 0.0 0.0 5.0
337 0.009325438949676856 -0.03407886854713582 -0.00020223681317521613 -0.00104053584788677 -0.03427077036130011 0.004690837592549624 -0.000735149536989832 -0.034562038195506184 0.005716016980182426 0.16052784295364803 0.15122360702168391 0.0 0.0 0.0 4.0
399 0.003723498560444627 0.03229286074259852 0.0013999000657740623 -0.028023107539134173 0.010094188432888451 -0.026632287521663023 -0.030979395961607148 0.012589160549437484 -0.028650345924333354 0.13254313780884158 0.09396543868050916 0.0 0.0 0.0 4.0
25 -0.004051011106421698 -0.003444849671943806 0.019323047727014764 0.002897979340553025 -0.009162809876341327 0.020956255310125904 0.002258334076906676 -0.009498875305435694 0.02048573324282521 0.15591690540755246 0.13986591664895043 0.0 0.0 0.0 4.0
277 -0.015843712640163488 0.010687170942673463 -0.06757978113742524 0.02358259999864254 0.08112070388183268 -0.013015320960040655 0.016380342408875093 0.07474045261281503 -0.017197250246226536 0.1569199999871117 0.1353978623522729 0.0 0.0 0.0 6.0
151 0.005406337539516137 0.009957045833791645 0.008129742042475296 -0.010775803682431473 -0.0056866836585797165 -0.0012684130177937902 -0.009270675875476031 -0.002380682355533237 -0.0034009245194267512 0.13105632477949233 0.12594785763896796 0.0 0.0 0.0 4.0
86 0.0036606638532690194 0.026456309880902085 0.0306216306460958 0.04811493273237155 0.04958825713759629 0.039544039800141206 0.047625688958207624 0.052345143382193315 0.04107450376066013 0.14422436476685085 0.11762224201197095 0.0 0.0 0.0 5.0
400 -0.004266731331769691 0.025114833702483796 -0.040916352446531246 -0.009739146103349805 0.02733859634820246 -0.03969215447662655 -0.012001759894638253 0.025555737977187132 -0.03979510407710962 0.14701748031122375 0.13719967936847383 0.0 0.0 0.0 4.0
214 -0.0010743665798375046 -0.03411088899036929 -0.05664396456486587 0.01818283877374327 -0.00645320208961675 -0.031119773667129258 0.016986681293566397 -0.0059152064037570895 -0.029421916429840933 0.1369682943162179 0.1286789626306431 0.0 0.0 0.0 4.0
338 -0.04068042431235119 -0.013768418673648752 0.06063309263036154 -0.014397780833710128 0.003891563534170306 0.07647791779961244 -0.0188640018068591 -0.007610455775387881 0.0804073133152916 0.14374143262450673 0.1393331418759538 0.0 0.0 0.0 5.0
462 0.0158320964277483 -0.023487295379318818 -0.018367583253834918 0.0244682901625477 -0.007308184942258933 -0.01174189432586048 0.02226588405191543 -0.015598849198980136 -0.010552112027125027 0.16906289968315136 0.14794957452960195 0.0 0.0 0.0 5.0
26 -0.032333757046821066 0.018580967816780092 0.012771252969706381 0.019218980138703712 0.025210326560058727 0.023213978854419448 0.01680354505992332 0.026707842626683798 0.02749338671997359 0.1440723193000768 0.13799253333683725 0.0 0.0 0.0 5.0
278 -0.021377439111976093 0.005498026026453218 0.02169492829339381 -0.018495672515066564 -0.022959809088961447 0.004284422186314307 -0.016377413563454124 -0.019909502023900627 0.0010268621103577402 0.14624645071475556 0.1349899821866251 0.0 0.0 0.0 4.0
87 0.025997235495065274 -0.029529742712270934 -0.007619796609471985 0.008481355803121149 -0.021263079163203247 6.448442407913646e-5 0.004771368480436022 -0.02645797782058268 -0.0010443407659984638 0.1295435131528626 0.11523758424253393 0.0 0.0 0.0 4.0
152 -0.005706326213752111 -0.023891355872491915 0.010075841319213685 -0.001329790502649142 -0.034563561695255096 0.005119766863504793 -0.0013551203184528626 -0.03290563306117422 0.005464762931462364 0.15390322484386257 0.11457605944296269 0.0 0.0 0.0 4.0
215 -0.0237079415776954 0.015494291554194906 0.01895338999645846 -0.015405153812297234 0.002932114743317671 0.012616402883006694 -0.01432495026981151 0.0038175887741354053 0.011318195299982792 0.14461373344274542 0.14222781793113604 0.0 0.0 0.0 4.0
339 -0.029685592340116473 -0.09266626533710243 0.004233886040374113 -0.01397579475572619 -0.08083328769355491 0.007418350185337763 -0.013982070125113433 -0.0801585288255452 0.007340678036471759 0.15665274304194934 0.15217556962452242 0.0 0.0 0.0 5.0
463 0.0157507642926904 0.03274997846856875 0.016442947104057914 0.02408197696009462 0.03023068654734451 0.01837096529979787 0.0259057770288027 0.03207627306193661 0.01938907138873236 0.14670708298391547 0.14354697661457858 0.0 0.0 0.0 4.0
401 0.03478682030995439 -0.0384260959010011 0.02121894321976736 0.009233012099324922 -0.009874418458342915 0.048823356442074806 0.011488194711555266 -0.010588228986331272 0.04284600558460805 0.15824289496158114 0.14039268365433968 0.0 0.0 0.0 6.0
27 0.003060550068050283 0.00996805702507264 0.0012738331657722313 0.0034346530593425406 0.006081876351413218 -0.008346715059000753 0.005290448605704823 0.007208312088089253 -0.008646271224272084 0.13889670966261983 0.1179523471440479 0.0 0.0 0.0 5.0
88 0.0041679320057355085 0.005222420937185834 0.009994913815300821 -0.009692860461396391 -0.011952804030492925 -0.006529983762109226 -0.00986372817863046 -0.014011041556023729 -0.006708313624256612 0.16305142902695827 0.14738557551076906 0.0 0.0 0.0 4.0
279 0.015039349799831125 0.032796382425401394 0.029864790570830246 0.011682376421821239 0.020745971456475498 0.015924069171534105 0.011826936428209756 0.02034406122585275 0.017868179617987145 0.1499467677449407 0.13244622861604258 0.0 0.0 0.0 4.0
216 -0.005053747309729406 -0.01257349250887796 0.01641993173894596 0.01454929952743056 -0.0027618433778231477 0.041772060956521306 0.015085843230248086 -0.003760821900368305 0.04208259928252467 0.14846259468501313 0.1369846018212487 0.0 0.0 0.0 5.0
153 -0.005249778642685277 -0.04212028665189094 -0.001464895742887884 0.004717726464176231 -0.030637394389000483 0.014572927171029093 0.0039016460788148244 -0.02859889139210936 0.011828581908274627 0.15013028854390434 0.13331555336292017 0.0 0.0 0.0 5.0
340 0.0002253951678397037 0.0058800450427489714 -0.018670686957744542 0.0022766844165797995 0.00651625186835969 -0.01304885409072265 0.0032451679055236493 0.006570179473764259 -0.012634840880453524 0.1326915719737257 0.10622221032563609 0.0 0.0 0.0 4.0
464 0.022916347593910036 0.024419990898374433 0.04326794314408344 0.011584163025478045 -8.58981658655722e-5 0.014175644289827538 0.011339189701907504 -0.0018290815809069993 0.014810496503563586 0.15196680787668865 0.12622713110958456 0.0 0.0 0.0 4.0
402 0.009825926753681102 -0.007921708716264075 -0.01099777827161108 0.010476226680783851 0.002540332282553015 0.007307155623760497 0.01200407068386955 0.00410728985270481 0.004323745171949556 0.1496380782781894 0.1213788223574044 0.0 0.0 0.0 5.0
28 0.005550371220869987 -0.0052104281170474165 -0.015314012778579689 -0.004745405808176284 0.012961740581760361 -0.01093862597364148 -0.00487923653984923 0.011731379626607863 -0.005363039626651855 0.14492957063684142 0.1345456064684754 0.0 0.0 0.0 5.0
89 -0.00912410956710219 -0.008517270476819938 -0.021237017945788028 -0.0034565743202683574 -0.00029813780535370427 -0.007303358306529506 -0.0026479188213401894 0.0020123751305003434 -0.005541582971637871 0.18023685326662034 0.149006841735542 0.0 0.0 0.0 5.0
280 0.04343869543432288 -0.03731016697503731 -0.01694340745260625 -0.012184438560914113 -0.00871067142477 -0.020918223330517183 -0.012204652806703131 -0.012972038114503315 -0.01836439740829121 0.17408262098632876 0.141128375956023 0.0 0.0 0.0 5.0
465 -0.009071211734294593 -0.05546786211733057 -0.0005375863787479007 -0.014440459565421948 -0.05825644433597488 -0.00328622702301129 -0.014000673145701525 -0.05730557522530688 -0.003511159988944801 0.15657232621703385 0.12603144951417752 0.0 0.0 0.0 4.0
154 0.006442075070215214 0.03441820922443872 -0.01701540694223369 0.00292440227759605 0.028585920555502353 -0.02479848533837281 0.004666261344256295 0.030437737916191754 -0.024720489538989976 0.15721058428721446 0.1458220429971803 0.0 0.0 0.0 4.0
341 0.030355868570036026 -0.0737218113227287 0.05172944902129695 0.0017834981531772431 -0.08557619993629073 0.03769791756995611 -0.006161357644156595 -0.08963154195916467 0.03980613611707007 0.17005606839638895 0.15216179368654936 0.0 0.0 0.0 4.0
217 0.005948102973069691 -0.021817898211323516 -0.05039701136041652 0.016629553515392637 0.041183423978082834 0.00530064873581737 0.0064351879575967885 0.030075544668099363 0.013280474066614145 0.14816081426233377 0.1450146133161186 0.0 0.0 0.0 6.0
403 0.12099397560039837 0.12104502049161803 0.014824688506311023 0.061878502589921336 0.08686986243633066 -0.021879416271978647 0.06479054053959077 0.08856483670401372 -0.026024451779923075 0.13551981129809124 0.13717316062048435 0.0 0.0 0.0 4.0
29 -0.05295052369113551 0.03393760618667385 -0.005579349883329088 -0.006954929335692195 0.022820440535371134 0.0012451957709558314 -0.01108821775886526 0.01984891040748349 -0.0007958873073163897 0.15388989871677303 0.11805990919600297 0.0 0.0 0.0 5.0
90 0.033062726487600225 0.03408429660574663 -0.005087908618569448 0.021347103594865136 0.03460216816885442 0.0090791553123164 0.025115172236002792 0.03575356004675312 0.010065670400868143 0.13447631355427211 0.1464412965024783 0.0 0.0 0.0 4.0
281 0.007969470495851949 0.0016236525940596103 -0.008056367081211047 -0.007483292193020685 0.005336727573820976 -0.010383235069593266 -0.004191327730574401 0.004249418594562737 -0.009635209968653524 0.15576791875964538 0.12708070436942182 0.0 0.0 0.0 5.0
155 -0.0003762680855056155 -0.014235209886020006 0.004157118839798635 -0.00034709566291901695 -0.008271785388735964 0.011114574916761155 0.0007084450414562848 -0.007366601603131184 0.011382075716154016 0.14407526312471777 0.1278183751400641 0.0 0.0 0.0 4.0
466 0.12721287057248687 0.050357185915970604 -0.01585969678053778 0.09262632807810411 0.046372775274375 -0.011596041668833768 0.09316567528342978 0.04180415772230561 -0.013967665829557108 0.15485199458412963 0.1452827483156889 0.0 0.0 0.0 4.0
218 -0.0010190029607406448 0.010283281257536858 0.08149727109963201 -0.019067373673780197 -0.01614706518341813 0.035117335804343064 -0.015629550957342753 -0.014023592406340324 0.03524435451769681 0.14791643493009793 0.13936991119377343 0.0 0.0 0.0 4.0
342 0.09959434526394761 0.040342034659197834 0.07897603839445222 -0.02882807588566616 -0.038225619591164106 0.03927760775023503 -0.04099090362134472 -0.04641556520354062 0.0422012370183642 0.14628272420962188 0.12088756507032611 0.0 0.0 0.0 6.0
404 0.007280782049848167 -0.00210532682210951 0.04572583990074741 -0.020198963182324392 -0.02653955255910201 0.025986468282296116 -0.018944152806420034 -0.027718092429826036 0.027322173334795252 0.1401300066393228 0.12859509886868437 0.0 0.0 0.0 5.0
91 -0.037049522380418254 0.006230527850142664 0.0014825638491786641 -0.011450933902955596 0.013292032550725086 0.020300382901175862 -0.009901669168010496 0.015025398693393699 0.016730650141270065 0.15826876560445816 0.13757170847131267 0.0 0.0 0.0 4.0
30 0.001161163754482386 0.04086348464589151 -0.014429982135667374 -0.0002706725242749286 0.03554370107117011 -0.01839982667015827 -0.0024166019515179382 0.03616783528226497 -0.01820245525781139 0.14820588588025474 0.1307688128080986 0.0 0.0 0.0 4.0
282 0.011282803466734492 0.004823293678160034 -0.018332145086223495 0.03547142946307491 0.015221322375012392 0.0024776278764884196 0.03722978020265355 0.01396533762139307 0.002309608672673269 0.17292415254010643 0.15580905313591994 0.0 0.0 0.0 4.0
156 -0.01026770338921934 -0.018867237943069992 -0.045010264621706764 0.004243415029266284 -0.02768024337542596 -0.02828921693707198 0.006114975536154255 -0.02488149696753894 -0.03230627874824821 0.14684007034470217 0.13790990119441954 0.0 0.0 0.0 4.0
467 0.04776077770211917 0.012475260672920152 0.03957999083340269 0.030116342412400465 0.015519215244328421 0.04185988252726114 0.03309755075753151 0.023219899151800005 0.037536721271416384 0.13236924997452001 0.10372948469298283 0.0 0.0 0.0 5.0
219 -0.018316088051276158 -0.010590895209249274 -0.025284924485501015 0.001343552378580526 0.009286310220561589 -0.006683279413061904 9.275730330093879e-5 0.008087312031433092 -0.0073351311960756505 0.15270453879805987 0.12477367498142802 0.0 0.0 0.0 5.0
343 -0.015288578825372823 -0.05499356720301907 -0.04268914622193509 -0.031930620280969824 -0.053276717380048244 -0.038550012176120196 -0.03253292930627716 -0.05503379549942389 -0.03910840623452516 0.1644344110581531 0.1489724776266398 0.0 0.0 0.0 4.0
405 -0.015301862279873735 0.037044312346781405 -0.0028951850171086146 -0.01506440532570752 0.005267560175917119 -0.05659937943254578 -0.016433803202922648 0.0028535917516947507 -0.059862376558919905 0.15332728136569326 0.13844711745197513 0.0 0.0 0.0 4.0
283 0.006651925442232587 0.022945984774829897 0.03645404081424375 0.001288527838497755 -0.025429486360017628 -0.00012012946865169738 0.008844195343000738 -0.011027434322802177 0.004611602850915997 0.15567469249071786 0.14046202238266395 0.0 0.0 0.0 5.0
92 -0.03915678251444599 -0.0022437368374890188 -0.08039045706146775 0.026753145193522565 0.02533197692693001 -0.05388238454148098 0.032845077159051606 0.02810529169029974 -0.04823472376986171 0.1608901050216787 0.13419075603905295 0.0 0.0 0.0 6.0
157 -0.04826585683734674 -0.04301483311685472 0.0015952659545790393 -0.03810997536259175 -0.059065479988676506 -0.0034089709495279674 -0.040452280480918756 -0.05849194989261641 -0.006824047312307457 0.1573381912572523 0.15276878124536278 0.0 0.0 0.0 4.0
31 0.03086114041356902 0.09603473914476401 -0.02839853155484595 0.006997940464469998 0.08743291025253996 -0.04388953990632416 0.008881350253376663 0.09647798670702934 -0.04543930378809802 0.14166807683655133 0.1251049585981163 0.0 0.0 0.0 5.0
468 -0.02317347506601264 0.0245672948456106 0.060480290545734894 -0.017622491591266165 -0.04984075399388321 -0.014142749434635227 -0.016872896482488575 -0.04564448138422805 -0.01601954422193652 0.14541160617269866 0.13282380399369256 0.0 0.0 0.0 5.0
220 0.012114881689184731 -0.002443077414740036 -0.012046608897176125 -0.0021201777180278603 0.004484019355204927 -0.015326202377947018 -0.0026914175980952137 0.0042153143609937604 -0.012613562384742316 0.15185262089561827 0.12981236815944827 0.0 0.0 0.0 4.0
344 0.045302574179881594 0.09885825728508624 0.04311939620962635 0.010489351102360711 0.05827707666765325 -0.0008211746841663148 0.01213027565923075 0.05895863305613935 0.0032880484701145463 0.14633372845446183 0.12898445133066958 0.0 0.0 0.0 4.0
406 0.007198608995784284 0.03352017046043554 0.005724824439501175 -0.007719866159341282 0.012710790689193008 -0.018047645244584243 -0.0070535781757851135 0.012473320537871757 -0.016981449095794687 0.1444131663217097 0.1051323560668333 0.0 0.0 0.0 4.0
93 -0.027117457148346125 -0.017840156030927812 -0.03440742637335903 0.004231015663713755 -0.002892054756527651 -0.0020002270653333154 0.008193132393893965 0.0015246835757940502 -0.0016219740735494703 0.15057486339500184 0.13356277674174258 0.0 0.0 0.0 5.0
284 0.010295094511449943 -0.0073700670315475225 0.019272194809828003 0.0035179858874143655 -0.004747448254344477 0.016940197755746844 0.0039232519848633185 -0.004664939469884999 0.021114386907442162 0.1481989740462168 0.1257940121914263 0.0 0.0 0.0 4.0
469 -0.01313404407202634 0.0016346191353837636 0.002931808975525252 -0.010861156459850752 -0.0039785390335213 -0.0012584265082604684 -0.011654696124330566 -0.00371391875913174 0.0004894661971042158 0.16553996840399504 0.15600403716071531 0.0 0.0 0.0 4.0
32 -0.008876938283004399 0.020133042554348002 -0.07233864370979615 -0.020266908342047696 0.01671932063761039 -0.07456932383123294 -0.020423630560772565 0.01596844006721665 -0.0712918512240398 0.15905220326651012 0.1516517800335693 0.0 0.0 0.0 5.0
221 0.005005507122706643 0.02816631163337391 0.022334548891550288 0.017275598751750776 0.02133868556209051 0.007281984796065677 0.01622466458486871 0.0224134316131539 0.00864928657350128 0.17505095736519133 0.14282695453768263 0.0 0.0 0.0 4.0
345 0.008620525841772197 0.037311517555423945 0.003172717482732068 0.012518913305483714 0.04011405914382138 0.006850232827647407 0.01219528107784118 0.03955116032173667 0.00604537379488046 0.15482327927783673 0.1251402438012375 0.0 0.0 0.0 4.0
158 -0.01889672883187765 0.0307024982207309 -0.04364208631630051 0.016925443831917963 0.04303687043190463 -0.04212365697313136 0.016088201276698744 0.03550112475643652 -0.036192215577749876 0.14682339142162817 0.1459998453679563 0.0 0.0 0.0 7.0
407 -0.008805694465226055 -0.05428521880555792 -0.047207170750900085 0.015138046405625216 -0.009610918759168752 -0.01787217522842699 0.01022043483051327 -0.013524665472127606 -0.019295578330306817 0.14432287356117263 0.13659238136642432 0.0 0.0 0.0 4.0
94 -0.007546128675927077 -0.010558774501742474 0.0009511331580664972 -0.005315480234134196 0.0022962207232508636 0.00990111952003292 -0.0043170815203411594 0.007202856975926819 0.012888709308562118 0.1438474304683297 0.12722470823221774 0.0 0.0 0.0 4.0
285 0.002367163470823108 0.00080829737906285 -0.0007386092780513609 -0.0005460537749741867 0.0020074816055346556 0.003257275716247676 -0.0015804714264312514 0.0006301621523576717 0.0026763485722136604 0.14461685389296286 0.1268394940600056 0.0 0.0 0.0 4.0
470 0.0004682103531621351 -0.005217631693051561 0.010445970794484838 -0.014469117865487768 0.0032458440565108493 -6.451962435394254e-5 -0.012193899899155869 0.0021097225131481157 0.005180265631976155 0.144825336672353 0.13738335212347325 0.0 0.0 0.0 4.0
33 0.031222954378062884 0.012799994368339673 -0.00715643288281409 0.018981248140445883 0.02163929232866435 0.0023374409489640424 0.02211194761822899 0.02482209001515301 0.0033616122334514387 0.12642229708137287 0.10751676552601656 0.0 0.0 0.0 4.0
222 0.00032860295780712256 0.03377913627374207 -0.010805320081715752 -0.012344847503652723 0.023453216833482227 -0.026743124576240285 -0.012751701037610808 0.022357348303779556 -0.020858216976505584 0.15432654812795185 0.13515459521729242 0.0 0.0 0.0 4.0
346 -0.0023865615266309703 0.02069738757316486 -0.01918256087716308 0.00038638556633263654 0.011461163832963805 -0.029898248063870647 0.0012562642969602411 0.01193652412312618 -0.02837879272846877 0.1650233130686952 0.12805824918992206 0.0 0.0 0.0 4.0
408 0.12748683376860304 0.0750784071106474 0.04477602198841346 0.03688768258551445 0.022665020585099338 -0.005083364324834361 0.04643706503412415 0.029496427406065173 -0.00036476779936722714 0.12714767913517275 0.1153597106036957 0.0 0.0 0.0 5.0
159 -0.020339709415974516 0.007593280748389608 0.001251331363517405 0.00695751250220944 0.002176765001112635 0.0005281020773422185 0.005768584437888524 0.005430313380357932 0.00029969802806339985 0.1449347174034391 0.14072282574749417 0.0 0.0 0.0 4.0
95 0.01665219100880333 0.05005941823122617 0.03176607842491519 -0.001809291024092663 0.016066155245244573 -0.027202099423114023 -0.0013215349027968504 0.011863297702938924 -0.02562670715041082 0.13455874180761945 0.11547460713239363 0.0 0.0 0.0 5.0
286 -0.09755832851843715 -0.00697089551846608 -0.0138309623055487 -0.04285657038300139 0.013034442249298728 0.006536932274831431 -0.041834528136468374 0.013306480860962866 0.006129997111815388 0.1565229016277627 0.12207073622389604 0.0 0.0 0.0 5.0
347 0.0008794906255578105 -0.004362435706547596 -0.0014716609459325403 -0.0047464213769951025 -0.006419908656409734 -0.002828880295991598 -0.004810421145034938 -0.006753087455769524 -0.0027702390313195657 0.1580755211176403 0.14715887547722287 0.0 0.0 0.0 3.0
34 -0.07440298370057719 -0.1111629837124638 -0.05186143211067329 -0.028309245425441665 -0.09383228090227502 -0.06449749965575557 -0.02537324075013858 -0.09383841082658306 -0.059423364669249024 0.13131341365876145 0.12442769202511098 0.0 0.0 0.0 5.0
471 -0.10869314325234103 -0.05472937410809886 -0.12345079978564166 -0.0268244408618038 0.0023845106509490233 -0.0680265079372615 -0.022163114992235444 0.011091665072161971 -0.06621043209324462 0.15191864196802418 0.14222257822163792 0.0 0.0 0.0 6.0
223 -0.005979610263980639 0.023184115514884418 -0.003973039375202769 0.006146022750853186 0.027965424281072515 -0.00985544530099125 0.006997345510686204 0.028768158499416163 -0.010002457728793046 0.14905953146135562 0.13701440157981268 0.0 0.0 0.0 4.0
409 -0.051884962362699016 -0.11079603130744875 0.001395442729520191 -0.037096787401714404 -0.10156287651107387 0.0073387364536336985 -0.03444383346034163 -0.09716678366700349 0.006291970489438858 0.14349792436907352 0.13754318042468724 0.0 0.0 0.0 5.0
160 -0.018335307102585907 -0.004761372522640528 -0.001847817668269025 -0.009051853402660792 -0.009368754169054694 -0.002654801492193992 -0.005938664886574019 -0.009684106472047649 -0.0031229226547945244 0.15670377990393086 0.12683231756709776 0.0 0.0 0.0 5.0
96 -0.044289633102270076 -0.05937777479692896 -0.04479273668310302 -0.03025520904813983 -0.02913767629105468 0.02545924968964819 -0.033217893477265115 -0.030605730023192335 0.017276131691508878 0.1571161264213408 0.1410927137278485 0.0 0.0 0.0 6.0
348 0.00855602184651616 0.009523696538423776 -0.0005164641863606434 0.006417215213684768 0.020339526665973162 0.007658234020795129 0.007402944517221011 0.024193375721329735 0.009757478013488585 0.14537022900979932 0.14201657234208576 0.0 0.0 0.0 4.0
287 -0.004114766634016331 -0.025473095064599716 -0.027767245325408196 -0.009739704899316082 -0.022703748531375023 -0.02866451938736747 -0.010276191571321092 -0.02019474796800369 -0.0253518323639792 0.1559991603088507 0.14876855046480783 0.0 0.0 0.0 5.0
35 -0.004413873567292725 -0.055583201497702794 0.04181493657167801 0.005239346435612191 -0.04097626408931032 0.0497741952864903 0.004144329655224155 -0.043190203634783875 0.05362065682718242 0.12107554096619307 0.11065870020055739 0.0 0.0 0.0 4.0
472 0.003757951787058955 -0.0060379160438093216 -0.0033880846087624983 0.0044538664312141485 0.00046104606641605983 0.004455902285918079 0.0037653562562354193 -0.0009123638068089246 0.0034121591130364948 0.15414823319860563 0.14533610118440646 0.0 0.0 0.0 4.0
410 -0.00829626296451913 -0.008634566751470896 -0.017616554173914056 -0.030755999300530412 -0.01629329006190794 -0.030584490991296343 -0.029167267370797 -0.015982168364408467 -0.029011127084337618 0.1637403690919525 0.1493109216183107 0.0 0.0 0.0 4.0
224 -0.02802892228946907 -0.0042402110664131465 0.03583637235768711 0.004227349457609053 -0.02305567246107587 0.026518853730592262 0.005432688408802955 -0.020519798839696013 0.02940198154246021 0.13044483184895708 0.12521667708145645 0.0 0.0 0.0 5.0
161 -0.02398944341258369 -0.034502136259064065 -0.020241001991198715 -0.001995950533212665 -0.02392740140368277 -0.0135537890461771 0.0011224239104752343 -0.019664656439074224 -0.011208261473959147 0.13557245888395178 0.1283101803421112 0.0 0.0 0.0 5.0
97 0.029527887414277254 0.029808830742791947 0.0384169292247194 -0.013521824070596766 -0.01177710131496823 -0.022400582046473327 -0.010489523193851769 -0.00756150955488788 -0.025670990220356682 0.148929998089223 0.12644287510536564 0.0 0.0 0.0 4.0
349 0.01201013667480133 0.015711806182853172 -0.09928362195870921 0.015342140155450323 0.05885985283962758 -0.047762445135691056 0.021736891165210492 0.06639695170413229 -0.04949178714867597 0.14543196335618166 0.13148856152092872 0.0 0.0 0.0 5.0
288 0.028566091186980724 0.01744051764310761 -0.027939026494898433 0.0011840081119438572 0.010563631168097887 -0.026301884454638436 0.0009940174507032662 0.014206182592721994 -0.026767378989613566 0.1420909411588649 0.1422639531754304 0.0 0.0 0.0 5.0
411 -0.03315650152361571 -0.04351585314597761 0.03453443914350496 -0.012132049977218728 -0.05837062476171573 0.02229574981423621 -0.013845063835913662 -0.057130996794577116 0.028382390479867237 0.1702648478834662 0.1625628862605967 0.0 0.0 0.0 4.0
162 0.018063526705205613 0.023832239937356503 -0.006941811265758768 0.03959195839256657 0.032486916544305355 0.01094934437160422 0.03993276228150733 0.03306320657985906 0.011228468027923544 0.1419296568172063 0.11926681483763038 0.0 0.0 0.0 4.0
473 0.024970749002710457 0.0220942608232908 0.09019654548881473 0.048651481086062986 0.004397694380422479 0.08473444928345919 0.04752677090709101 0.005729339541995504 0.07055117680907519 0.14915583821948877 0.13888547321908742 0.0 0.0 0.0 5.0
225 -0.008690833230249662 0.0044473605574706365 -0.011257131255495434 -0.009582455146650792 0.006973760445759147 -0.009764036342253646 -0.009589326280599941 0.006513447165112041 -0.010473001476986155 0.13754635957469252 0.13954539182793932 0.0 0.0 0.0 4.0
36 0.005431992469407287 0.03991993225372048 -0.04846756073228087 0.016698205604934957 0.06124631409008652 -0.012002221450853834 0.020319836661608415 0.06414752819823488 -0.02209900421922506 0.1452066519727381 0.13536575805545967 0.0 0.0 0.0 6.0
98 0.02077857949385664 0.009974463238479725 0.03802915204580626 -0.00514783479399239 -0.022917723867605932 0.0038287880430989407 -0.0003428913538644496 -0.01661053284761893 0.0008243882998322238 0.15400236210492485 0.14599983485750512 0.0 0.0 0.0 4.0
412 0.10101672024017216 0.13518029115722818 0.015826084049955114 0.01794619781366813 0.1087899445413063 -0.023505550669168596 0.02314159886917566 0.10121782921460909 -0.0165435414016466 0.1451178198518485 0.13108277399077187 0.0 0.0 0.0 4.0
350 -0.12056409972601889 -0.12418905980379236 -0.03536544464390534 -0.07054075963122641 -0.07493292387615347 0.013907800228740053 -0.06979893077858124 -0.06916223616258421 0.01714622573924185 0.15574708331277448 0.12885581996636072 0.0 0.0 0.0 6.0
289 0.01968613896094973 0.01642176647021021 0.011218632045376209 0.008498161229928636 0.011687748433808487 0.008405779071013697 0.00834230010016701 0.010962211430908031 0.007153378059296944 0.1522301210113815 0.13359038840598958 0.0 0.0 0.0 4.0
226 0.014752662486749335 -0.02850279521072785 -0.04628362196257951 -0.006279525689836363 -0.02306484207559889 -0.03623342185858225 -0.005822626082858551 -0.017612747032055842 -0.037191247680130934 0.14916006905770846 0.1479190737206332 0.0 0.0 0.0 4.0
474 0.02289548640419814 -0.021949285933234974 0.045700624993628924 0.003540346326907473 -0.05145398443846394 0.00875588239445646 0.0018160043852470942 -0.05113055726110027 0.010130256529892856 0.16053206013029295 0.1435199350059975 0.0 0.0 0.0 5.0
37 0.013997210195806575 0.035826401046981315 0.008307878842350735 0.041697058341761295 0.05553085501114352 0.03368506042121422 0.03858917451963917 0.05259535820089978 0.03314504892366066 0.13371902690710394 0.124594175660955 0.0 0.0 0.0 4.0
163 -0.01588564670189163 -0.0024754622642504387 -0.006133459625088267 0.004637622389471074 0.009448161616390616 0.010281024085368795 0.0037405272752588647 0.00608309366539439 0.009688546147732069 0.13636478116265915 0.1276749450344949 0.0 0.0 0.0 6.0
99 -0.03994835147832909 -0.0538452680256829 0.023423803040601543 -0.030986016459859766 -0.05067529612614685 0.026425647213562664 -0.028002347322136134 -0.05162291396230856 0.03189451739552429 0.1866660015900716 0.18622371330124612 0.0 0.0 0.0 4.0
413 0.026207796006631368 0.008674571428806344 0.042813046252288656 0.03333775839295372 0.009374773848963569 0.044075968183171055 0.033795096813060255 0.012035186124313313 0.044819685241072715 0.15278494263083578 0.11415506015994364 0.0 0.0 0.0 4.0
351 0.13273223547168334 0.14079270433828572 0.12459288748808661 0.02253229657622402 0.05339877238674151 0.05412013012057937 0.03348610845986588 0.06739914909295375 0.04847925575235057 0.1422690004881316 0.11840144101210984 0.0 0.0 0.0 4.0
290 0.0413360402285754 0.07883620900583788 0.05025182165165898 0.023554875977008782 0.0334643121007423 0.0033193893816014786 0.022824803874321953 0.037726816021940834 0.004510116334081937 0.15737837626235338 0.1302993391396642 0.0 0.0 0.0 5.0
227 0.015185866104493684 -0.03996869773707645 0.008730420991238885 0.020948076911369462 -0.02011988910043072 0.02810087955099383 0.017575734134289478 -0.027332941628833707 0.03051820908256775 0.1494819628066567 0.1221479542998549 0.0 0.0 0.0 5.0
38 0.013183062760798503 0.015392870545724024 -0.010804637151869634 0.016576472263711617 0.015688465341708202 -0.016099314736676584 0.015031639514605066 0.017023948800899413 -0.013423765164680024 0.15440675919812344 0.15500208025510478 0.0 0.0 0.0 4.0
475 0.03844073570140827 0.05543904390860388 0.040273166094064505 0.004670996120273552 0.02398900951943217 4.577646510517397e-6 0.007148841641661852 0.022324078583947582 0.00230353983930609 0.14335457138840574 0.11846429923264165 0.0 0.0 0.0 4.0
164 0.0062450975468673064 0.003311865354824972 -0.05368279035355272 0.00416629590643014 0.019003873224794132 -0.03510956776841301 0.005705046140098258 0.018021606671377643 -0.03643910645849435 0.15983517423979812 0.15023109286563885 0.0 0.0 0.0 4.0
414 0.06081826454159578 0.022088414005729362 -0.08738653887111514 0.06442901482108443 0.08191990096069102 -0.013360916856441252 0.06683011109724424 0.08261594112554538 -0.002771732446461228 0.133771799895269 0.11685591926598135 0.0 0.0 0.0 5.0
100 0.009771152505054781 0.09531673543046959 0.01224349754404841 -0.029612261529996187 0.12992043017469546 -0.042675086172763166 -0.016938463552632843 0.11136310815947081 -0.03410852625289862 0.14605726099728958 0.11572514268141149 0.0 0.0 0.0 6.0
291 0.001965697322272142 0.00909222350249883 0.005074679005828697 0.0036279040097288995 0.004625250266152348 -0.0031701892279663024 0.003286267487023098 0.004639352064085722 -0.0029415219963117023 0.15204881051303182 0.13790462640151427 0.0 0.0 0.0 3.0
39 -0.004045931381215784 -0.019150076332578037 0.008545841875985616 0.004717763851908252 -0.016653857524272397 0.011348812183672896 0.0024627951016911176 -0.01621159168880748 0.01070963329123864 0.15091214056473692 0.14683732100682742 0.0 0.0 0.0 4.0
352 0.006559785760108294 0.003762333984490107 0.011681981194001434 0.009169347918855042 0.013714748810726096 0.020468760217071447 0.008703971790839482 0.014471827228879963 0.021163771178720703 0.1552694963596592 0.1348197944231731 0.0 0.0 0.0 4.0
228 -0.010188305559798994 0.01692455633693779 0.011829263016492453 -0.006600215009417765 0.023631388526630603 0.014718920183207862 -0.00373800562908555 0.02442877215760242 0.016544022863050678 0.15415352434848772 0.13591614748145506 0.0 0.0 0.0 4.0
476 0.07489038851086471 0.02472854845038719 0.019008427305088782 0.017668759058474537 0.004064252757899345 -0.022518004547052217 0.01973764226042074 0.0031128012051939713 -0.027495588411718175 0.15803136246550453 0.13245066122943633 0.0 0.0 0.0 4.0
415 0.02443976278491955 -0.02307107030395328 0.055809853060653 0.0016680552146230987 -0.061673672330033846 0.02410467962547136 -0.0010525519577953002 -0.06497272101604334 0.02197104984114784 0.1466610262170337 0.13210788990936756 0.0 0.0 0.0 4.0
165 0.05131183666912564 0.0816356600951309 -0.01140891363998775 0.03857294066483097 0.04845767898033193 -0.021160067681639583 0.04035081155856357 0.056826119119993246 -0.022962871793168138 0.13620467159041164 0.1128033179249023 0.0 0.0 0.0 5.0
101 -0.056595624000496336 0.05854184872544277 -0.058443857599982385 0.019376839135968105 0.15730600530048466 0.004471694370361323 0.021533080952357952 0.1646542561178097 0.0023614451371853917 0.13501515315696988 0.1345045245826374 0.0 0.0 0.0 7.0
292 -0.011725445286980163 -0.033201282099051155 0.01427461554293874 0.010926477416563829 -0.0308667897565833 0.0202545419361988 0.01170322130521595 -0.029564402433837844 0.0174119410208724 0.1423176938703367 0.12392602154178917 0.0 0.0 0.0 4.0
353 0.09998864154604648 0.05772223843794655 -0.00922512241227813 0.039853318498932255 0.053427214004730716 0.00530415789669858 0.04679175997279872 0.05957573109868952 -0.0007030652848878383 0.12338183258957208 0.11297306441109563 0.0 0.0 0.0 4.0
477 0.022210899897066483 0.020438813783360876 -0.0052113416944779 0.009756208474264394 0.023587763622811675 -0.0043798130750902775 0.009265775935574094 0.0249957905140048 -0.0024290606387842306 0.15416615532150776 0.1387357355790218 0.0 0.0 0.0 4.0
229 0.019284749696434567 0.00029959513163646534 0.00013976340664356712 0.004793156886844452 0.007932513601183189 0.02127291149154531 0.0017267439067782941 0.004789818309967719 0.02253820488659941 0.15929185485436978 0.1539063318638856 0.0 0.0 0.0 5.0
40 -0.01837182677584781 -0.014495725964114858 -0.04624549144769652 0.02200806259501853 0.030628398939830603 0.00692042910225199 0.022451517557880107 0.032999501421507205 0.0015037685800391998 0.13351395505497216 0.13081481213461996 0.0 0.0 0.0 6.0
166 0.04137767682036353 0.05677364542597285 -0.014103778929697719 0.04637842165986816 0.0587274924286898 -0.011650064448468056 0.04155529198468688 0.04940938573257836 -0.017895742481016552 0.140714760497215 0.1429382891248185 0.0 0.0 0.0 4.0
416 -0.018113146702140814 -0.031028912492350735 0.00864648799867318 -0.0043377988328078265 -0.02075675277229727 0.017341480550223887 -0.005589948552708446 -0.022646653070514722 0.016055441365728562 0.15172931497596087 0.1472604162570032 0.0 0.0 0.0 4.0
102 -0.026781219575363058 0.0026917236756254237 0.06452626151667618 -0.024933833386795667 -0.021057370177584023 0.02354661141841663 -0.022524846500575735 -0.020634897651599426 0.021142013831829898 0.15472634620584994 0.13571077996936848 0.0 0.0 0.0 4.0
293 0.09567863547430155 0.07991129097357619 0.05220561804777146 0.0329561728673482 0.057882761116557324 0.029536394285996304 0.02972320188711608 0.05362650672205049 0.03773869999886936 0.14830064292052797 0.1427401653485477 0.0 0.0 0.0 5.0
478 0.1796422878738122 0.09420453920139837 0.0629820707661839 0.0690746509420348 0.03383873921671121 -0.0252863659741821 0.0755976115477186 0.040497183661672986 -0.019170564589028327 0.12843158320004816 0.12240792250740629 0.0 0.0 0.0 4.0
41 -0.006894790117751404 -0.01773606981302034 -0.06159651961905799 0.013638780924065008 0.02429320413620939 -0.00016761647385321599 0.009622374224130814 0.02058791018621764 -0.002440821209405919 0.16686932437339821 0.155031995662104 0.0 0.0 0.0 5.0
230 -0.01827307940096201 -0.05490020076493107 -0.05748836486179831 0.009463747116252419 0.012334634020189528 0.015767240666979765 0.0022022750553507553 0.002385499390006096 0.00469841928509207 0.14010916082510919 0.11593522195895407 0.0 0.0 0.0 5.0
354 0.030909642370998025 0.006953165046066134 0.003084642456977482 0.0384121390127401 0.03888277829361497 0.02264433050066783 0.044575541653039785 0.051603257075090614 0.02651348201133774 0.14202540308887648 0.1339032616907681 0.0 0.0 0.0 5.0
167 0.009755294125529668 -0.006602149688380465 -0.022262816476419367 0.0023128768285543 -0.002090184905511383 -0.01238353354095223 0.0023310936835636564 -7.824462967753743e-5 -0.014684083666005598 0.16337669764369284 0.1508083258269281 0.0 0.0 0.0 4.0
417 0.016556139930040903 0.014470687151818762 -0.006601624473964729 0.007059941263251268 0.028217379002547283 0.009872531375989313 0.005795746155066839 0.024911855035190777 0.009192348786208893 0.13481428728363576 0.12806887608935333 0.0 0.0 0.0 5.0
294 -0.01581641785730792 0.0452485084067884 -0.003992876931001033 0.002371523079924165 0.03394211065972841 -0.020392782166844814 0.010154413647869065 0.030990086542747708 -0.025454950758521555 0.14468997659420302 0.14062088205562712 0.0 0.0 0.0 4.0
103 -0.006687381760817845 -0.04763426325951159 0.014159075192981208 -0.02279397457805621 -0.05601839556313404 0.0014050022234952664 -0.024373019920125638 -0.05473759784518595 0.002784729023563637 0.15074753351180575 0.13453558133494764 0.0 0.0 0.0 5.0
479 -0.001035499133449802 -0.03434716718191455 -0.002901285188573355 -0.005441832562841475 -0.03785261087359315 -0.010389243226639588 -0.0065034689643350685 -0.03729136829063173 -0.00880652044928909 0.15538457125258787 0.1444230932638102 0.0 0.0 0.0 4.0
231 -0.0013504791380737347 -0.0027722465801294227 0.0069359730271045805 -0.003780515912983784 -0.005975309330350842 0.0026599295325846484 -0.003648468707729724 -0.006061255009538247 0.0037147107349790875 0.1531356733513596 0.15236113439699753 0.0 0.0 0.0 4.0
355 -0.0061321414171696675 0.01258548956506389 -0.059214590633031916 0.011498932764863135 0.03000416503207659 -0.019140304432035515 0.02291164402628776 0.04258000884634172 -0.015088426127840449 0.14278070886119892 0.16006680460770342 0.0 0.0 0.0 5.0
42 -0.005753007434753488 0.01597903264273648 0.01395076003308482 0.03768749444085584 0.021386497242895874 0.02147828614374725 0.042633516062961396 0.019199612932133903 0.024462031015180186 0.1524331606531912 0.1360278412299266 0.0 0.0 0.0 5.0
232 -0.017608114053739188 0.004581575117548864 0.03673894526677679 -0.026337002322476155 -0.021735400489165224 0.011396182707980707 -0.02687425794684062 -0.019361979808355745 0.009596985836380245 0.15767181162099442 0.11745780755781708 0.0 0.0 0.0 3.0
104 0.039778130925342214 0.05786287923117572 0.02812722127529632 0.024867579533691453 0.025930829261154198 -0.02409018521503581 0.02163545576676884 0.02240760979507006 -0.02478749234056099 0.14451375455712206 0.1280037286072852 0.0 0.0 0.0 4.0
418 0.0008351775157176 -0.07611305643295252 -0.019597227462126 -0.01331108458211916 -0.04737808040891778 0.01176430084428115 -0.013900851490429855 -0.03648697734832418 0.015287586126296215 0.153805575841893 0.16410812515164186 0.0 0.0 0.0 5.0
295 -0.009179669406249591 -0.013132886699728785 0.08298966798299001 -0.015770501342984855 -0.04121281064649307 0.02851605917382871 -0.0186293876240764 -0.04657917277397661 0.026254416872570463 0.17693134654919832 0.14792971899797036 0.0 0.0 0.0 4.0
168 0.023006857377814827 0.05771197837011055 0.0011907625849620906 0.03075807185600432 0.04760595595359218 -0.006013886325866524 0.028732666511980698 0.044135880991251986 -0.007114799247979864 0.13663678919343716 0.1303388546805484 0.0 0.0 0.0 5.0
480 0.04606927507615666 0.007654734215296832 0.011243405581067956 0.02288615339218647 0.009307243990806846 0.0015124837722637618 0.025187023401201047 0.006679836835711939 0.002825611617865764 0.14856226631016822 0.14530550368475406 0.0 0.0 0.0 4.0
356 -0.011663254540456691 0.0017573149672922561 -0.0018460407400036072 0.00106962505516206 0.0140978376181351 0.01533294199974966 0.002224547236372665 0.015597948683774288 0.017615540504898997 0.15561365054955625 0.13861794381440995 0.0 0.0 0.0 4.0
43 -0.011138903262447708 -0.009240782207172393 -0.05282682488848234 -0.014299080153563848 -0.01328264641827559 -0.052699186979225154 -0.019638882560190418 -0.015628158746208376 -0.05862744705889067 0.14473981049125778 0.1353089886519568 0.0 0.0 0.0 4.0
419 0.009593124766927197 -0.019354626891063376 -0.020825005479905734 0.01524392950691178 -0.009915464070563096 -0.007015824121049619 0.013870320032357775 -0.010978919061373715 -0.006895597125632924 0.14065410855842364 0.13096316956182044 0.0 0.0 0.0 4.0
169 0.043518139735582606 0.05942906449957852 0.012807250202180542 0.010276157849786305 0.04625346942139519 -0.013903766682990759 0.010241183398293607 0.05003162627432278 -0.011418653431113257 0.17524081372409953 0.14865460680233794 0.0 0.0 0.0 4.0
296 0.009399212907549304 -0.0063102440223521405 0.002200806487080431 -0.004471877417455694 -0.02479859631566994 -0.01204651527107492 -0.0028971632483333343 -0.02401200605745335 -0.01192628251146055 0.1665233815993405 0.14754991712803966 0.0 0.0 0.0 4.0
481 -0.010838181395618984 -0.0026856240163094514 0.0240503530006122 -0.0037862928089041903 -0.007446469751382523 0.025369337970809536 -0.0026102087788513195 -0.0050832237173309425 0.021204031003239532 0.15077141001587854 0.14213093432282362 0.0 0.0 0.0 4.0
233 0.01236877148601967 0.11282243297637962 -0.07170019825905083 0.007105460644328376 0.15238981585813338 -0.05813551632953462 0.002909187173197436 0.14288438648090662 -0.05929776724697322 0.15078583449103425 0.1392442828239078 0.0 0.0 0.0 5.0
105 -0.011925899219898506 -0.01722690146039907 9.10281464152618e-5 -0.007938717633589776 -0.023313072297987625 -0.0022328571816907505 -0.007250519112088072 -0.021494370464806067 -0.0006615760588497555 0.1579564096976085 0.1311013134396224 0.0 0.0 0.0 4.0
44 -0.01627167198162094 -0.010969580785821664 -0.0071357590932971116 -0.01070003996641089 -0.011764067190235261 -0.0027877081760688815 -0.01075774484443015 -0.010009626002404626 -0.0027946793335928977 0.17104235722494818 0.12677732671625705 0.0 0.0 0.0 4.0
357 0.006517961642312997 -0.037165323860661736 0.027603250472003182 -0.002453022891801382 -0.03786913908471212 0.023508297916003507 -0.002503136129303307 -0.0393229395227227 0.02243464257833172 0.17611660112283423 0.16902484325301742 0.0 0.0 0.0 4.0
420 -0.01735243656105212 -0.04691349838236414 0.07035508092548426 -0.027365250572766397 -0.08218421923334462 0.03902529559581658 -0.022794107748589698 -0.07848511703744676 0.033897662733435974 0.17875353723487122 0.1578827769801554 0.0 0.0 0.0 4.0
170 -0.015228827846511028 -0.05413182099796998 -0.04279260540080276 -0.020209368568953057 -0.042181281177510854 -0.012672288320218827 -0.01610446773827623 -0.035018589257034605 -0.01399563612699839 0.14825257748101978 0.1377666394005917 0.0 0.0 0.0 4.0
234 0.11345804494490852 0.1286120862664526 -0.0400808112438773 0.06080858720261029 0.12122011815247946 -0.0037085173849590314 0.05749809521360283 0.13805601932568146 -0.02447157139019296 0.13964445236692136 0.12209035401225153 0.0 0.0 0.0 5.0
297 -0.004464071965074479 0.0096528958676112 0.02493360454392146 0.02224940768221506 -0.014904385370410722 -0.006691106374710265 0.018566214476084753 -0.016769285081249197 -0.0035197394163625217 0.18513665500224524 0.17747681833351134 0.0 0.0 0.0 5.0
482 -0.01352907344030585 -0.000988718971982161 0.004463228994982638 0.0009356423829514071 0.0026583076460346966 0.011558127499472937 0.00037635692182202973 0.004358400785243743 0.009796995073399373 0.1444600737771788 0.13219364447354354 0.0 0.0 0.0 4.0
106 -0.002863653849178971 -0.03795215093222193 0.011138057147973335 -0.006891324877757343 -0.03480649865629548 0.01787590173976228 -0.005643627543378549 -0.03406098231743382 0.016921674775304485 0.16298508143737536 0.13236713383715892 0.0 0.0 0.0 4.0
358 0.08413169201836479 0.13727672851656147 -0.041086709089176 0.05903362743389051 0.10065812589320267 -0.08491530447340212 0.06083125465388095 0.09580781361576984 -0.09812738658887254 0.15357455746695767 0.12732130879769993 0.0 0.0 0.0 4.0
45 -0.08360687316470006 -0.06746405354780594 0.040216926926845975 -0.015244288809230344 -0.10089115786036273 -0.012985533700218821 -0.011851044070210981 -0.08144681190548575 -0.006578768632372611 0.1428729911001497 0.14075314858528204 0.0 0.0 0.0 5.0
421 0.0173461210376602 7.726691408338482e-5 -0.009637957794549679 -0.001982156773679522 0.009355413300544457 0.0027631432196861816 -0.0013967424953220675 0.011084111737869717 0.0030609628435660508 0.16277951282747596 0.1466077035798791 0.0 0.0 0.0 5.0
483 -0.009946212446569125 0.00032941332596503337 0.011330647755716683 -0.006164999585872355 -0.006727776236823413 0.00922090584049462 -0.0043569052995280355 -0.0051121281718488065 0.008827295295545934 0.1515196074618072 0.12586550120900358 0.0 0.0 0.0 4.0
235 -0.006414704600880783 0.049643850942503676 -0.02935493742462192 0.015043006531945347 0.051179573544939405 -0.0240853231870245 0.015954969684149223 0.05093585968566172 -0.024805968597045425 0.1599496763865921 0.15127339783545363 0.0 0.0 0.0 4.0
298 -0.01590323036076391 0.049460496048273184 -0.0036774886944934693 -0.02100396710480179 0.0277608061664516 -0.02073406316342974 -0.018804147416890293 0.03584954015297237 -0.02030764062679702 0.15680817867207003 0.13897749583024901 0.0 0.0 0.0 4.0
107 0.008327578727583163 0.006660043101342383 -0.02382205376963431 0.00775934343797835 0.016530756282373105 -0.013655912357842692 0.007135008607050075 0.015466962638881698 -0.013733100774488416 0.14688768887037354 0.13743322016985896 0.0 0.0 0.0 4.0
171 -0.01953720775685419 -0.017316437904775883 0.008976252780717564 -0.00908465388978219 -0.018082321963466486 0.008290909782014744 -0.009644729687032005 -0.01910884414265257 0.007066013699206453 0.15275234247816344 0.13798892465259086 0.0 0.0 0.0 4.0
46 0.023298423408631974 0.03083103330658532 0.022147635654667264 0.010869354621705796 0.01707913655422222 0.003644876931595542 0.010572994957916082 0.013851638080800255 0.0039133503797881275 0.13856503179385019 0.11998622918880468 0.0 0.0 0.0 4.0
422 0.00712865414263586 0.060882042102938794 -0.01407671370668151 -0.00339770823460106 0.03406069513367194 -0.041942963650563825 0.0002968580253219777 0.03528460864052474 -0.04237859893164464 0.14376668905253887 0.12731484017483508 0.0 0.0 0.0 3.0
359 -0.009803505118178846 -0.007883779615242892 -0.010921679833364228 -0.0060797734388226 -0.01829853611580734 -0.020998837352257382 -0.005033513816783963 -0.015814262937563828 -0.01985926392977 0.15227058500611704 0.130898818543661 0.0 0.0 0.0 4.0
484 0.0369911185888645 0.06981238563528835 -0.01939312733672316 0.035405799924962844 0.06921331637433603 -0.01964823931739501 0.03645331573775956 0.06953019434431074 -0.021086613436650414 0.13832727829980243 0.12558941060582468 0.0 0.0 0.0 4.0
299 0.040618527529935555 0.029865728945495995 0.006936206472061945 0.020618232164888894 0.025441876982394307 -0.0010758723932466907 0.01820461784818872 0.024948203796935076 -0.0013637865527438287 0.1425486563302194 0.1235946501132287 0.0 0.0 0.0 4.0
108 -0.00582318644223101 -0.02475665842609165 0.0021899333034454127 0.004167099360981252 -0.021468577453520488 0.011135562116188824 0.004448908148887876 -0.020972489451735132 0.007813273525927977 0.14074333454534113 0.1295118544855926 0.0 0.0 0.0 4.0
236 0.07649186260450413 0.027629168616236877 0.02205310259838522 0.0172435021726971 0.05842904898215062 0.010370226231593005 0.015234146386621683 0.053771242453319434 0.019962250218238387 0.1302118545801113 0.13886772271559056 0.0 0.0 0.0 6.0
47 -0.02346925961196411 -0.02640624444929629 0.006313492221581285 -0.009320188080887859 -0.02125233884763289 0.014863701806809404 -0.01339314193973995 -0.02481483680494978 0.014112685317567042 0.15727569637003266 0.15812945868897066 0.0 0.0 0.0 5.0
172 0.0055612469049726165 -0.005394656788268226 0.006015535531166849 -0.00941344917835174 -0.005148568946099719 0.002690815544087455 -0.01090561792865441 -0.0051492547670966005 0.005886089990993826 0.1552060893412595 0.14587158508768935 0.0 0.0 0.0 5.0
423 0.003638529700353166 0.012666632981911619 -0.03283618283833645 0.0071486037136745395 0.028905459034600067 -0.019762675934996365 0.005914744550737261 0.02731513203511482 -0.01760581522104232 0.12668100490795658 0.11911899464157628 0.0 0.0 0.0 4.0
300 -0.022595612990720104 0.0019597659609340567 0.0614113786547148 -0.03074134358482783 -0.04307960009248091 0.015493931843213904 -0.03073488563474347 -0.04033923266827144 0.010659827183508552 0.14073759265336935 0.1252372199258937 0.0 0.0 0.0 3.0
485 0.018529189755468023 -0.00979870031494734 -0.04430766088304594 0.01621228434925226 0.00720250096995767 -0.022847367313575173 0.01661034619493984 0.008715740274657602 -0.018670351828381282 0.15062926536081406 0.1363215364880131 0.0 0.0 0.0 4.0
360 0.02047747164262348 0.09654464186642553 -0.044534119719875864 0.04303360037406412 0.12232684199200672 0.0043961934063583286 0.04474811725855132 0.12081031127492148 0.005267144111311239 0.15537965850420268 0.14699273389124826 0.0 0.0 0.0 5.0
109 0.033746085835399064 -0.013641132622057572 0.011986692483317185 0.012490692857977548 -0.004364800263060076 0.014418258540908724 0.013415442767340968 -0.0007449694702353904 0.015335862573649717 0.161146408827005 0.15285114547571854 0.0 0.0 0.0 4.0
237 -0.017778733612368258 -0.020403714823084784 -0.006518092590557023 -0.008834166539500976 -0.00863258500228381 0.011107755758476223 -0.009964983789682691 -0.008078288581604642 0.010775259931833814 0.14398560930311963 0.13300832320677405 0.0 0.0 0.0 4.0
173 0.020685046625487535 0.13699460441824662 -0.04949713959345858 0.025163623905075427 0.14955971575852445 -0.03564647634322826 0.025057105309899796 0.14312992976447925 -0.0331170805966261 0.12697597290695622 0.11738009538014295 0.0 0.0 0.0 4.0
424 0.03636148795748695 0.0032283896940197288 0.007212842577813516 0.01024104446431262 -0.012937408868958444 -0.020202555203384986 0.010165408354228855 -0.013092444426278882 -0.016116654426649002 0.14847657673543976 0.12720597670589512 0.0 0.0 0.0 4.0
48 -0.004624231411680335 0.03525175897709798 0.010788947941862137 -0.0075134894738124736 0.03412904751802803 0.005213707494300168 -0.0077906007274622935 0.03326424010642337 0.0049966426551404375 0.15658905493852723 0.1724797402520797 0.0 0.0 0.0 4.0
301 -0.017571134803139543 -0.02308264369742208 -0.05270544448884007 0.018485792760607245 0.005645601188965843 -0.008955935547756533 0.021664234982122554 0.01665035221045419 -0.013755896267356849 0.15271151046382722 0.13213622296181035 0.0 0.0 0.0 5.0
486 0.013186519677989894 0.0126563238393671 0.016344929714163348 0.003686004867700321 -0.005821402741227666 -0.0012853026808331558 0.0035495750274896487 -0.00629829138280058 -0.002524937911601466 0.13912046548023013 0.11746664097705169 0.0 0.0 0.0 4.0
361 0.011108768383863765 -0.054657893321187645 0.09892698026803326 -0.02557035797444618 -0.08570344675210662 0.044595703195708714 -0.024157041572499094 -0.09096568189857268 0.04509038236233853 0.16618206185170373 0.16872684464667467 0.0 0.0 0.0 4.0
110 0.0006799160456425479 -0.005588125625914153 -0.014776341301569906 -0.0012395908697612201 0.00253990835564033 -0.004062754251231815 -0.0009243216885820305 0.0032837467074804394 -0.004820756646694679 0.16552780422634739 0.14865916613956917 0.0 0.0 0.0 5.0
425 -0.02708089200177166 -0.028419166751131764 0.014653407493791626 -0.021025478427444733 -0.03814516123259892 0.007624963380468808 -0.019555694010875535 -0.03451416411094732 0.007966644745923901 0.1578005766490693 0.12919923375790895 0.0 0.0 0.0 4.0
49 -0.003042550244474196 -0.0262057265928326 0.012797476999463209 0.0036856067528809877 -0.02313612165959944 0.018177076146505655 0.002916271930778924 -0.0234365639847941 0.016313515400847134 0.14234483366104567 0.13704737788269591 0.0 0.0 0.0 4.0
238 0.009024615896017218 0.000875020450991304 0.017099894859775144 0.0003775160266619171 -0.008677933841526042 0.00986171829024407 0.0009331484046741778 -0.008243477820383927 0.010137569539967695 0.14481079402429456 0.12345492911106176 0.0 0.0 0.0 4.0
174 -0.011035582654264187 0.02240714961658652 0.021238424327010286 -0.005525487940251872 0.00020714759024897944 -0.005917749857131005 -0.004411882408303702 0.00036626615500678916 -0.0038848483995719274 0.13287797925482173 0.12841085623427184 0.0 0.0 0.0 5.0
302 0.0017022414775029748 -0.02181943960240129 -0.006927170958347939 -0.011614369031472171 -0.017405526619811984 -0.006663726565086625 -0.011425752406696965 -0.015085811911838443 -0.0035033639914577863 0.156838542813582 0.14680433329569184 0.0 0.0 0.0 3.0
487 -0.022909658491526264 0.006626591168340745 -0.028392092825670012 -0.003448425069845995 0.008007980650457824 -0.022561754911045506 -0.00016785300675892234 0.012073536115641659 -0.02273205829388747 0.15781118882777975 0.14820173211725843 0.0 0.0 0.0 4.0
111 0.0813052220531707 0.03168862822297025 0.0025982780773581293 0.05242687104049626 0.025344868277575205 -0.008421579221567499 0.04623463567161634 0.013470272099296743 -0.01809155472905677 0.1500522955846286 0.141269403802953 0.0 0.0 0.0 4.0
362 -0.021911204632021897 -0.05137848824396629 0.0011915821884700417 -0.022174222392892906 -0.06775505861805797 -0.019401031791199563 -0.02433405518523679 -0.06885669786109239 -0.0210203353972499 0.12467837464788398 0.10043147346625565 0.0 0.0 0.0 4.0
175 -0.008198907487077634 0.017596719615429857 -0.04591385630104072 0.00445001191143346 0.030187917977448464 -0.030497707701940158 0.00137905586451037 0.028816983560059573 -0.03176204467284072 0.17281855758220718 0.16430564893910748 0.0 0.0 0.0 4.0
426 -0.029153988869912273 -0.0443707222225207 -0.02791580039619268 0.00037752471045271463 -0.02311274085989201 -0.0005124403043075265 0.005793492271850553 -0.020128467443328524 0.00022285259407373026 0.16259425286455673 0.12053932247682947 0.0 0.0 0.0 5.0
239 -0.05088630492866808 -0.07383045429002599 0.008959972764397639 -0.04846898310405223 -0.05553853770715178 0.05136666996242356 -0.051127278431548184 -0.07559119912301793 0.033889767636276824 0.16640160834862075 0.11541332563428587 0.0 0.0 0.0 5.0
50 -0.031124236525341797 -0.002201401525152469 -0.08410251248326861 -0.040021444489167335 -0.01790049249793091 -0.10361377154695561 -0.03850799247676184 -0.016965590119938034 -0.09948030973527566 0.1599249127863507 0.13864722183514822 0.0 0.0 0.0 4.0
303 -0.04516248125465028 -0.04360646529757628 -0.020206833788155354 -0.05745683145418834 -0.05824631250287171 -0.0382239656842317 -0.05284842886401919 -0.054367959227837104 -0.025003609710083197 0.16536970548911586 0.12303995806690883 0.0 0.0 0.0 5.0
488 0.013141175061841759 -0.019238224603434273 0.005361079941931024 0.008462079026135605 -0.011244515535889454 0.010504250250408687 0.008130495908277746 -0.012699741640927908 0.012169801180219153 0.17263791991492525 0.1405637058900434 0.0 0.0 0.0 4.0
112 0.06430158343720427 0.05882843869968557 0.013129498910176896 0.015854272762586552 0.04082102911558727 -0.015836018873628954 0.015224345185345989 0.039795032367943683 -0.012437537198767612 0.1510077662025669 0.12156316194037681 0.0 0.0 0.0 4.0
363 -0.008039759124564227 -0.02257457799826279 -0.009154255260986788 -0.0035860462657686387 -0.01798588634651177 -0.0019102555943085742 -0.00408482381337405 -0.018135769752902875 -0.0023043092396533016 0.17092446665984556 0.1406001847712571 0.0 0.0 0.0 4.0
176 0.00853426897991394 -0.008099084113255883 0.008879428845924187 0.01480458328452161 -0.004703784969572022 0.010999229917608488 0.01268426164491987 -0.004590182323749192 0.010081771451170063 0.1317591625690539 0.11755624460210544 0.0 0.0 0.0 4.0
240 -0.027434834706373756 0.006915987891646713 0.033583772172801396 -0.006368758215390069 0.0002468574454468353 0.017487669442903364 -0.007560927946641205 0.003195500067761037 0.0171492289781916 0.16137920524609858 0.1575880347359378 0.0 0.0 0.0 4.0
427 -0.021294348817895936 -0.010988942180674699 -0.003966551042162592 0.031181041842058166 0.03272806639036907 0.03437945195185921 0.01757075551771381 0.024659835387008888 0.03194135765026518 0.15189763617912772 0.13450423533820174 0.0 0.0 0.0 4.0
51 0.018782097534160602 0.018458865957026838 0.0339033731621603 0.006665738841456381 0.012142199642819929 0.02470991511762355 0.010437887677583468 0.010720532938034433 0.021670915177827377 0.17103388552311602 0.1386349885505033 0.0 0.0 0.0 4.0
304 -0.03787062501877958 0.02941647665065239 -0.049879174382507996 0.02785389153071649 0.03938387795403875 -0.029767151548972803 0.02073705735816067 0.029415142459919608 -0.031039570956823193 0.1448615424898057 0.13369484712743865 0.0 0.0 0.0 5.0
113 0.008888170018906516 0.039572260366516954 0.010651426550376097 0.020958884966410407 0.02726823487074559 0.003417239574309505 0.02067019256439173 0.027248929649752007 0.003994826308669985 0.14392311136160277 0.14385834508678105 0.0 0.0 0.0 4.0
364 0.02243437497809242 0.028782310214179763 -0.028287907201739015 0.018567480435155437 0.04496927371868242 -0.00500233243073589 0.02005770017681363 0.04245612807687116 -0.0061882440220905055 0.158469613441723 0.14191844794734412 0.0 0.0 0.0 4.0
489 0.07277327618679674 0.030681932929874423 -0.0018944074984778014 -0.02342902868558605 0.0618572252984988 -0.02065276793515758 -0.031575476053938956 0.03401896317518749 -0.015234458008243301 0.158412268027977 0.15352573071713196 0.0 0.0 0.0 6.0
177 -0.0209598124544369 -0.01361260669616593 -0.010417982479596688 -0.004326990191271252 -0.004159112783159502 0.0016445699241511846 -0.0021490255293424854 -0.00031910892416087133 0.0033541118383295654 0.14208857092577534 0.1358648774226213 0.0 0.0 0.0 5.0
428 -0.027843791010380814 0.06960094186868426 0.028186566615313158 0.00929311105216013 0.014874441596366417 -0.00032404012815168137 0.013188521404390308 0.02474468603722979 0.0063137183243873185 0.13914230065871797 0.12179484710284727 0.0 0.0 0.0 5.0
241 -0.09793712898555063 -0.17424505248016564 -0.08451988850775105 -0.0666241568054714 -0.10573833580947045 -0.008341789087897067 -0.06547772694609355 -0.11121719846796674 -0.007584174743236249 0.16087221938179452 0.1390623595895784 0.0 0.0 0.0 6.0
52 -0.010402196753198534 -0.01419041009106714 0.021291719505380557 -0.004719188610871172 -0.015116423312902971 0.025610036658972213 -0.006563837342169365 -0.016805293435099622 0.02627094872902469 0.1716915722631933 0.14056443063745674 0.0 0.0 0.0 4.0
365 0.012129380586070493 0.003720981084951225 -0.021240995944931784 -0.001618854592946306 0.009229599033422797 -0.017042209326890045 -0.0018972474021694552 0.009517234262632623 -0.016611838346730523 0.1617880528280593 0.1354608142098051 0.0 0.0 0.0 4.0
305 -0.03563114893132047 -0.059747857634544044 -0.0473180283746516 -0.0221284292138082 -0.04931499097441994 -0.0371823741988484 -0.021541803180695984 -0.05063548579752075 -0.03664063193402323 0.15892703357780022 0.1507880195511607 0.0 0.0 0.0 4.0
490 0.013913171088843157 -0.009229341741838759 -0.006008113403211057 -0.005305472376758935 -0.007587967565926057 -0.008049574477294152 -0.004677335740109423 -0.011417847359378896 -0.009384180773966078 0.14059645635730286 0.12245032748780733 0.0 0.0 0.0 4.0
114 -0.003507353636011623 -0.014936568762265678 -0.004988133843729092 -0.012739274717598614 -0.007269084752220767 -0.0019072990657981181 -0.011395088865553293 -0.008337433354796753 -0.002222769412599135 0.14406627770850658 0.13408066276436026 0.0 0.0 0.0 5.0
429 -0.00197593178191402 -0.006143821852405806 -0.0030026948638570694 -0.006757665147940406 -0.005979784283592471 -0.005936015135256767 -0.007409362124192853 -0.006521715681780171 -0.006458161829168363 0.16472211684148533 0.14989805200149714 0.0 0.0 0.0 4.0
178 0.001273974279807577 0.0013278325506043132 0.0031049153990805323 -0.0050052755364838886 0.003919633196993733 0.006395262521855738 -0.0062484804905187374 0.004618122803027536 0.003670765192172576 0.17307359419481103 0.1661148653974614 0.0 0.0 0.0 4.0
53 0.0984363124969676 0.21337343566506628 0.022041745386535805 0.03822029384268255 0.1172921361333954 -0.04896398498446031 0.04143396136351307 0.11892390827156296 -0.04110197106779334 0.13517055905320607 0.1356800654964773 0.0 0.0 0.0 4.0
366 0.02929291786511068 -0.007100243163200348 0.027593258333574955 -0.00389435794008941 -0.025788548923585508 -0.002394765012634248 -0.00401796902172491 -0.026989278632217784 -0.003138322406932348 0.14923305920683694 0.1431662585539135 0.0 0.0 0.0 4.0
491 -0.005737873983642672 -0.033939748424402616 -0.021867978075774674 -0.011011584313174505 -0.01713972944448905 0.0033783744533122384 -0.007886223390065616 -0.014095524928804282 0.0028823329117264596 0.15877268908105138 0.1393319888582826 0.0 0.0 0.0 4.0
306 0.0060702117441799874 0.028251012342958015 -0.03173996990175865 0.017938643519350927 0.019836801907627155 -0.04304403645643884 0.0171185816458308 0.017372056693430338 -0.04393496992623791 0.18556213017600326 0.13889167455730167 0.0 0.0 0.0 4.0
242 -0.008172957033091843 -0.011279762844863761 -0.02229759211349125 -0.0005221224432091498 0.01147489279391567 -0.00044001359428302855 -0.0023921735316214665 0.010615015569656494 -0.0016266399467842474 0.15246243273954038 0.11362565937644169 0.0 0.0 0.0 5.0
430 0.005753647459100453 -0.02579918241831125 0.022971817037214626 -0.023978448976927358 -0.000604942005248077 0.03329209897582186 -0.020569299781111106 0.001575304662330801 0.03723360103102902 0.19326392784398708 0.15087457509052238 0.0 0.0 0.0 4.0
179 0.03866055433538085 0.08602757510399917 -0.058743477886543216 0.02902377219046892 0.08857236722841311 -0.061404041175689095 0.029469442867139595 0.09152782680403071 -0.06431669141763019 0.15693636013481777 0.1267209662247181 0.0 0.0 0.0 4.0
115 -0.0327812638550965 -0.037809026248813105 -0.015769553575086026 -0.02833528352249992 -0.029414429121664587 -0.0029387963349439827 -0.024305224906888245 -0.02937253188384592 -0.003952128410745437 0.15662286208081097 0.1483508441447067 0.0 0.0 0.0 5.0
54 -0.011175126786157397 -0.014794124204088877 0.004488961516533774 -0.01339083182816514 -0.013135443370981048 0.0025224456660752903 -0.014299051555416331 -0.013450214873030442 0.0027984224667403357 0.15097593634270778 0.14917539210008873 0.0 0.0 0.0 4.0
367 -0.03969037893686411 -0.01135890516322513 -0.0350211528476555 -0.027729185789159283 0.013377164832803379 -0.01567680176750863 -0.026009930820451888 0.014931029282325703 -0.01677070671604486 0.13680903515663567 0.12367466124082745 0.0 0.0 0.0 5.0
431 0.03011002131241547 0.034513941026891315 0.04591341219216738 0.009151685930831377 0.01503276420840427 0.02728359311142725 0.010737349467555335 0.016954523346435657 0.02883706045640122 0.15226084932106104 0.12419672542563107 0.0 0.0 0.0 4.0
492 0.039576125805913076 0.02937355249663809 0.07079395831900026 0.03371268695967844 0.0063109364564419845 0.03663509659466824 0.031088211557633194 0.004909825581378202 0.034480950832373125 0.14581577984327318 0.11536849542045402 0.0 0.0 0.0 4.0
307 0.005325776344250244 -0.0043364593751976654 -0.016269055627682216 0.012774937074751858 0.0009945137958666805 -0.007818944450471599 0.013264580339655607 -0.0007011517151470636 -0.00929208261018244 0.16167239117378376 0.14724459995131503 0.0 0.0 0.0 4.0
180 -0.013412131631204138 -0.023969930520282956 -0.01938662523491086 -0.004952098462940757 -0.019143974560653976 -0.004492074636331611 -0.005901956183005375 -0.021191028545657464 -0.004757594640854679 0.1604409028856061 0.15076135652228476 0.0 0.0 0.0 5.0
116 -0.038361537243695065 0.017774025468265675 -0.028841333417186532 -0.018572993101758195 0.02018020554592903 -0.017782708177631168 -0.020509171450269426 0.01794484285478304 -0.018779277541591144 0.17089386081594998 0.14400928377523514 0.0 0.0 0.0 5.0
243 -0.09042952051738873 -0.22698298750710932 -0.044301892399103426 -0.0617129622098308 -0.1263813404812033 0.0399305145240465 -0.053827608361392 -0.136032895402441 0.049525834541333635 0.14789692890604228 0.13563045947819355 0.0 0.0 0.0 7.0
55 -0.01787889213378835 -0.013707061826086941 0.004713955262186875 -0.013285612278908121 -0.014654177422424253 0.0015319989369702025 -0.013239224946503425 -0.015177760592133382 0.0022801551833473432 0.13791133290873667 0.12352067934530112 0.0 0.0 0.0 4.0
493 -0.07295935329681535 0.02516579039061817 -0.0029544037069044737 -0.03458255283305145 0.02214226024658794 -0.0007890923897591051 -0.030186424756396102 0.025724909022252218 0.003487718787736238 0.1473180139114102 0.1306743831871444 0.0 0.0 0.0 4.0
432 -0.005586362367325459 0.006091766383042874 -0.017011559174549218 -0.011850406725365192 0.0004481372127882466 -0.018191667674999135 -0.011373135345959628 0.0019318899009967971 -0.01831953882690507 0.15787257904602753 0.11483949993860776 0.0 0.0 0.0 4.0
368 -0.0060523201907209945 0.029125279403227955 -0.035339640439343456 -0.0034483734816995737 0.030242188846521634 -0.03544738619418353 -0.0032383512184863683 0.02989163300278541 -0.03444759168446754 0.14991139087556704 0.13819774448960506 0.0 0.0 0.0 4.0
308 -0.0074484003681246636 -0.02395647215266794 0.023965443936783126 -0.01792903935896495 -0.022480185553755083 0.018609157305849333 -0.01805434628906566 -0.023906953033010603 0.020259843895579666 0.15997834754240003 0.14952931482433854 0.0 0.0 0.0 4.0
117 -0.005182321053232242 -0.032867777995373104 -0.050035651748981946 0.00446850120498965 -0.0006309030928264292 -0.012705684012537355 0.005784645225650253 -0.0014570836123605213 -0.01230763266091306 0.1718403379103285 0.15935773546746418 0.0 0.0 0.0 4.0
56 0.05367635047831687 -0.01423723298201629 -0.02726217277281695 0.06407024540815542 -0.003739773830234161 0.005999436889776222 0.0647954337826937 -0.009306709596912821 0.008125786790134093 0.13997864381970931 0.12410788286554776 0.0 0.0 0.0 4.0
181 0.012508132066750832 -0.013581469301275129 -0.0017050233350957011 -0.005641104608337111 0.01749542771564916 0.029364340909368902 -0.005808321739321998 0.008018891137639095 0.03346178904504926 0.15333049562870107 0.1293984059980492 0.0 0.0 0.0 6.0
494 0.05154968808332172 0.07861854708041194 -0.07731957342956863 0.059577244443784316 0.09099484257166557 -0.06628745472151121 0.056966150872842514 0.08861856408303326 -0.06390753790038572 0.1524076476498468 0.1298019994936791 0.0 0.0 0.0 4.0
244 -0.03670044344621115 -0.09942084310909405 -0.04245747948997769 -0.021487236140986576 -0.09769134945850644 -0.0250419955862895 -0.025565289785554612 -0.09928174684089341 -0.031084545995858193 0.16023419132153308 0.13055934554004006 0.0 0.0 0.0 6.0
433 -0.121506320670838 0.04799161068159563 -0.04228002097295647 -0.010135022667593696 -0.0014795967885410377 -0.04782880048537519 -0.021909078798388215 -0.01083339254940674 -0.04773849700514321 0.13413156415577365 0.12751509852999318 0.0 0.0 0.0 6.0
309 0.004929687965069762 -0.000704756304167109 -0.002774555646164578 0.006323465703567566 0.012660323355596637 0.007313831333478404 0.006224301153088696 0.011126367495880807 0.007569950715130558 0.1437506439625369 0.12977554852650247 0.0 0.0 0.0 4.0
369 -0.0029054248787967474 -0.02838268119792009 0.004333949380763702 -0.0030906275173437914 -0.022159001791542177 0.010593962994650763 -0.0025773444391324896 -0.022693782925935713 0.010945981998888188 0.167994924148971 0.13662830033447798 0.0 0.0 0.0 4.0
57 0.07493137035151864 0.049167945682612846 0.019772155271098324 0.05643082307778213 0.04676428961557355 -0.0014877223914523396 0.05456448741235609 0.047170639765364175 -0.005307567631463117 0.14429750954154144 0.14740176024109578 0.0 0.0 0.0 4.0
118 0.02095439793373366 0.014121140150458844 0.00017891108547640755 -0.0005000901021332549 0.006012317094794994 -0.015738114936306946 0.000425567118959691 0.008905331505944858 -0.011533631516220444 0.13832799012787966 0.12630233735919177 0.0 0.0 0.0 4.0
182 -0.0014927488560749769 -0.0018961996060937736 -0.012470067332342016 -0.007627099242679902 -0.002658784296244554 -0.011922829700162896 -0.008196224427589605 -0.0032773775565353436 -0.012661004956720734 0.1540729954881914 0.12934395571243945 0.0 0.0 0.0 4.0
495 -0.0073888360357389216 -0.009140431819889994 0.008056133623822292 0.011885079480442151 -0.006844596292696625 0.013268408193318537 0.011952515519028317 -0.012060053102677881 0.013113087412998325 0.16039238535027633 0.15145025555287775 0.0 0.0 0.0 4.0
434 -0.0024712306409063745 -0.004460420003254861 0.007397033400365904 -0.0044924739732773444 -0.006763134311531971 0.004002669400013703 -0.0053733707435563716 -0.007825018497575331 0.0037668053201369567 0.16009449090622346 0.15667776491145735 0.0 0.0 0.0 4.0
310 0.021788998157656003 -0.0016590691230690124 0.031616072219486036 0.01624956835339275 -0.004172941445769185 0.03262886581490099 0.015463030030080205 -0.004721852656385361 0.031536890849140464 0.15295687591762888 0.13805360169006634 0.0 0.0 0.0 4.0
245 -0.01515897782187059 -0.0459106120232462 -0.008830390567656332 0.00569151286647096 -0.0008866332329993121 -0.020762212310091566 0.005100469675881847 0.015697657417561572 -0.015566119851704308 0.15181928380932022 0.16020236213397632 0.0 0.0 0.0 7.0
370 0.0012356131691719785 0.013152439800474758 0.004647366270934095 -0.006365424901793815 0.03462688066488506 0.00952353961607244 -0.005012739642725195 0.03644116487080984 0.007983758689281473 0.1576438316914586 0.125927836165708 0.0 0.0 0.0 5.0
183 0.01632767817095715 -0.04624826001824178 -0.01532530121968989 -0.019882882551808145 -0.03100222802764152 0.007936663342780426 -0.015837528773522513 -0.030745613060710997 0.013063259900373714 0.15356157006745796 0.14678598636246082 0.0 0.0 0.0 4.0
496 0.028867365643690635 0.008208324809726886 -0.009685876160854145 0.009979430729086136 0.001522898129387551 -0.025175628578552267 0.009430756752000446 0.002815768883447589 -0.02248655639036301 0.14136542713650388 0.12688549361457577 0.0 0.0 0.0 4.0
119 0.010729411529452282 -0.003217117138029968 -0.03795131806022323 0.010885513471874608 0.01624841636645269 -0.025808696983864565 0.009556735407171724 0.011141434913738202 -0.025546856380553762 0.1574640861312557 0.13904186901256935 0.0 0.0 0.0 4.0
58 -0.012379935266288111 -0.09935012143291533 0.10809052673492792 0.03949974450184457 -0.02114536022562652 0.14894026974308416 0.04736241520068196 -0.029709639369999485 0.1500004207713832 0.1433840967390435 0.1324873124672105 0.0 0.0 0.0 5.0
311 0.018587604627654075 -0.0015664300790210195 0.10200417037605014 -0.008725475227487678 -0.057662294331960906 0.04753274024706333 -0.0031361481865195273 -0.04573020487324286 0.0494720737394021 0.16053563336679233 0.15162608556811621 0.0 0.0 0.0 4.0
435 0.015043929171647985 -0.051073416007754946 0.025013739040129712 -0.008448570027558944 -0.0469966804899532 0.02460146988243128 -0.011086126115108397 -0.04960457987938993 0.025526692154369757 0.1334696029426173 0.1295487118731868 0.0 0.0 0.0 5.0
371 0.014853086132253113 0.03482470690807715 0.011830381937135037 0.0159764891923464 0.03112030762854534 -0.0037411148583677 0.01741458663358242 0.029642492173259427 -0.00398868341255576 0.15035897800384107 0.1466077474659274 0.0 0.0 0.0 4.0
246 0.010978978662311567 0.015522749309283768 0.02159440475963703 -0.00833767749904768 0.006252688623310743 -0.002278560100927862 -0.011906625871062837 0.00042242676552817215 -0.0015573900400670526 0.14955742853551368 0.14218578370032928 0.0 0.0 0.0 5.0
184 -0.015557575041360017 -0.006687079313980715 -0.004585584144841892 -0.0015811521670372475 0.0038511145200601504 0.009705567100498413 -0.00042047886666451983 0.0010011013579382944 0.011930695222557741 0.15142251121364614 0.13182435396482214 0.0 0.0 0.0 4.0
120 -0.00846417612119621 -0.019993964122243302 -0.0638011725065496 -0.006157891150044503 -0.009916469871497968 -0.050695622782823246 -0.004538817647274707 -0.009503750665540323 -0.05055303242645459 0.1653960678024385 0.17268001267277977 0.0 0.0 0.0 5.0
59 -0.019381330012619102 -0.011047087304232317 -0.0166596527730134 -0.005674047067889876 -0.004519661916985274 -0.006768494250087631 -0.004009595378832609 -0.00595033517220056 -0.005202931119926646 0.15040280865975653 0.1252044563852486 0.0 0.0 0.0 4.0
497 0.002787485553417346 -0.011293345309508096 0.04150800925678544 -0.013239540787391313 -0.026832505257301187 0.0072347036245383745 -0.011191652056034118 -0.027402774493077153 0.011361483344940915 0.1664537057890634 0.15861763491455333 0.0 0.0 0.0 4.0
312 -0.034533064079821374 -0.09200667924159955 -0.01779774966396186 -0.03372908824940246 -0.07836043177213481 0.008067064355908204 -0.030202002797320215 -0.0757782982407027 0.007847366403416212 0.16075217973888623 0.143312802829834 0.0 0.0 0.0 4.0
436 0.007108860106622705 0.04619044519256632 -0.0023971958954484007 0.0037049988602557704 0.03797808408500791 -0.007344814340562222 0.005695877839793528 0.03816988788947273 -0.0058313069529410955 0.1388044016846489 0.12725021129861072 0.0 0.0 0.0 4.0
60 0.02271573549148398 0.02576761481592027 -0.0053299872864107645 0.023240088143573034 0.034189544528285154 -0.00014033003009972234 0.02223577616279826 0.03276161733920224 0.002179237271460188 0.151044813001195 0.1340371575721847 0.0 0.0 0.0 4.0
372 0.0028540164935093593 -0.02197338604465371 0.00022299376581047525 -0.017321758152189726 -0.027505119543537293 -0.01217415944875 -0.01706275008822644 -0.027888633182722833 -0.011833560636593243 0.1655868726425973 0.15252707945097702 0.0 0.0 0.0 4.0
121 0.027231080819949627 0.13741246789049977 0.05472295378025405 0.029459713548276367 0.10950915123515692 0.02487376966089605 0.02326093084422176 0.1045011023014828 0.02263690926724049 0.15774473507003747 0.12259714648488954 0.0 0.0 0.0 4.0
247 0.008025888300905226 0.025081183026550047 0.0367979249763879 0.020988815235030156 0.017678072937991063 0.028623702247054572 0.02076503984251654 0.01777663777073868 0.029754419443784652 0.15435885399143992 0.12456184056074612 0.0 0.0 0.0 4.0
498 -0.016375803745357742 -0.04448952978269538 0.031847046892841124 -0.025828828135768367 -0.055390711726570285 0.008133818998683706 -0.026273325530696168 -0.05734129340906091 0.0091287503281412 0.16987903527613535 0.16277974933880146 0.0 0.0 0.0 4.0
185 -0.009382895308225003 0.005853251086087141 -0.015868993122649 -0.015610506817519076 0.0044217199316622935 -0.008827470642569168 -0.01537270806952673 0.0015503113934274282 -0.008338777842583522 0.14737268684773244 0.1275722517125379 0.0 0.0 0.0 6.0
437 -0.017098949787723083 -0.011792494142796706 -0.005284285872557248 -0.008766862314162793 -0.009243765217246236 0.005522839220006848 -0.009143368348970782 -0.006816291454530221 0.0028795766982319115 0.1779887202374033 0.14982196855929583 0.0 0.0 0.0 5.0
313 0.0003562978749278578 0.020056405872304728 0.022267596590196836 0.008500941421409891 0.01773160945822294 0.02936841885090069 0.008115706748056395 0.01612979302630202 0.029725950788900946 0.13632146483715415 0.12753537692723801 0.0 0.0 0.0 5.0
61 0.004304762889786318 -4.914586018345268e-5 0.007037857635215694 0.0010362866037918472 -0.00236903864558069 0.002302448145688807 0.00035367106674133453 -0.0028885595013274923 0.0011845011927200666 0.15309514431772206 0.13447645609053668 0.0 0.0 0.0 4.0
373 0.023813937265625196 0.07520447169062705 0.0177678489117723 0.012678075957405 0.05260163165204701 -0.010406949243259356 0.012845253107945931 0.052396768282311434 -0.0114916295171269 0.13546225025105668 0.12254873012326306 0.0 0.0 0.0 4.0
248 -0.003909251520263113 -0.00908153428730174 -0.009486896797419209 0.006768750557402559 0.007076811921880033 0.011861218750944591 0.007032158350014361 0.0065435726035312225 0.010321380483761633 0.1456427390330507 0.11482150133267831 0.0 0.0 0.0 4.0
499 -0.011942287995026502 -0.06479967166230449 0.0018565021752585675 -0.010220732291470247 -0.04606045885535537 0.01704592002032057 -0.014299309541767613 -0.05270479513220949 0.0140575857649754 0.14223365792968548 0.1250504400832418 0.0 0.0 0.0 4.0
122 0.05995959539853257 -0.0066558486883581125 -0.015287917518515548 -0.01869675822900707 -0.06836440391807408 -0.07539474246163957 -0.02971533692868744 -0.0733704147811236 -0.07691530353561504 0.1511161878082011 0.1472998955397454 0.0 0.0 0.0 5.0
186 0.025971104228268427 -0.060350203324962104 -0.05709109964614567 0.01409504955882479 -0.008222128121975536 -0.047910779568357875 0.015531490908644141 -0.015727549728993706 -0.04671981177959883 0.15184635971087662 0.13444223975978747 0.0 0.0 0.0 6.0
62 0.04930224136455452 -0.04264110921634068 0.004928668989156781 0.024850415001202775 -0.05881487409529196 0.00730663677670762 0.018924055584413457 -0.0686331498656354 0.008789868548394697 0.13394495533745374 0.13731589528456503 0.0 0.0 0.0 3.0
314 0.029331778272376985 0.03581301831715189 0.03448644699545711 -0.0011539589491583735 -0.0024274491292287648 0.00013024101024661228 0.005359522347130996 0.0026929495427148176 0.006381100445227661 0.1487871956915602 0.13732556783005526 0.0 0.0 0.0 5.0
438 -0.016734871659509154 -0.027546074001466914 0.06130141875451134 -0.006413395889576012 -0.047590443681982286 0.04339129229796046 -0.005475169067785002 -0.04801083835620745 0.04640307353905926 0.14752752471503927 0.1261773799433611 0.0 0.0 0.0 4.0
249 9.251180511204993e-5 -0.03180012359762452 -0.02740897187561142 -0.002396827966209547 -0.025123957674796693 -0.014852461270890016 -0.0015063349712810536 -0.024114909791111083 -0.0152528564243396 0.1557854013801705 0.13840228210844366 0.0 0.0 0.0 4.0
374 0.011400706492093349 -0.011632053584437196 -0.014603569889204637 -0.006930671678258116 -0.008145782106454669 -0.014516372807960698 -0.006782591388941772 -0.008558739640955548 -0.014570159742732458 0.18149172044200848 0.15276837452008948 0.0 0.0 0.0 4.0
500 -0.04069430441339128 -0.06169973357657321 -0.053011969000649084 -0.03182183412341533 -0.00549852323630573 -0.0004807036197848058 -0.03355125927282743 -0.012640748812243197 0.003557406161350807 0.1389952583726625 0.12848292211308593 0.0 0.0 0.0 4.0
123 0.003614843217544461 0.0206783130111845 -0.0034780066703302692 0.0014535513378626241 0.017739844593881227 -0.007103847109958039 0.0004522334057930344 0.01818622081387522 -0.007883576648550439 0.14751557080978067 0.109662203216464 0.0 0.0 0.0 4.0
187 -0.04050902652999011 -0.055813630321533414 -0.08511943734168204 -0.014903750463303944 -0.035159490447322916 -0.058273432782948165 -0.017559149435542043 -0.03465059488945421 -0.06074728968764742 0.1612260289706585 0.1520351138156412 0.0 0.0 0.0 4.0
63 -0.024347502645606367 -0.004125488487208617 0.011405889652822188 -0.0029144794058922896 -0.003949961209547381 0.02450429670427856 -0.002472340497415404 -0.003625560884711221 0.02372714014284405 0.14725731134324577 0.14387046184773877 0.0 0.0 0.0 5.0
375 0.0016061112856737836 0.046886713398821556 -0.05297613724738992 0.0063327570826716695 0.0716299263862159 -0.029962470810236952 0.006103894171007651 0.07172591648563675 -0.029605964797790207 0.1596199610011818 0.15340305548705993 0.0 0.0 0.0 4.0
250 0.021066844496215653 0.010745126475786737 0.0017863514549041337 0.020913891954973396 0.02004726830971104 0.020062172627428154 0.020463960062448328 0.022162540384829343 0.014358811240782865 0.15294802889086306 0.14508875692386453 0.0 0.0 0.0 4.0
124 -0.008446752070148889 -0.019166191274261557 -0.013545981223579973 -0.008860485192934586 -0.013643711905351075 -0.010414824785261123 -0.009363704100760928 -0.015751936224747465 -0.010922843098345902 0.14850880774534442 0.13577625980754043 0.0 0.0 0.0 4.0
188 0.026206354571624013 0.0026462916629914623 -0.03960587360742818 0.0051664861471545365 0.015468882717648569 -0.018051726254386335 0.0041759814852420085 0.01243139352166378 -0.021592799451764177 0.14628063732014462 0.13829850843343325 0.0 0.0 0.0 4.0
251 -0.00012004436507762062 0.045707674396977094 0.08708368553450274 -0.011246442179150384 0.003172953493757902 0.04488900527555506 -0.009890442295108048 0.004515818911634328 0.04703198743040282 0.17118855112288028 0.14885403223859722 0.0 0.0 0.0 4.0
376 0.01563229586260717 0.0661550925391039 -0.0785083074466133 0.00346437884973283 0.06168594482712564 -0.0773152612637843 0.0026249444922445964 0.0630556533768758 -0.0737384216249285 0.13555459738957445 0.12267300987777953 0.0 0.0 0.0 4.0
125 0.016096551889454913 0.02504969201494278 0.013515765347923647 0.0016392326561902593 0.03372646828200243 0.008850866941114255 0.0009652122323935419 0.03723944610989682 0.006611271323194279 0.17853046874700998 0.15545477702096977 0.0 0.0 0.0 4.0
252 -0.015676349354354913 -0.013214946555655471 0.018097855711595168 -0.0052751740902662325 -0.014955047950659273 0.022479822522373905 -0.00597490441773485 -0.017589224595079944 0.019253400387786 0.15512292877598077 0.13569075022183635 0.0 0.0 0.0 4.0
189 0.022605771844950828 -0.04157408855837119 0.04380301023627897 0.03036991089360863 -0.04112752549835763 0.03258134291972703 0.02641394953856424 -0.0502207490217893 0.03899870012619 0.1597065969269523 0.14204082985594133 0.0 0.0 0.0 5.0
126 0.0026674322890980484 0.022709662604555536 -0.017321648705066917 0.004780849550435784 0.023520324776313606 -0.010882679176826726 0.005173457002361825 0.023046070491732795 -0.01075626407481356 0.1619601889919449 0.1444076761289921 0.0 0.0 0.0 4.0
