127 0.5455566628852235 0.03100206681762452 0.17581657363000747 0.2572551491895654 0.030070855473550262 -0.031589828723160185 0.4078835499057656 -0.008818924458622202 0.13558829988427523 0.09856183391825676 0.12030290052457901 0.0 0.0 0.0 23.0
439 0.697986461841906 1.019215588012806 0.7658241734401137 0.5205234938646495 0.7934882090203215 0.48008745302448697 0.338803959127556 0.5930530032282122 0.34935033313306385 0.05898719268977674 0.15287126843989152 0.0 0.0 0.0 15.0
64 -0.014957326180403907 -0.0687004129305957 -0.042635997604099085 -0.026763254601505193 -0.1215610282031786 -0.07243446702806389 0.003942372434815544 -0.11916076272098997 -0.06116758802798916 0.17257958055264333 0.1828941266374848 0.0 0.0 0.0 5.0
1 0.14320740024243372 0.0868068474540884 0.16565440789369168 0.12436245162563875 0.069576735926556 0.14730787208119223 0.13155734212643377 0.06897492852892895 0.14973850114324905 0.13660003663742432 0.17332513721522372 0.0 0.0 0.0 6.0
377 -0.1707383040581958 -0.3854172603820971 -0.07313106363163957 -0.18452167411965648 -0.34013828616355657 -0.15269728205828015 -0.15138108342561307 -0.3430909024640969 -0.07523567538626408 0.2732911221346944 0.22604103964248445 0.0 0.0 0.0 7.0
190 -0.03043290791752018 -0.041462012552220595 -0.021416564703309438 -0.025776199774606767 -0.03513294894795582 -0.06579461339984527 -0.015823627949926866 -0.038689546839212774 -0.041027032788628404 0.15658076083716463 0.15686820077189373 0.0 0.0 0.0 6.0
315 -0.045142983716755514 0.07288275738369343 0.01827905814174069 -0.06458934786644488 0.05898051484788658 0.03322429827948703 -0.055642391238881816 0.057701206531209026 0.015545919903455552 0.22810882747083125 0.1499183327681303 0.0 0.0 0.0 5.0
253 0.2517393710831013 0.09957101808745317 0.0915893956419771 0.31019133328024506 0.14696586421683588 0.12545985781129798 0.35536381457526 0.1001227798749964 0.0545781801558356 0.10761705585301007 0.17469685516425149 0.0 0.0 0.0 10.0
191 -0.0028269767564256254 0.006454562913282169 -0.05755524328176209 0.0047155273475032455 0.014428512046589681 -0.04811708057124919 0.0014803614755813932 0.0053072940006575475 -0.05777954378754935 0.15767652223210218 0.18284888572255587 0.0 0.0 0.0 5.0
128 0.09536848874640702 -0.06472732372463119 0.021229248742428597 0.00650253267798262 -0.07387195447305495 0.029998771595026064 0.05916830828774122 -0.0856801100201785 0.008971582173231685 0.18343465004111006 0.20591065737085587 0.0 0.0 0.0 6.0
254 0.04265989864640596 -0.025842170806741782 -0.030285708748882034 0.023688408867487798 -0.058574617912851124 -0.05077107477397913 0.04914155804781495 -0.040405965303256464 -0.0317145702143703 0.13740545957267916 0.22076923874855553 0.0 0.0 0.0 7.0
2 -0.11864325305965417 -0.08950020150704674 -0.09044599766126316 -0.10036544925771462 -0.05549698911348633 -0.04668500485433824 -0.11026369628495847 -0.06302359268661828 -0.09779933882279124 0.21198151666530388 0.2503626178275155 0.0 0.0 0.0 8.0
440 0.28719455834890484 0.18149806099522214 -0.2359035239018028 0.2916494309134381 0.17530940762224656 -0.20814348928788717 0.23796402112326076 0.16791429179892803 -0.26094403841248515 0.22030508701268225 0.28167659391222943 0.0 0.0 0.0 7.0
378 0.27693287860889937 0.08378431906480621 -0.0460285281535423 0.23199902164545283 0.10867382406515813 0.011546393043803116 0.28564318943334044 0.17532770072291792 0.18159761093601978 0.11993216547711288 0.1450233845234521 0.0 0.0 0.0 8.0
65 -0.009799525743504622 -0.0056817207744634945 0.020464148821312422 -0.0736281046667675 -0.04449734873516542 0.004631142731577942 -0.04689339239798829 -0.029317205357852427 0.0013185774439963271 0.12457722074395111 0.13797525027738658 0.0 0.0 0.0 8.0
316 0.05777664865288967 0.3070357293596555 0.28410491984222674 0.030731521426646147 0.31097625993760936 0.1456575357581391 0.027263455962887928 0.2871351936504325 0.1666676078123257 0.19948180656316242 0.24534567573634677 0.0 0.0 0.0 11.0
192 0.08403556089019415 0.008841275025482931 0.0661477487278852 0.0806298587315395 0.0015507556456144655 0.0654322751745553 0.08278844761250648 0.009177467867562905 0.06644431100514336 0.16566932188923422 0.18560793763813374 0.0 0.0 0.0 8.0
255 -0.044537108718388674 -0.055722891052742196 -0.040804557178309 -0.03385558117515264 -0.051828473530056374 -0.03492058716410018 -0.016707568562965514 -0.047307294071943784 -0.03828168378019681 0.15008070843912155 0.3474708302527169 0.0 0.0 0.0 6.0
3 0.03318987275535701 -0.13365131454171375 -0.027852355505328164 0.008081455561344209 -0.10724860938092873 -0.06256953313345481 0.01606157338984371 -0.11833660623887965 -0.059695112194274924 0.11076197126332518 0.1625957777878073 0.0 0.0 0.0 6.0
129 0.06221205218418735 0.2848625143507606 0.07050993242290393 0.08576450138927116 0.2628322913973653 0.03273378304820529 0.08530815020011007 0.2644933877368971 0.047988593334599816 0.1868451082317383 0.2233265847334564 0.0 0.0 0.0 7.0
441 -0.09477656611071716 -0.004867291345827418 -0.14912183786207256 -0.12807341607749745 0.021062791294099936 -0.14558949984066494 -0.09732702381416913 0.03444469298980124 -0.12837651568874842 0.2679255566269106 0.2869773945172573 0.0 0.0 0.0 5.0
193 0.17821156554828144 0.3050272972316832 0.33071971512113096 0.19621001604455235 0.34847245865271814 0.33460445360461466 0.19957528696318128 0.3444262340085551 0.3356621976801448 0.0998962677046207 0.11057046910246325 0.0 0.0 0.0 5.0
66 0.2203802227034295 0.2640377558452498 0.2947826089070007 0.22778856843301298 0.20429455233583216 0.2662597005073555 0.25084379938738066 0.16817132674486945 0.2752017987182762 0.16961259796903302 0.22016680107860134 0.0 0.0 0.0 7.0
317 0.2735671892366782 -0.18486227328430516 0.02622442926031021 0.33117337119931123 -0.1733216256540534 0.1620703123942886 0.3639751737836501 -0.15872891174364012 0.15204390846504556 0.17077804261006516 0.28196574833572235 0.0 0.0 0.0 8.0
4 0.09669009474516277 -0.10318308534563203 0.0808940855010003 0.08738810925033236 -0.04600718163958939 0.07526206987554573 0.09319628527878954 -0.06397524005430655 0.09298764392056236 0.1458583857653802 0.10346937094003336 0.0 0.0 0.0 7.0
442 -0.08018559501859501 -0.15136839605699037 0.09711953221760439 -0.13329143386759335 -0.1825578031676337 0.12989830062129348 -0.11160537605142284 -0.15901368950625794 0.12559350315923412 0.1628599545324652 0.20620273585243087 0.0 0.0 0.0 6.0
194 0.015612713037557402 0.06185422137970531 0.04650519770273864 0.012890939578283245 0.02204843243578858 0.002069424153699151 0.027619718642164504 0.056567966235741896 0.0380329752446964 0.17604024218512954 0.23363307641764322 0.0 0.0 0.0 6.0
67 0.3470448844114482 0.1626613875725309 0.023729928812495027 0.3374232686499108 0.14706725223965167 0.02833854730553731 0.31911243371822184 0.13490972487266606 0.04727540884077008 0.16819950865826166 0.20536346987460805 0.0 0.0 0.0 8.0
318 -0.00994934229998301 0.025491009843305656 -0.06101827863855347 -0.025411641771904248 0.012257309143707262 -0.07526276625163086 0.03998737429689325 0.06620593603899105 -0.10432124483930405 0.2280124818154922 0.24480502127162337 0.0 0.0 0.0 7.0
5 0.009908577552784958 0.03164991917282789 -0.015303485143661977 -0.010222202888681808 0.032271368808187706 -0.032727295048615046 0.004953676189491052 0.04023333134691742 -0.009063781332114162 0.15242630949428013 0.20883825554839444 0.0 0.0 0.0 6.0
379 0.4484450315579187 0.2268535403079539 0.13655293317779238 0.5757160663305791 0.18766727110026027 0.27419416864012747 0.4016767510289001 0.04632908691142812 0.2537437744972444 0.10537766572521884 0.18199000651661265 0.0 0.0 0.0 15.0
195 0.1835174350908546 0.15133890047985687 0.04218674023588975 0.1676277677172111 0.16134194715956074 0.01785341053800793 0.15295687395890223 0.15821198561997218 -0.00024107257200634002 0.1174801073884974 0.1646099801689585 0.0 0.0 0.0 7.0
319 -0.18291159122974754 -0.1611632748411943 -0.06856925645014667 -0.16973282055509442 -0.1419221216906077 -0.061052114796079526 -0.18199291269449236 -0.14613234412567822 -0.06366708211063099 0.17352693816731138 0.15531887386529403 0.0 0.0 0.0 7.0
6 -0.0655488302081646 -0.35112944117285083 -0.28797337460930006 -0.04707244064493454 -0.3308024966166381 -0.27579831732344773 -0.05345737825894792 -0.332552712549529 -0.25325304583191544 0.20619220724639942 0.24017706086297094 0.0 0.0 0.0 6.0
443 0.2568000075423569 0.23825205319231268 0.2070760495188 0.427855340062566 0.5497915373327633 0.28422517228168465 0.2867380902397638 0.2999793246931899 0.19402992935846108 0.10200147517797771 0.22188803671616195 0.0 0.0 0.0 14.0
68 0.08755446156917124 0.1959547548189149 0.4538188103022114 0.09197135050766425 0.18819988634539664 0.5420229704032595 0.10465766435497548 0.15189714869045745 0.5056876013350469 0.12841492869963045 0.12998901354406997 0.0 0.0 0.0 8.0
130 -0.07414327884290339 0.0688318294539978 0.02311299229938557 -0.06050012764515855 0.07115676591055164 4.4188536783673626e-5 -0.06247875284787918 0.06416901588645074 0.013597288190816181 0.10479713561897143 0.2343375554813726 0.0 0.0 0.0 7.0
196 0.01351155536442561 0.05681768589077807 -0.0508985734678582 0.06969758814893678 0.1102011099375797 0.0028800649987292815 0.048269590878147195 0.09533115203092368 -0.012065162523705597 0.1169283797861483 0.18822082747603483 0.0 0.0 0.0 7.0
380 -0.24089290930067053 -0.36954050368474145 -0.1255906910984521 -0.2831484068385913 -0.3570590304263149 -0.1868312087772257 -0.29975205342114364 -0.3100367769261311 -0.23691851186108692 0.21647531786907928 0.3666717291647715 0.0 0.0 0.0 9.0
320 -0.057202592096132765 -0.06990766399217996 -0.08557323000137729 0.00724300384724641 -0.01193246879217924 -0.027287393175052355 0.013126864035724495 -0.02487232594138411 0.0037737896488172495 0.20940044439685085 0.17558596057421327 0.0 0.0 0.0 7.0
7 0.10040927922032128 0.025950554881290167 -0.1953748893593218 0.0974687090241606 0.04804592132173369 -0.17125913043272611 0.08000438314532787 0.05021562370038124 -0.16162641125663435 0.18091107970044612 0.21296331645202415 0.0 0.0 0.0 6.0
69 0.019898618844320426 -0.07003584538337182 0.03328122699868352 0.018266415987378437 -0.02553431259874006 0.05198260209828898 0.013335754072062445 -0.0367008674170618 0.0417219814329004 0.13771554682753043 0.1477782717931733 0.0 0.0 0.0 7.0
444 -0.24604207879266782 0.358312459609305 0.053864528650149124 -0.17760749009350396 0.29791722312291946 0.07245486752042818 -0.1915508671430689 0.3383467105809337 0.05059075729868301 0.1260029544346695 0.11236432714602358 0.0 0.0 0.0 8.0
131 -0.016350790700644602 -0.14700659319166376 -0.11118357617936336 -0.035135564019953214 -0.08692731896776851 -0.055290221078693524 -0.04722294473007638 -0.07953120193423513 -0.07277758087309294 0.13568107945705957 0.1818652040868209 0.0 0.0 0.0 9.0
70 -0.03305280449836212 0.0052170374106650375 0.07842511642652306 -0.04513919485590523 0.006105397983363403 0.05878602353022844 -0.03416299862029537 0.019115606777036165 0.07408554204065321 0.16885595914182547 0.172352951298425 0.0 0.0 0.0 5.0
8 0.01004135406584794 -0.08473922704164671 -0.06125699348884173 0.054581381725014255 -0.05372476457386255 -0.055907304084491405 0.04302166505411176 -0.05911084450432236 -0.06385061595076114 0.16457694585637075 0.28484414063834274 0.0 0.0 0.0 9.0
381 0.37027936041526366 -0.09217413651606032 0.07413468627344977 0.4132883443014621 -0.07905564007709864 0.13552073141686316 0.36579185267111947 -0.08571394926369325 0.07686382113279988 0.168801632798161 0.19435631721807894 0.0 0.0 0.0 7.0
321 0.1083815904412666 0.02720968312022576 0.09234819331522104 0.05556231433274572 0.058583929209036656 0.09041552654478902 0.05051154746629272 0.0673754653872205 0.08835691382354871 0.15438737312686224 0.20241526212026784 0.0 0.0 0.0 7.0
132 -0.03056678736091578 -0.13857086852360034 -0.15028306234214206 0.028658324743156882 -0.11306837600802289 -0.1604104148934793 0.004738145817843931 -0.13632613211803002 -0.153402605208528 0.16551354492829978 0.1775923964000335 0.0 0.0 0.0 7.0
322 -0.1379736833733246 0.003037645486157592 -0.13384904932189012 -0.1568798022672967 -0.016237007339195975 -0.14380478776023087 -0.16281631038863076 -0.0642413875527581 -0.15323151716196248 0.15803091244316625 0.18405270391235662 0.0 0.0 0.0 5.0
382 0.08423847886836189 0.0171049193653936 -0.06327806370231603 0.08764025012698151 0.035930794462592175 -0.030402965690911388 0.08465477657005871 0.047298571426092284 -0.024186417692428908 0.1650140138159256 0.22281151329765606 0.0 0.0 0.0 8.0
9 0.07002199863702852 0.1628274019841387 0.22901417698192206 0.09566822990998203 0.1271498451885804 0.25723065110057375 -0.012365516916269859 0.10222177391032328 0.22354630491345517 0.1529964891157734 0.31127447314761547 0.0 0.0 0.0 7.0
133 -0.014590446404597723 0.011119289631750684 0.05588068551041925 -0.01918546359835882 -0.006813502445406572 0.05695056453433334 -0.010850755276975654 0.005594936834007802 0.04580210452660083 0.15298817225659334 0.18395960748555232 0.0 0.0 0.0 5.0
323 -0.030598349015129034 -0.20402473255477072 -0.10611497760126853 -0.0659874730787392 -0.28563197019301045 -0.1904293897928273 -0.052946675432133605 -0.24372791672187433 -0.15053982409809463 0.18582524115129495 0.22938386090879687 0.0 0.0 0.0 6.0
383 0.03267091410866141 0.009293616095550794 0.1631611390851162 0.0069004375656436245 0.03385316017698292 0.1392989043552828 0.010557281559211651 0.010285257324165853 0.12664284674726134 0.12461420157059817 0.13271898637923982 0.0 0.0 0.0 9.0
324 -0.03179303815421075 -0.05661642530935518 0.03371205303305014 -0.043539212934488036 -0.06844713766734101 0.002192286774069352 -0.04232267613824536 -0.05674415718235237 0.021643604638071245 0.1569752575174103 0.1624251442395304 0.0 0.0 0.0 5.0
134 0.11402618347370042 0.15367630588124737 0.3318378880517985 0.06181315748742455 0.15189012365381416 0.3651537588693503 0.04015877362754283 0.103834787882092 0.293409793869136 0.1360431435969251 0.311569429189335 0.0 0.0 0.0 8.0
445 -0.08761759587668594 -0.1842039962425973 -0.1923266333230108 -0.06363957711600143 -0.12168400130134982 -0.11262004912712054 -0.05375886964454091 -0.13580128065348784 -0.13531690957647213 0.1393967389976079 0.15176690486656688 0.0 0.0 0.0 19.0
10 -0.016285553388255214 0.20466107043702642 0.16179996337231728 0.004621629909803637 0.1593378713580922 0.08318569063691017 0.0065130199704255265 0.1692476106995735 0.19141821491563538 0.12348458902641907 0.18869627108740247 0.0 0.0 0.0 10.0
384 -0.02328877119404693 0.0031126598289354934 0.08536861409648733 -0.02206477274395302 -0.004231779074970299 0.07467867524890148 -0.02569170032101986 0.0007965345981442162 0.08177448675066001 0.18211860115767664 0.16141972986444664 0.0 0.0 0.0 5.0
135 0.055170840470254445 -0.08050606046793207 0.09719716531876799 0.05554878504561578 -0.02635617451460004 0.12462892210729004 0.04462077573803991 -0.04897650675528975 0.11577728701422729 0.17640762972394022 0.18999717867341534 0.0 0.0 0.0 5.0
446 -0.12138080695869258 0.0024898393664112284 -0.03986855340094453 -0.1229711346478295 -0.004572261854164372 -0.04177262276899574 -0.12497191271704056 -0.005458194400714822 -0.035227076288586234 0.14109928965649818 0.22821498331886358 0.0 0.0 0.0 5.0
325 0.04400136455362014 0.19035671893407868 0.13221782745107147 0.03646738694252094 0.24356009534695144 0.1523264473489161 0.03532064058180295 0.20751736097756912 0.1088029183175463 0.1998714767948557 0.059843358630558195 0.0 0.0 0.0 9.0
11 0.042130535318442464 0.01834098721704258 0.08376831369208326 0.030380736008549736 0.019190091341302118 0.0872536739429135 0.02885354362545134 0.03590604429645827 0.09392283394178569 0.1509106941430998 0.18909978560361235 0.0 0.0 0.0 6.0
385 -0.032699552677675436 0.0882514516363544 0.1351896862362485 -0.04776227994664339 0.057077422671595546 0.13204584833209387 -0.045428333963847045 0.0642743716666554 0.13148917354790157 0.15769860600415855 0.1353157156070203 0.0 0.0 0.0 6.0
136 -0.18114743033052239 -0.059998088905384384 -0.02690842378406222 -0.19039917327260525 -0.045743711676679344 -0.015124491065281909 -0.18362769448360994 -0.052209022762994106 -0.012946463061714097 0.2457845052521267 0.26143992713096903 0.0 0.0 0.0 5.0
326 0.12794914962285997 0.11597622482615444 0.014435248482718821 0.07672571948010365 0.08701905265333432 -0.02349588391073887 0.09766604211974328 0.09100485797439672 -0.011187864277332205 0.13695056741786582 0.07264216179320976 0.0 0.0 0.0 8.0
386 0.03949137535732827 0.012922914323263202 0.016315824532848078 0.029378158526747633 0.014640842091994788 -0.0038334656727799787 0.026662295429551452 0.017738289517672534 -0.0019040174059091752 0.20452576537108277 0.28358406984038365 0.0 0.0 0.0 6.0
12 -0.062305488816857824 0.04998535764229972 0.11488088131849095 -0.03995752012160847 0.045601733671617684 0.0797215931160904 -0.0552416230884869 0.06128135538003221 0.12108636084454227 0.1675348482197268 0.12408360807562753 0.0 0.0 0.0 7.0
447 -0.26245207544377647 -0.23764758935165742 -0.39495881476717054 -0.23563712738157538 -0.17747826107073028 -0.34468487975823847 -0.30869657700078645 -0.1110208036047684 -0.3131113537394722 0.17148170197170542 0.13949613626001736 0.0 0.0 0.0 7.0
137 -0.09350088399813283 0.05372190191756965 0.06568141400418459 -0.060143851511823776 0.1382818205948737 0.1232604535264763 -0.08488760509257764 0.052550658799540795 0.092079308466539 0.24214374633557084 0.3124501331696249 0.0 0.0 0.0 7.0
327 0.05277450731433864 0.04561602567446976 -0.06541781516901757 0.05942096534031149 0.06284347552397485 -0.03476204711105835 0.04695307320782316 0.04771750917674655 -0.04998609804573617 0.13568606480748907 0.12633675931985577 0.0 0.0 0.0 6.0
13 -0.008354196976750217 0.044506939796431055 -0.023455608337812683 -0.023366925539167638 0.03178545682862155 -0.01530704813364192 -0.0008323399378101781 0.038072726286763725 -0.013861833021652337 0.1900657810424726 0.16937611065131983 0.0 0.0 0.0 5.0
448 -0.03844521178465077 0.006665296900766338 -0.015754912543519572 -0.013626992256328907 -0.002084799048684749 -0.02095411782444656 -0.015551456046765222 0.005822817523432944 -0.0188817575740875 0.15377269198299529 0.11692285440683152 0.0 0.0 0.0 6.0
328 -0.04429888873684662 -0.13380942069914792 -0.08742670007100672 -0.02794827584753834 -0.11833100797591767 -0.08398656526764703 -0.014686673229715508 -0.09609091518577295 -0.06233474252058091 0.12308050411393799 0.17517208222500447 0.0 0.0 0.0 6.0
449 -0.07665273084598978 -0.11866896594059961 -0.12730692653131237 -0.028273317820824873 -0.08829673877430977 -0.1282402106975289 -0.03532908838053472 -0.08297104041153991 -0.12218977794415153 0.22645085455931627 0.25732154011025776 0.0 0.0 0.0 5.0
387 0.1685137980500715 0.45838356222094534 0.20072612478755847 0.2220754803822278 0.4067259442219264 0.22878530961459198 0.25516810087212805 0.4243849830192632 0.200470684485609 0.0902890698333651 0.11142621110357738 0.0 0.0 0.0 14.0
138 0.10966796458228978 0.16627763892569014 0.2846743448012896 0.09510803501948506 0.07562363427370533 0.18529511728302395 0.0615175418012861 0.05980309599710054 0.1899415018006727 0.14002057062425852 0.1158842643279683 0.0 0.0 0.0 8.0
14 0.1403506604008391 0.23314208753292665 0.32123922837993213 0.13521087340689375 0.28325943290034616 0.3514319800679082 0.19146197715838853 0.2531749508690724 0.38275333726322347 0.15753689431061266 0.2567718669887737 0.0 0.0 0.0 9.0
139 0.0008774713497050612 0.012445961278668483 -0.01957963355331882 0.01895899456300154 0.024557485756185216 -0.022840177929019045 0.02502241263744298 0.03203283626804776 -0.016321132864315024 0.13688533230905098 0.3007192951905551 0.0 0.0 0.0 4.0
388 0.10920193352275054 0.03471892935157195 0.2622370109928389 0.10371389868708603 0.014991504843640424 0.2552900107674627 0.1107332662424283 0.0036339362291728516 0.2661696728054963 0.21111772485520686 0.33806658747774526 0.0 0.0 0.0 4.0
450 -0.013378117653330746 0.0438138923776894 -0.15393612554704972 -0.018639420734183343 0.056719624167385074 -0.1508348604171833 -0.012102339970023634 0.04897650192804903 -0.1427802255725017 0.16445448627280013 0.20370753060967922 0.0 0.0 0.0 5.0
329 0.0015828261923966913 0.040062271919216075 0.15773870499493436 -0.011080000098390053 0.041285763307967516 0.13309332679663166 0.012240511836658419 0.06709593949487314 0.14667881309951492 0.12129755063992038 0.21603224270812244 0.0 0.0 0.0 7.0
15 0.09638663575008377 0.16401835478575277 0.1909772860815513 0.09994309409830837 0.147540302630089 0.14711254664843731 0.07276090538143687 0.1191324399930922 0.15106065897800725 0.18990461131483874 0.19346378587863133 0.0 0.0 0.0 5.0
140 0.16128880737815 0.06416783404935611 0.08636667836979739 0.18454624504621275 0.08762424958726789 0.14501298520275374 0.18604522426775838 0.08481401938742694 0.13074949067062613 0.1363626985641411 0.11467147056446728 0.0 0.0 0.0 7.0
451 0.08379038884836354 0.1219030604066822 0.11667450314272387 0.0997413072122959 0.08495335824460182 0.0908849510530616 0.09442581927057891 0.0892409625543038 0.11352244739488238 0.15361392633504403 0.14829185423395685 0.0 0.0 0.0 6.0
389 -0.0960060444038574 0.05096160085562351 -0.07093347915716208 -0.1006842577779552 0.0239567816571995 -0.10085429218853315 -0.097550186482389 0.024295924709424543 -0.09745054900212358 0.15656259961529795 0.25260692961421727 0.0 0.0 0.0 7.0
16 -0.1574698231138406 0.10412991236049907 0.19494327960925806 -0.10000502783522558 0.09369205630937927 0.24637277944820068 -0.1570184850581412 0.04000404300548044 0.17729198789864387 0.11937715176228204 0.21472153234168606 0.0 0.0 0.0 8.0
330 0.19807686857512197 -0.043861647476666765 0.18580613107511534 0.2096417289078074 -0.023397402706092918 0.1820184050264182 0.22250592756854037 -0.019760994112818397 0.16249540730402678 0.18777730946819898 0.2297774758531126 0.0 0.0 0.0 8.0
141 -0.007582993838530561 -0.02453295328441285 0.03399370212309338 -0.0061172632290746876 -0.0100561905931279 0.04291293411351593 -0.007455696554716895 -0.020304056078099375 0.03584104316914716 0.12389249996491808 0.30991112078511096 0.0 0.0 0.0 6.0
452 0.38918433888749915 0.09458363863264219 0.39524228275975015 0.36165112036377867 0.12232697418934424 0.4561529880350097 0.40802648694841737 0.1238291684388757 0.41912795961580307 0.21925977746641057 0.3156265236236072 0.0 0.0 0.0 7.0
390 0.19569359956163823 0.13105625896268824 0.142505971602924 0.17790799116211242 0.1373130559359106 0.11080161974869718 0.16982491915590447 0.1204895546152076 0.10975109480221557 0.1493805405331003 0.17127178987779057 0.0 0.0 0.0 7.0
17 -0.1255152352463087 -0.036409087293015285 -0.2078743431170751 -0.13272865595779793 -0.03818220923057192 -0.23769306229738774 -0.13859355542158924 -0.04931634083665282 -0.22335381779288754 0.22352479036555603 0.3158264760249757 0.0 0.0 0.0 6.0
142 0.02265288298969259 0.09344537736942282 -0.010113381699655033 0.03164267779835006 0.07795283630468419 -0.007728235704345443 0.02647089072969333 0.07621994353529926 -0.01123774431862512 0.14772462381908588 0.09761553191724695 0.0 0.0 0.0 5.0
331 0.035976217087126505 0.29153683511160344 -0.08585921782603301 -0.003069386414795927 0.24752000450429157 -0.06430680339888817 0.04286221457665218 0.2771322128050484 -0.045882463717109245 0.1808374061718205 0.2454389495082823 0.0 0.0 0.0 7.0
453 -0.007085118502191734 -0.031061478154007838 -0.025892715593497484 -0.0052403060588586126 -0.033469990870872324 -0.03325620787811656 -0.0019630901500898856 -0.0274332753540264 -0.021226281998000918 0.12358518167710399 0.11849023336473344 0.0 0.0 0.0 6.0
18 -0.043263049735802084 -0.011540989602908946 0.01048508134328352 -0.047550809689345885 -0.01701467919584998 0.0009260186215380717 -0.050322338183589 -0.029593309635723264 0.003960062485884652 0.21405439797945713 0.27636478201152975 0.0 0.0 0.0 6.0
391 -0.07687816211765741 -0.057761529436913706 -0.10304044983269689 -0.09852317520381104 -0.0835284645798311 -0.12514723023271734 -0.08798043330128957 -0.07116781062530031 -0.11625917623952398 0.168683624301983 0.13161399569512802 0.0 0.0 0.0 7.0
143 -0.26795049763763856 -0.11529955557773619 -0.08270247011323639 -0.30100776104705185 -0.16419486520864846 -0.1293892859172936 -0.30582180537656567 -0.14508592131330256 -0.13697141339314656 0.18073125885691302 0.20392017080595576 0.0 0.0 0.0 7.0
332 0.022897062223357967 0.010878073035128999 0.041050771331261116 0.010349627075020962 0.014131391451457809 0.024984718913966697 0.004377834032063932 0.0044977463054982625 0.029358505096689136 0.2010151886970384 0.2220470552311399 0.0 0.0 0.0 7.0
256 -0.2602921526762777 0.33159526345374846 -0.5685902377999341 0.324126258944909 0.7966047730164068 -1.349416315634265 -0.46217528685763787 -0.10312204871299246 0.16574589012532992 0.14386812442652494 0.15905852743385426 0.0 0.0 0.0 145.0
19 0.015440047288786118 -0.0009008800224810098 0.06970985930370421 0.01367082629222205 -0.008616855042276605 0.04351114474468254 0.014852111313389038 -0.003562284645477254 0.05345356066865303 0.17419409685839846 0.06004482908192491 0.0 0.0 0.0 6.0
144 -0.087623323265962 0.14602974557780857 0.08922874093381639 -0.10628139482751198 0.06435692854133435 0.009469048680992742 -0.0988485319940926 0.06943598026740694 0.02999925877842502 0.13558923229821057 0.1516492818752062 0.0 0.0 0.0 5.0
392 -0.14339178680804265 -0.018585699307841375 0.052868411410961214 -0.09927194180119003 0.0013917750418337427 0.02516572348179147 -0.11861778177304338 -0.010276726633773436 0.03463428656712653 0.17198973616605748 0.16381937021787377 0.0 0.0 0.0 7.0
257 -0.017514743010931144 0.08202461034527819 0.07531917575187252 -0.05738156752481616 0.011994805758875016 0.031049008770627218 -0.027419723869410384 0.0456320882683241 0.06911411032403492 0.10063502943512335 0.12316413484604975 0.0 0.0 0.0 6.0
333 0.16564946010388093 0.0579857771735417 0.09886707613579682 0.17483500230321924 0.05106815458384073 0.1007282374882621 0.16362284172319197 0.04971544544869322 0.07974896628383954 0.1815525066534135 0.14937337197385628 0.0 0.0 0.0 5.0
454 0.043690038007991205 -0.023048646094127934 -0.3756612122093126 -0.02473361728867396 0.12286905256593594 -0.1267677069832105 0.14453712584674316 0.13303727019047717 -0.18662000458125827 0.13886366588199042 0.2611928676489462 0.0 0.0 0.0 10.0
20 -0.0354131347413601 0.11067452526791621 0.09783021443737505 0.03726583401327832 0.1519697585410611 0.09622997433887837 0.06290964709154734 0.20616477323717453 0.1555336980852664 0.11868580932885887 0.21893910814109602 0.0 0.0 0.0 6.0
393 -0.05296300381523056 0.006649222261496002 0.10853841646211748 -0.04777755044325538 -0.015304460072339099 0.10563926541679547 -0.04990686225661445 -0.004382854777967293 0.10657862829712972 0.16270242151310052 0.18102213623953844 0.0 0.0 0.0 6.0
258 -0.24510750129622694 -0.1714662088002753 0.06507276642466198 -0.2556798249186154 -0.15645306215497257 -0.009411456827433051 -0.2247123051622385 -0.17045764898737126 0.006439131877228554 0.21486722381434425 0.2217674762768822 0.0 0.0 0.0 6.0
145 -0.06896093588737306 -0.24040590384083993 0.08890435005311859 0.015131757754334174 -0.12542139600098545 0.2650529516392963 -0.1382076756176741 -0.2368203034574109 0.03135071641964493 0.10075234444688531 0.11680123682359318 0.0 0.0 0.0 12.0
455 -0.17441660809792725 -0.12029645058038174 -0.09302847048994722 -0.20273265822439013 -0.10742771180352662 -0.10126888022746494 -0.19471808950808056 -0.0992021786542393 -0.1032443258042055 0.2265631173129931 0.19305503595931267 0.0 0.0 0.0 6.0
334 -0.196850802848742 -0.11622291632111947 -0.2051700641451235 -0.18581338296481975 -0.053359896805434515 -0.08962923478592522 -0.21719514584951582 -0.09254731674117911 -0.17102010572921278 0.1883591410350963 0.195747330810293 0.0 0.0 0.0 7.0
21 0.12948031959066975 -0.008244361875543227 -0.015985955112898687 0.15639791888340948 -0.09537309288040141 0.04701038782048905 0.16846977029394972 0.012571982593356124 0.06587268600125418 0.1224588215500391 0.2916247872926554 0.0 0.0 0.0 8.0
335 -0.0019606472832063293 0.010971966736404992 0.05300493163347886 -0.009172400288290139 0.005528809197311801 0.011123521706171147 -0.009466000435332078 0.0016601521610457581 0.04214066057285515 0.14336116220641273 0.25171064122631864 0.0 0.0 0.0 5.0
259 0.026462395067456734 0.08835905931143362 0.06420445011518794 0.017000690656696404 0.02156866872465213 0.05968784150891748 0.026186627861154443 0.0366977094707166 0.051684404786734195 0.16782654238730574 0.24429476874484146 0.0 0.0 0.0 7.0
456 -0.0590319617366849 -0.06279103124411145 -0.1083712347367346 0.00752805963652925 -0.007073744778903102 -0.049284768832590586 0.06031506108078677 0.031958958022027195 0.023289686438432877 0.10447074238658671 0.2139255991455539 0.0 0.0 0.0 7.0
146 0.4021265272716461 -0.16924742070763388 -0.08828690173476439 0.5110443158544014 -0.10780899567595204 0.023798762281638686 0.386628586805563 -0.13477332628610406 -0.004266279352330815 0.12617756031658392 0.18902129997713274 0.0 0.0 0.0 11.0
336 -0.06681867051550006 -0.08293688366990637 -0.061324479521420616 -0.06602679821965862 -0.08746561701242395 -0.0683659003029845 -0.08609368187094324 -0.09880656005352972 -0.08203026920164536 0.14295672058823128 0.1385914250661196 0.0 0.0 0.0 5.0
22 -0.072879124422771 -0.11052511965367717 -0.04334226329010504 -0.07050221545414559 -0.10827133613240036 -0.036465189476877824 -0.07386520689963183 -0.10416111161772568 -0.03628208033462377 0.2123341545731549 0.3181905473825231 0.0 0.0 0.0 6.0
260 -0.029712305304164355 0.18482538409871996 0.026650743746989836 0.008853195850483386 0.21331387479292374 0.06736925331133148 -0.04319207180812745 0.1327400467353952 -0.015639817640643594 0.09918306459927188 0.22761052262764858 0.0 0.0 0.0 7.0
457 0.035372038878318524 0.12429798515442747 0.12074443199701146 0.04736587247629376 0.13420945449431643 0.13395418636325296 0.06438495178939219 0.17140850980232059 0.17694505856514264 0.1380978129442647 0.12989124750178507 0.0 0.0 0.0 5.0
337 0.03252157592257032 0.07738967667426766 -0.08407754193474537 0.0483260642206087 0.08057951384501316 -0.10568858938687686 0.024209135895335576 0.06956826620100154 -0.10248278928870636 0.13701845683496144 0.17427736685537143 0.0 0.0 0.0 7.0
458 -0.034889334239545544 -0.017540882707002825 -0.003993619676004201 -0.04214860236280282 -0.020156757443359208 0.0070005990081480896 -0.032841889056832274 -0.0036121708205464342 0.007787630639271237 0.1742212230224318 0.2289496173362409 0.0 0.0 0.0 6.0
23 0.14782416784046948 -0.032912223558588694 0.20209590305444491 0.07803014236300898 -0.016549401909998096 0.1880270698227895 0.11307679158543804 -0.03584548809638877 0.20225695478805217 0.11034111864906071 0.1158818011691395 0.0 0.0 0.0 7.0
261 0.13182309615045806 0.011514685621166754 0.43017829768424365 0.11693684617548672 -0.001998450364884219 0.3225155356042293 0.07644236189434395 -0.038819011747222576 0.3405890854591689 0.13482380497692903 0.14829030162313322 0.0 0.0 0.0 6.0
147 0.4427799746952754 0.033723617136316 0.20415844373707492 0.41724906297910547 -0.16854464883328157 0.227123602813599 0.4133941203663607 0.20289530178546777 0.2817070577522838 0.1609117259894899 0.2850967052591765 0.0 0.0 0.0 14.0
394 -0.1338157689760867 -0.10237210385672169 -0.6128781579416718 -0.0477501633360875 -0.23430624828317026 -0.6165648493002163 0.16487300333094335 0.06966975647257234 -0.6494246616233812 0.1706622036566958 0.22878332793529535 0.0 0.0 0.0 20.0
338 0.105461904205564 0.045851454281764736 -0.03532365867276854 0.15414712757326443 0.04870929898374188 -0.014574470961130181 0.16595980933604615 0.07590653237867628 0.009920779246532785 0.14654443913760504 0.3757048908693329 0.0 0.0 0.0 6.0
24 -0.08056545213721522 -0.22793633688739356 -0.15481617953297988 -0.061690058665492487 -0.16745374186299988 -0.1264702863693189 -0.07046056650367272 -0.1931824066984077 -0.12826099062156815 0.17420480994957 0.1815144418429075 0.0 0.0 0.0 6.0
459 -0.017076522288474005 -0.09358389756326968 -0.07801085794825457 0.021425811643983605 -0.09682365635816881 -0.029886848335793692 0.01665248561121513 -0.08713485231395401 -0.04859788452535396 0.18338725246925536 0.1332652506347263 0.0 0.0 0.0 8.0
262 0.05740770359908143 0.14683327050272532 0.21279147116344888 0.020750239551261984 0.14873916284356437 0.2020009968213825 0.01999105501217291 0.12613413672374274 0.17520393656436406 0.17579370354440438 0.21715279961294134 0.0 0.0 0.0 8.0
148 0.03820793836230596 0.01817449382670877 0.08145629598798587 0.03915369204918151 0.01654262307511667 0.038770511623440695 0.04132601450000184 0.007110119019650307 0.023829522801461556 0.13071302647683983 0.18991606007184283 0.0 0.0 0.0 6.0
395 -0.16222249303223935 -0.39194160154361957 -0.20393830345317532 -0.13156190262271994 -0.3636665771024493 -0.1914899060854619 -0.09700239787655784 -0.3309889869290298 -0.16262582724827368 0.09912595645302016 0.2089219747114239 0.0 0.0 0.0 6.0
25 -0.11632441412198602 -0.14505214091063157 -0.14702680201656904 -0.1001107688869185 -0.1419827515867681 -0.13610901559284716 -0.09918910092437039 -0.14115916754866709 -0.13218938713495165 0.15855738262229668 0.16577615373741064 0.0 0.0 0.0 5.0
460 0.11128925598800365 -0.0376203137906278 -0.011708913443128632 0.09176126880332536 -0.04063472703722637 0.01367124940817499 0.08069632502624025 -0.04387028929130088 -0.007577690297614015 0.21530699380617485 0.16690617894605692 0.0 0.0 0.0 6.0
339 0.008717420494595007 -0.17459141997655558 -0.1449397852070734 -0.03553854247858812 -0.17815933116707083 -0.16620525897501326 0.00017911612515431052 -0.18382482733736394 -0.10958715093910565 0.1948227464273351 0.2423075547712926 0.0 0.0 0.0 8.0
263 -0.029644190347872135 -0.11528699755346905 -0.09049102246081298 -0.029073055672355186 -0.1048098886980926 -0.08300786184855169 -0.035053277012328965 -0.10749579354515681 -0.08805225319077459 0.13240603877048188 0.16295034532738914 0.0 0.0 0.0 6.0
396 -0.05918799796356622 -0.2876889381564146 -0.24972155469116875 -0.04761952526248803 -0.2528029968762253 -0.2118943362738308 -0.023783608582937266 -0.24176894783016234 -0.1972941685169034 0.18781662766812218 0.1960289828346246 0.0 0.0 0.0 6.0
149 0.05907273017927439 -0.1548680757775428 -0.25151012776041837 0.04129984799580044 -0.14920541687095723 -0.23279301514885264 0.07703799551354251 -0.14413953896456866 -0.20420730352788652 0.15138541783703013 0.300351449759151 0.0 0.0 0.0 8.0
461 -0.03546375970544935 0.03773072078557238 -0.05997512159340568 -0.04591656674519362 0.03525956316459511 -0.09086928163508079 -0.026040456679124024 0.0442782710167009 -0.07661920792161969 0.18507219856037355 0.18180491178863334 0.0 0.0 0.0 7.0
264 0.19771085600236704 0.1880950363773901 0.0702588545327989 0.18470795247461447 0.16918857852296187 0.04530258324004088 0.19283100826577404 0.16658413299278507 0.05382868817612407 0.16565069721453834 0.1739032062989439 0.0 0.0 0.0 5.0
340 -0.08238432277602148 0.1501858174242221 0.05102232346576585 -0.047143850523273634 0.12464375621032375 0.025328369084255842 -0.06483233826625356 0.1336003075732668 0.04091294257026146 0.20071730818848105 0.2164249045372575 0.0 0.0 0.0 6.0
397 -0.13021572607279264 -0.05155686594646003 -0.15880900202511938 -0.20724287201274127 -0.12233975918324602 -0.19618886460236074 -0.23087271713184665 -0.08882232070133722 -0.17363245462778598 0.18190665674419998 0.10007627550581528 0.0 0.0 0.0 7.0
150 0.059864118505547514 0.006028227290698185 -0.009075181734265914 0.0658609742696068 0.01986876389668435 0.0034499121721940362 0.07616469090016342 0.027284293636038237 0.020514401972884677 0.12102348359654759 0.2179880739515705 0.0 0.0 0.0 5.0
462 -0.016644842623977585 0.0524908760592111 -0.09074975962878196 -0.03294031100771855 0.05141606797287546 -0.03237793981730286 -0.03988062173045415 -0.0022700704458492593 -0.04324302589865969 0.14778019626799838 0.13801421685836715 0.0 0.0 0.0 6.0
265 -0.026072131565266887 0.004966504662586857 -0.12477457671064118 0.02202770547346944 0.011094809220130175 -0.1444138176477 0.0016974307537658273 0.01367339423421643 -0.15264431779560395 0.1511491791906559 0.18898404706611668 0.0 0.0 0.0 8.0
398 -0.11831866555255388 -0.09243760838522264 -0.011862794523823106 -0.05927687343978305 -0.03634356816517326 -9.587684230760729e-6 -0.09549432109816058 -0.053836426352618205 -0.017737961883917297 0.16569001128732386 0.16874032779476233 0.0 0.0 0.0 6.0
151 0.04758965889392752 -0.059529518954043126 -0.08270543103382921 0.02558446877149856 -0.05451751946986261 -0.03531193617197215 0.024105947171988884 -0.039034350546921726 -0.038278978129748786 0.1860013371057775 0.18666793983480565 0.0 0.0 0.0 5.0
341 0.1892301071360314 0.6318482582038885 -0.24732331371941085 0.1888442945080815 0.6434912451746593 -0.14986341152886706 -0.025533717561205926 0.3836117532467753 -0.08413262033852331 0.19098148079592983 0.22741409792096626 0.0 0.0 0.0 11.0
463 0.21135982977681267 0.033515983295393736 -0.04699272776081509 0.18431829105537068 0.07879562384960925 -0.02099566644895834 0.25725447939810087 0.04569208547939585 0.009055136172496425 0.20337038889778908 0.23418910936275766 0.0 0.0 0.0 8.0
399 0.30292306440610495 0.09968551483353716 0.1303534589121751 0.2712715947513564 0.10868331606200332 0.14389919000575402 0.3477557139695582 0.1441236010987621 0.1478803677578937 0.15208693392976355 0.09029115304804997 0.0 0.0 0.0 6.0
266 0.06850230562716875 0.30153222153449377 0.07517892432978268 0.053317022610820164 0.36475055624708674 0.04210326931418007 0.09592953866741794 0.3529282337644988 0.08538460262680303 0.14540358990319618 0.17638025223344908 0.0 0.0 0.0 8.0
464 -0.11759481046863729 -0.22221100727694376 -0.12181206821121726 -0.11293416934172895 -0.21663591378429214 -0.11170569034552946 -0.11314662240160389 -0.20966632142516428 -0.10804289099020736 0.19887305980616773 0.31103341707956333 0.0 0.0 0.0 5.0
342 -0.017534972647449187 -0.05418570484146201 -0.07995301776877062 -0.04198759808239383 -0.049341412721892075 -0.08467579508138612 -0.022681179848890398 -0.053047422376076514 -0.08692544629234988 0.18806328475098943 0.2828045662294786 0.0 0.0 0.0 6.0
400 0.06893619619756342 0.0024086143825496897 0.04108289242067853 0.06919709420987452 -0.004487099730840716 0.04128299215796294 0.07648667689088673 -0.003871526757195598 0.04735484693514547 0.20951482833858706 0.2398830421803771 0.0 0.0 0.0 6.0
267 -0.009670138798305139 0.026860458679663246 0.009948543038163393 0.007475164261323997 0.035149612094590665 0.031970065449708596 0.00035124992964852275 0.020092731255533014 0.02238001454881955 0.251663031424614 0.23076261892546088 0.0 0.0 0.0 6.0
152 0.12997013549809822 0.3393473140915262 0.558123549707187 0.0360088646523149 0.2112159642143836 0.337213947240977 0.00665781937564347 0.15047240721794908 0.30456687335999466 0.1526247513467231 0.15848231049066777 0.0 0.0 0.0 15.0
465 0.04823768440471743 0.06300345918980699 0.07535646671701945 0.017777880248234457 0.0126925357272345 0.040618644001901405 0.019839902266660214 0.03200990021984307 0.05365028780019587 0.13905855110731316 0.1388328443161747 0.0 0.0 0.0 6.0
343 -0.022069072282388635 0.007424702119584126 0.010351804099308692 -0.013304824657900727 0.009951343708807237 0.007927632945614826 -0.023570631176885293 0.00440902643235197 0.009100885892324717 0.18096072341681005 0.3690349488513955 0.0 0.0 0.0 6.0
401 -0.07993074709280124 0.002272440436497769 -0.0676766037643487 -0.07643739330359045 0.0069149036314937184 -0.06352152996508675 -0.020154826087010247 0.01499196536249503 -0.02645327754898663 0.123859765943033 0.13511056671428665 0.0 0.0 0.0 6.0
153 -0.22951363775551614 -0.004624690555926292 -0.11333271720428584 -0.1878695288240304 0.01890742516011734 -0.08873813425786792 -0.1875327898914082 0.0076503939383403274 -0.09820558192949758 0.20672238421530614 0.2592632778940867 0.0 0.0 0.0 5.0
466 -0.10229680343314718 0.19464034670004215 0.14699839294431238 -0.13730576653670967 0.1469089544771749 0.14111594225713486 -0.14129931000279128 0.1884252360406926 0.1280629581115007 0.21263328088585523 0.2719518955269173 0.0 0.0 0.0 6.0
344 0.049438776546925745 -0.12595691377784035 0.1575610806073129 0.07979159869877095 -0.08424483588991383 0.11897788181574787 0.08657583182434725 -0.0868575039884707 0.13052938830253558 0.15054803167023942 0.13915447595849464 0.0 0.0 0.0 7.0
197 -0.2639724579049013 3.919689310561399 1.1457423090892989 -0.3228551660920199 0.7627681475042152 0.2292437300763306 -0.26390277722463507 -0.058554354321528 -0.033443551550677464 0.10786771306321889 0.22330843816625146 0.0 0.0 0.0 57.0
154 -0.017589701745896025 0.12436907336124525 0.2392529543972406 0.017116318448385126 0.14570424043630292 0.26757863149935 0.04910675069062642 0.1551224794719539 0.2871435600110239 0.1718645985603577 0.2986270456237557 0.0 0.0 0.0 5.0
268 0.05203259044641717 0.24375126027120952 0.3838640612611848 -0.03925813294411573 0.24336701872077837 0.4018892892397128 0.24727199323691873 0.18747768729648717 0.40239599903889856 0.14789522568456762 0.2341252723170822 0.0 0.0 0.0 12.0
467 -0.1470591300725982 -0.17078677390612163 0.06404344820151153 -0.16356851831467634 -0.09269123870943952 0.0996405388669972 -0.16414235321501291 -0.1173072936765126 0.0864542783946809 0.18068295014087846 0.25623336912785544 0.0 0.0 0.0 8.0
198 -0.13598089305520245 -0.1023261828612424 -0.13991567763253687 -0.09654739259289913 -0.04992460920840314 -0.11576692015372059 -0.09872439395490329 -0.05495469207429515 -0.10706542995476576 0.179176141912429 0.2860032796260626 0.0 0.0 0.0 6.0
345 0.28992590452013656 0.09422257570800752 0.19836242378128044 0.29665012740881513 0.07023559504383448 0.18401908389244515 0.2914912213642886 0.061273313875799484 0.19011078577082796 0.11323755877746794 0.11132274183180477 0.0 0.0 0.0 8.0
269 0.032291014803811136 0.0504851590802593 0.03259693689747345 0.02993873606729891 -0.06959627798050871 -0.049081843562966965 0.032110408528221335 -0.008207716533267573 -0.011029813063428096 0.1440394281983458 0.07788614178091943 0.0 0.0 0.0 7.0
199 0.004575295118962597 -0.048411532395164825 -0.009272324951996258 0.015156076137031294 -0.03984477068698833 0.01952048770349113 0.023191971930352606 -0.038107651853090174 0.053517727839367035 0.11360480409224764 0.20997103933555764 0.0 0.0 0.0 5.0
468 -0.054324208635415316 -0.12802044083615316 -0.18331728482438625 -0.08975767326993145 -0.023719224844605646 -0.14523283416729393 -0.07724346206708421 0.006982206205137009 -0.12214299729621014 0.1389474071038058 0.2938054017720716 0.0 0.0 0.0 7.0
155 -0.3417142492056364 -0.21790774271886948 -0.31077829345309693 -0.32441064955035015 -0.2032773781265158 -0.26818937139403 -0.31537792132285514 -0.13471033738754734 -0.2400915892731771 0.2171827926877382 0.2570268561631608 0.0 0.0 0.0 8.0
346 0.16464787134617032 0.38193611156043095 0.2581069301339691 0.1920790654487825 0.29389636919133233 0.06804049447650673 0.21094866020081393 0.3905200642922817 0.18242661759305623 0.18112656647010206 0.2578485084630989 0.0 0.0 0.0 8.0
402 -0.17993577575474318 -0.0044853069217357655 0.12843763710463652 -0.3070325190234261 -0.08384015381063858 0.14169218142595041 -0.19772095221832264 0.25091862442628177 0.4198732319691363 0.14804311791097294 0.13833690712055435 0.0 0.0 0.0 20.0
270 -0.21132866355218138 -0.15614466510618297 -0.24497240902246675 -0.1965544798808756 -0.15936034721892678 -0.23501758929008298 -0.23261788997081034 -0.13476437643203099 -0.20256527784480738 0.2430906544075897 0.41590053610523003 0.0 0.0 0.0 6.0
469 0.1700052938705654 0.138449149853606 -0.045589901899671825 0.19287088357830595 0.16822657601446234 -0.001675836503661654 0.19820253799302123 0.1696612183391808 -0.047152916699815584 0.17569003762481927 0.2380869453560097 0.0 0.0 0.0 5.0
156 -0.03216083026655159 0.20837197879947555 0.05795035077700739 -0.04185803489907991 0.22559712170636415 0.017477397536315165 0.018831042768295614 0.27245610568811696 0.07370924183796612 0.153648530449361 0.17363634795100075 0.0 0.0 0.0 7.0
403 0.025841260172872138 -0.021041043799067682 -0.030552848636712704 0.03644555994261078 -0.07270612909223262 -0.05550201979027758 0.021010218607073305 -0.07036079978417675 -0.060411642223351714 0.17298181711873523 0.2256853208945997 0.0 0.0 0.0 5.0
271 -0.11711816992683677 -0.09933275779852369 -0.0771446841889546 -0.14395610678567594 -0.11054657127194178 -0.09824778824760705 -0.14304576652851553 -0.12074551263784428 -0.0967541783656618 0.21097194026277408 0.16059789904483643 0.0 0.0 0.0 5.0
347 -0.13322973752001321 -0.05735958496615401 -0.192667702711262 -0.11178340851941582 -0.03835671831577192 -0.16170243586780664 -0.14690354994418087 -0.05654693468869909 -0.17801851640744693 0.16658438395635392 0.21218200553383518 0.0 0.0 0.0 6.0
157 0.08536696662382459 0.04418112290911069 0.042283948600039034 0.047691046337669185 0.031833823912150505 0.031350663053576255 0.03152423158521955 0.04336437438270968 0.03111317993304019 0.1755862562664684 0.18660077921386847 0.0 0.0 0.0 5.0
470 0.018771348140511845 -0.02131465932514831 -0.07742317246902986 0.00900963751914885 0.018934688837981772 -0.10721213035750354 0.010733088796798018 0.0007685526369101137 -0.09842405237680829 0.14652931386520612 0.1420537963738175 0.0 0.0 0.0 5.0
404 -0.052261853363876565 0.1300788682009575 0.021868025412359327 -0.0896438295505978 0.1033597563361095 0.05323935326745377 -0.0830164864652363 0.1060791464075006 0.056107036741751326 0.13277533509785222 0.12420520179767483 0.0 0.0 0.0 5.0
272 0.0024610199168255686 -0.04603547441616718 0.012588874684051232 -0.009927506531257735 -0.004016585727728672 0.043996435218679686 -0.022780473274012003 0.004019846415385997 0.0407581857649546 0.23173891351344966 0.27915470332582204 0.0 0.0 0.0 5.0
348 -0.028141077520697166 -0.008476156218656938 0.09152409746637957 -0.0012380313662688769 0.0022769573445409197 0.10939742019032384 -0.00944226612766419 0.007223689713994341 0.1074886504871162 0.17791456363079194 0.18150304997437713 0.0 0.0 0.0 5.0
158 -0.1154505295123629 -0.015330780947655609 -0.08252841219598173 -0.04490460724661338 -0.028106579489444172 -0.09504526809050273 -0.07248177864342109 -0.00863592855702111 -0.084870563688772 0.20322992678726418 0.19115366055758568 0.0 0.0 0.0 4.0
405 -0.16700857726731455 -0.09301488264551028 -0.23385023291148732 -0.1491842001439413 -0.17984392075584998 -0.2164417231730098 -0.1589724984448614 -0.16532284928226715 -0.2365224710701883 0.31329526025512416 0.2335001976456011 0.0 0.0 0.0 8.0
273 -0.03694117202394642 -0.02503642124060368 0.10217293392505278 -0.043025184128844596 -0.015516594263995098 0.1098803486655473 -0.04913647206826899 -0.029429281874172708 0.09717066668563157 0.2078061113970083 0.2572787071226382 0.0 0.0 0.0 6.0
349 0.028555712537581268 -0.0480690670842252 -0.006249383811244291 0.021806744257632626 -0.06120024030066462 -0.012510862496785458 0.019309871941779688 -0.05870943428291331 -0.0032382502895553777 0.19676060770594994 0.23539026305891636 0.0 0.0 0.0 7.0
471 0.34324180304063945 0.19155076238821045 0.4359341207524572 0.19751706182322337 0.2722512329474365 0.5720728473475278 0.1750520772299844 0.0720143715436361 0.26822562143499806 0.1081967410745127 0.10554536584443983 0.0 0.0 0.0 8.0
159 -0.16847162899684376 -0.4941138576805907 -0.49725169788233636 -0.06863775804565342 -0.3399516591333529 -0.33043541476591354 -0.15529891247953653 -0.4099608126100811 -0.45777538055434275 0.17448052793776167 0.2503560625289403 0.0 0.0 0.0 7.0
406 0.028467849071932116 -0.03090706389134046 -0.007342990723789966 -0.0061898194588385635 -0.0441778406004385 -0.021956235089928056 -0.001264998518650251 -0.025475134363791563 0.012310636499592187 0.14569206714950014 0.20621944146832494 0.0 0.0 0.0 6.0
472 -0.008263773730889823 -0.006592877731938729 0.006325165796630783 -0.03382602209349461 -0.021771851432850875 0.0002504112285879323 -0.019365817046059774 -0.0009901490005141955 0.02505870152411349 0.1590335565692895 0.2860507158579612 0.0 0.0 0.0 5.0
160 -0.13261312669137693 -0.23764820438517598 -0.0938795729471793 -0.15077748170869287 -0.206801310841914 -0.07553213927007141 -0.155632392130035 -0.22458510403652465 -0.09209387979883499 0.17414895382646473 0.17035487960693071 0.0 0.0 0.0 4.0
200 0.13269294953948152 -0.781889762025505 -0.14835014353843612 -0.22230531046457924 -0.6302979943321374 -0.10586735293020177 -0.1501090818182076 -0.505612145018802 0.153713129246966 0.24398424219433779 0.20054657795906367 0.0 0.0 0.0 16.0
274 -0.054987686633794275 0.01977330768504726 0.1293842894560473 -0.09923666436203205 -0.01790538599881264 0.04593723045222542 -0.07575918633422107 -0.00656952789028542 0.0466464592350877 0.1713765231374181 0.256203962612851 0.0 0.0 0.0 7.0
407 -0.11890801844371779 -0.020077284065072365 -0.01709014885826643 -0.09946711542690967 -0.0171911742232973 -0.02066465611449797 -0.07225825782880646 -0.037066480105800825 -0.04188774973475318 0.10117864482048196 0.24704075652051027 0.0 0.0 0.0 6.0
201 -0.013419143383531562 0.0014139830474015902 -0.03784124893372742 -0.005399272831791535 0.009971181028477272 -0.02276619173627281 -0.006905909230003449 0.009556717094982181 -0.021982311422300116 0.2034901007493793 0.19653723870054177 0.0 0.0 0.0 5.0
275 -0.011689282994772232 -0.022313231381821397 -0.07517249860178299 0.02002293487014062 -0.0012430912252637816 -0.05549768147581713 -0.0023507119721489778 -0.016056978362579355 -0.07530506072923393 0.1793387119285368 0.19832691279556294 0.0 0.0 0.0 6.0
71 2.7415508318978086 3.1651109860490836 4.580799447369839 1.4028971866332407 1.6939517577304954 2.2600910706753936 2.3237898184849612 2.0568380233075385 3.348038313095296 0.06250536310056384 0.0946362622707165 0.0 0.0 0.0 157.0
473 0.37614938933038267 0.049871888955198784 0.16634823747254757 0.42084828643588623 0.07116943059665104 0.1870344416537244 0.36501050694055026 0.12397499855680771 0.15422742371419984 0.19471495358661134 0.2381684379497555 0.0 0.0 0.0 10.0
408 0.029992753421139495 -0.1431141474902532 0.3248588812137583 -0.1296341779290261 -0.18157924457266494 0.07764193328624036 -0.04682791217124105 -0.1873464944299693 0.17289014801895375 0.21076697195339644 0.21483839441786157 0.0 0.0 0.0 8.0
72 -0.02392148828309071 0.0017605888398462 0.001623862076999938 0.0072085681132907364 0.04205548838967932 0.06724175824942447 0.002902550744960264 0.024762747156821474 0.048465058430994024 0.1627870919480587 0.18839346605841942 0.0 0.0 0.0 5.0
202 0.029780125914445676 -0.09331718907980291 -0.07867208641306567 0.079078060093978 -0.06588114054729621 -0.008352749298977669 0.0427268701756649 -0.05782786344405422 0.020857560321525748 0.22707065067147109 0.20126296503721744 0.0 0.0 0.0 10.0
474 -0.1556789831802876 -0.12133518723518188 0.08921688706486997 -0.18136324308704277 -0.10147993689095725 0.04918715264431084 -0.16218065908790313 -0.1275280601193397 0.04880061615594844 0.15014817826290466 0.17615947494869974 0.0 0.0 0.0 6.0
276 0.011863092411288578 0.2755346941855372 0.20154665513366443 0.0017687090337132894 0.24949673418676754 0.13000161113349962 0.005856851443317268 0.310879604337998 0.2055422417210384 0.16744425053367934 0.18882292214574223 0.0 0.0 0.0 8.0
350 0.33360876256803285 0.08608660974835991 0.38181973371181566 0.06141776383601649 0.08493113585794254 0.7510609014131167 0.092055532473591 0.039137142765361066 0.5229336127881707 0.1381362953477824 0.19725584004538907 0.0 0.0 0.0 26.0
409 0.05193791869507147 0.05328250689317571 0.029136716224846815 0.01913764393712092 0.03356970619720001 0.018514285028874866 0.02275792394720466 0.04265140545624457 0.0333205815775377 0.19548778160377778 0.21536187320379066 0.0 0.0 0.0 5.0
203 -0.11011386992060634 -0.15366826608924533 -0.0765371506119722 -0.11595581608536587 -0.1574733687256361 -0.060307140543476856 -0.11500733178961331 -0.1566237271485068 -0.05561215476429515 0.19811611727374412 0.2972691325376617 0.0 0.0 0.0 6.0
277 -0.17964620449999558 -0.08206908439221783 0.007623675037079947 -0.18177170559246503 -0.10317281816840063 -0.0024977925450136995 -0.14226323548273245 -0.06776080100712112 0.015387584992801795 0.11972737965320603 0.13322406470458892 0.0 0.0 0.0 5.0
475 -0.14636444250838476 0.15346864705644214 -0.09153260008629438 -0.14178783297749642 0.1838293516219922 -0.08961311556389684 -0.14006466929486527 0.19327066999605602 -0.0919378718516366 0.19507620569325748 0.19177812089496044 0.0 0.0 0.0 6.0
410 -0.07200031157553566 -0.0625289569354821 0.05562330017832662 -0.10976638614820167 -0.10225638743198329 0.013702511379196203 -0.08723000435928585 -0.14792725508662496 0.0026708420118084497 0.14068798510037045 0.16413055951592978 0.0 0.0 0.0 8.0
73 0.22526535835552686 -0.04121920451723304 -0.2651296607097794 0.34050584519073146 -0.03751004011980452 -0.10674049794753881 0.28297599657161987 0.11298732506252862 -0.2439822256504589 0.18367011270109246 0.2542890829925714 0.0 0.0 0.0 10.0
161 -0.3961094888014707 -0.07040633054474532 0.5533865914085374 -0.1950538944627379 -0.03935595705829553 0.20877887660451533 -0.3536985361565972 -0.13510194766541905 0.32435389146797755 0.1761833773379329 0.22195784999092558 0.0 0.0 0.0 22.0
278 0.008255901270866506 0.07875057482794223 0.07643495035584524 -0.0027203793193288917 0.07212749547968178 0.06030405128184424 0.013434749605596208 0.09700781543712123 0.06642303928858673 0.14876326171842888 0.2719081378325185 0.0 0.0 0.0 9.0
351 0.42484920292690553 0.48385601241117593 -0.12930373390011662 0.49190260482806014 0.5516865208991699 0.02040730605168961 0.466764292905945 0.4619405713596878 -0.07051967226472 0.13490384231985042 0.17738662385126902 0.0 0.0 0.0 11.0
476 -0.14668709998110874 -0.029847258154170442 -0.40658303340280477 -0.043468792953969104 0.11393726606867216 -0.2800571188019809 -0.027246339409137232 0.12664886901489014 -0.26153797807826307 0.11230133210998233 0.28906987733643696 0.0 0.0 0.0 10.0
162 -0.09086307615026834 -0.1465117093077839 -0.11236035074656714 -0.09748603680687928 -0.11740431419314934 -0.11713963172758513 -0.10276766132528847 -0.10329813887186168 -0.09892167793435824 0.1801977542695104 0.2141700588491913 0.0 0.0 0.0 8.0
279 0.009385136769568536 -0.13983093751355558 -0.05359751223638998 -0.021996231427245383 -0.28539229420341006 -0.13180575246690784 -0.019134511617872607 -0.1907586655215766 -0.041739469375873695 0.11898111178871197 0.2035819225503069 0.0 0.0 0.0 6.0
204 0.06618167244754436 0.03319301557767673 0.04243725201238813 0.034235039683313095 0.04875803335432427 0.09576999423108035 0.025267865498182385 0.005492204140810086 0.02434363590365307 0.1775719658725123 0.2157123967234597 0.0 0.0 0.0 24.0
74 0.08037674769617276 -0.0009182819085893357 -0.23524371399456 0.08210845648772502 -0.033204764618284255 -0.25572181433984853 0.03243642689298776 -0.0705913438426824 -0.270806250854029 0.1410155759052903 0.2744890435647828 0.0 0.0 0.0 10.0
352 0.051809995371419504 0.09142417946008763 0.08790353321591571 0.063097908925688 0.06270922781694854 0.10424432844791931 0.05116893194074135 0.08936506910193298 0.0846806870077439 0.16546860178709513 0.17505939240272886 0.0 0.0 0.0 6.0
411 0.2628467374250776 0.44603443101355644 0.474125137776799 0.42777877097214945 0.5909900080519608 0.6288705285508023 0.2977076256825746 0.42660944270218204 0.4650270796087461 0.09541699336345882 0.058219111765014646 0.0 0.0 0.0 12.0
26 2.541805788048072 1.0519316913658545 1.2698099425034584 8.50778015750457 4.376398569429853 3.7271607833072595 2.114274999932674 0.8714293355573417 1.071228338353711 0.02570871002221097 0.0773514381962765 0.0 0.0 0.0 235.0
477 0.02593034464292132 -0.10445320175834683 -0.002728454872576891 0.15915473128851532 -0.1446256949130823 0.13302442588219243 0.06318522089419254 -0.18665198545805806 0.10347933077832372 0.16729151823827054 0.1481669914107019 0.0 0.0 0.0 9.0
412 0.09837319737014338 -0.08726021184575272 -0.1048447380294465 0.09385212393682307 -0.050129665566319925 -0.10774850225366217 0.09498489775320751 -0.06344790677356282 -0.1041484470937466 0.22362983155514704 0.24082420252549935 0.0 0.0 0.0 7.0
75 -0.005492165370767466 -0.09517186054798155 -0.100586398236724 0.0009770265769444286 -0.1007139853237109 -0.09729334263076894 -0.07363792207997077 -0.1733284655096412 -0.13256189843726196 0.14796835616453 0.3489248657024504 0.0 0.0 0.0 7.0
353 0.03276618193115599 0.12424219765487954 0.012716053448717624 -0.03599441075253751 0.06365937141970002 0.05726800560241352 -0.043145307911009234 0.10904237790598326 -0.017280183464142063 0.19965764581336506 0.24738284650413075 0.0 0.0 0.0 8.0
205 -0.13119044486583165 -0.3806807742512729 -0.29420890979042846 -0.16913629092006266 -0.3223145606551928 -0.21581987784124002 -0.1308027219640756 -0.40384300885544744 -0.2910925992439396 0.14498087614683097 0.14102153601058803 0.0 0.0 0.0 10.0
27 -0.1046628223504047 0.0860645693968396 -0.11944366336889023 -0.0688985039204073 0.19069091895002188 -0.13436743653886019 -0.09482354883165722 0.19927406369819622 -0.12232283820619394 0.12267564270454315 0.19507017580672845 0.0 0.0 0.0 7.0
413 0.1269042556417268 0.05049127208862769 0.1310326830302404 0.1398282303070859 0.05654478895733006 0.13266409506820498 0.14514311023587845 0.06673286519231891 0.1411129704211096 0.19773274921884615 0.19497699675218047 0.0 0.0 0.0 6.0
478 -0.10305693814143768 0.1063223700883007 -0.050771228294898996 0.026635923583553156 0.1608242543316145 -0.04870508884614977 -0.08782384571828195 0.10556069909829113 -0.13996814004234137 0.09217443757476604 0.20886525251668653 0.0 0.0 0.0 10.0
206 0.02729986788518457 -0.07240820328262176 -0.10775474892759129 0.03587036282494127 -0.07094710856999897 -0.09703178216411157 0.017611817617707137 -0.06684489059611354 -0.12697022198478858 0.1857903172613374 0.09752010522699735 0.0 0.0 0.0 6.0
76 0.03534357079126993 0.05634923999514663 -0.018750420583505067 0.033846795361372806 -0.01371928634281494 -0.04205229896020768 0.04985123243889067 0.005704592496122984 -0.0289712211064882 0.18301761796592553 0.22322401990040577 0.0 0.0 0.0 7.0
28 0.005730350763284209 0.10286715608592822 0.11743446249143541 -0.010122005033983306 0.09157329130897529 0.09403390593223215 -0.004699242601580056 0.0888001117155297 0.09771615657218224 0.1294700665519926 0.12282996420901375 0.0 0.0 0.0 5.0
414 0.1775484172899502 0.2151792304979896 0.05086865560272491 0.17911366720602984 0.21131649077731862 0.01940283567389267 0.1633891349781762 0.2174088444213551 0.012605724364160409 0.1486157728286142 0.23959450468535703 0.0 0.0 0.0 6.0
280 -0.3342457149589758 0.17790565987553864 -0.15179931335640462 -0.20324885610880827 0.41399630482231764 -0.08439338150208198 -0.2579525844977537 0.5081762964889756 0.07777933230550982 0.17256878795865294 0.20230560538282244 0.0 0.0 0.0 17.0
77 -0.06263283398154806 -0.025683465642648007 -0.09185117982806723 -0.03665193739212125 -0.018989734613422016 -0.06587850862253175 -0.03535998544975838 0.0005513556866048042 -0.04707975759172778 0.14975468765140415 0.1059029620089852 0.0 0.0 0.0 6.0
207 -0.06507717004821933 0.03705713601891336 -0.005214179303582256 0.02579428194984823 0.12502898574494936 0.031141582855408245 -0.02381771497176599 0.09661896371993817 0.03735131460730279 0.218359239302959 0.23500751290489924 0.0 0.0 0.0 7.0
163 -0.08043723595463581 0.3684668843340797 0.04610015116959221 -0.3992984227789774 0.5802839714463364 -0.1557352864872682 -0.17222186896543334 0.33538222216401903 -0.06517804806811711 0.1376670647236867 0.14844973494118374 0.0 0.0 0.0 35.0
29 0.04806886409770117 -0.11827983377614126 -0.0037538393785135904 -0.02929064196194564 -0.15638511522868448 0.06646000810265873 -0.015758726074720175 -0.1525569887968239 0.005993878871251912 0.2044474086541214 0.22119647793926064 0.0 0.0 0.0 6.0
354 0.24873626804964255 0.274999110292792 0.12123985858601904 0.30282390350780397 0.37335687899748726 0.13989018915373697 0.3087720078378222 0.2536051237290493 0.11668964529851489 0.09557594406607474 0.23037135891189933 0.0 0.0 0.0 22.0
479 0.23302835682520961 0.13521845340735195 -0.036639424555076405 0.23077395755173336 0.10929769706489223 -0.05466509751874338 0.2980106756075076 0.1652100663078624 -0.011824046699518642 0.12830609801109213 0.1930293165129173 0.0 0.0 0.0 8.0
30 0.17159606606918687 -0.012439184216957222 -0.037952340635332704 0.16651146156614738 -0.014766272860513019 -0.032356536300144234 0.1481675625381096 -0.023053972396846256 -0.03609859262308057 0.15061333104144933 0.3237324429696592 0.0 0.0 0.0 5.0
415 0.12345579788959427 -0.04165449277880029 0.0314540039015998 0.1465099176295952 -0.018068967922607482 0.02025573558681182 0.12321856036726087 -0.014931836024906775 0.05691325978658668 0.23044819401903155 0.20332406775117468 0.0 0.0 0.0 6.0
78 -0.05869906893651633 -0.05675760208505398 0.05229049806512953 -0.03831656801682748 -0.049570073108038626 0.03635905890447311 -0.04720459950064115 -0.0723441598623138 0.0010586281743254489 0.14632696801502232 0.26023559186437323 0.0 0.0 0.0 6.0
281 -0.08048446007331356 0.028877247910560122 -0.002565918802244549 -0.1261637609709313 0.05238757046486597 -0.03373908104423695 -0.10525113522622287 0.027111696810896424 -0.010481216744649302 0.17257047155295557 0.16468291679669395 0.0 0.0 0.0 7.0
208 -0.13153816131986718 0.01931246559850819 -0.23690778611039653 -0.14966100757592982 -0.0005110107566772548 -0.25859534200225676 -0.1788211423638626 0.05339383784754759 -0.24307044633239394 0.2574121729747645 0.3094056146756442 0.0 0.0 0.0 6.0
164 -0.031291505000935915 0.05366604079575099 -0.281965083237117 -0.06454435744757359 0.04070830515746637 -0.2811000243357855 -0.014947683509380694 0.050002809739605025 -0.28293163160375057 0.1775745842571622 0.22023612826748704 0.0 0.0 0.0 7.0
355 -0.07091992337438802 -0.2038247088163344 -0.1935945064057918 -0.05499143598488587 -0.16996781353847745 -0.1632632707381515 -0.050342070631211655 -0.16027510691698854 -0.14530731306287337 0.17869913547151195 0.2617397032311163 0.0 0.0 0.0 6.0
480 0.173121324734419 0.07815038743822433 0.10177124626993739 0.1539239539297219 0.07446793660428974 0.09890976222055436 0.1871619777872744 0.10207402783959862 0.1239591261314743 0.09936395154470816 0.03416994300551045 0.0 0.0 0.0 6.0
31 -0.038894429701186395 -0.1236029178272825 -0.1183370216584625 -0.043631876440327066 -0.08843504621010623 -0.06707328041168004 -0.06671071582777899 -0.13844473206758812 -0.1024806600982564 0.1837148042735023 0.1899865216814102 0.0 0.0 0.0 7.0
79 0.017451537288032837 -0.023144246934186263 -0.006969388045853675 0.01125473720638337 -0.029229509894040828 -0.010311497266166314 0.02937615832455731 -0.03561971694236932 -0.0060762180661897425 0.1958366391538887 0.12119514078035858 0.0 0.0 0.0 6.0
282 0.030248318398910845 0.23862758040103516 0.10974271330379914 -0.022586566348359094 0.18602870132043492 0.1279683339889297 -0.011133360550439897 0.17103784571277947 0.04985635708811342 0.18859962301109182 0.25321957718028837 0.0 0.0 0.0 7.0
416 -0.056438214215452365 0.23279531139624576 0.1544518986381085 -0.018511705583589944 0.2740109724918358 0.08140614799306589 -0.043442486457334506 0.26226430951511537 0.0821707666506053 0.09924809962158145 0.15248881934396627 0.0 0.0 0.0 9.0
165 -0.044030808927082776 -0.09191214522591229 -0.013379575361024854 -0.05006219149598434 -0.06831720709002587 0.03081694797470247 -0.058481449332920765 -0.07405899555468431 0.0031972157381485733 0.20415128232885482 0.24527430902259184 0.0 0.0 0.0 6.0
209 -0.005593071923357562 0.1661783535919572 0.03843662862779085 0.12244222741005495 0.23102277486229683 0.064536244598691 0.04957887407672379 0.15652310961240734 -0.009540676196405196 0.12010167727494458 0.10708862472903632 0.0 0.0 0.0 10.0
356 0.047518773021322236 0.02337242827862185 0.04525648606648569 0.11305018152529378 0.06770459277127672 0.07196316747938192 0.10227218889050382 0.03928405523264944 0.08214095802989796 0.11472965511657611 0.2972780311351844 0.0 0.0 0.0 7.0
32 -0.09108113216514213 -0.05710298995086471 -0.09223425202162505 -0.0832476790739829 -0.05074100712197116 -0.09362357979476377 -0.08684320022178227 -0.0643082052781645 -0.09875453761837116 0.34499714561448486 0.3607179874014878 0.0 0.0 0.0 6.0
481 -0.09493332054061177 -0.0185399897482319 -0.11599929941968612 -0.09285244434437823 0.011796990894878956 -0.14822266262315098 -0.08629082492491646 -0.0026702474221634853 -0.13049376473383834 0.22038183012343285 0.20793738907125367 0.0 0.0 0.0 7.0
80 -0.007360711671168807 0.039411033559689335 0.07160391302325841 -0.02434012311648759 0.030049606552260633 0.0364054950278494 -0.018592170283966314 0.029203342453035575 0.049959625857021406 0.1879181233088787 0.19043182620083562 0.0 0.0 0.0 7.0
283 0.03898428617366978 -0.3650852036822755 -0.29175582157884417 0.07951155059397053 -0.3405115835993803 -0.26333207136730685 0.07442132132453305 -0.29347539987501736 -0.22551002260240882 0.1698401332484218 0.21620948098428572 0.0 0.0 0.0 6.0
210 -0.07308471483896573 -0.16608460084477505 -0.15537851753325072 0.03595563345982522 -0.0921228695487325 -0.07971090881945242 -0.0166378058468325 -0.1332119689859529 -0.1215281498483538 0.12992045907941727 0.11740122797109027 0.0 0.0 0.0 7.0
166 -0.12620669772953275 -0.3022515282439745 -0.280865256104021 -0.1130351004587139 -0.2587983338465135 -0.28980688234698704 -0.13144050521477635 -0.23939910048365243 -0.26957324411979233 0.16216196886239015 0.1611250047075627 0.0 0.0 0.0 6.0
357 -0.14555856970086622 -0.07333720944584421 -0.15684423001678605 -0.06566896327164151 -0.01066287869436322 -0.08522660721046815 -0.14961702631153506 -0.05860726258545301 -0.17425723219314637 0.10210480146413872 0.2622000399961869 0.0 0.0 0.0 5.0
417 -0.29740822016472823 -0.11810269798755646 -0.2330496731557402 -0.3312194870849636 -0.1266701293878264 -0.2266260155239166 -0.2894064198534838 -0.12500417398931607 -0.24809663839967278 0.216744394193652 0.14023831367641348 0.0 0.0 0.0 8.0
482 -0.01245769062641977 -0.1044836515791755 -0.18023536410367313 -0.03382686791294287 -0.1185675022109084 -0.18953420837955537 -0.027950715975238127 -0.11574931346604178 -0.18281212304475147 0.2147815567313188 0.2484618657705166 0.0 0.0 0.0 6.0
284 0.015375722668075076 0.029301024333467263 -0.09934993804673109 0.025857249808873606 0.017920076113047134 -0.08888759042311611 0.022685141202828607 0.009021574958504752 -0.09468688831499728 0.19993311752093018 0.3855196659018022 0.0 0.0 0.0 5.0
211 0.07430498699077814 -0.16186488845675007 -0.041933448182294386 0.05845446599096649 -0.1468649159215052 -0.06487845328643671 0.06359641637539482 -0.1517141889516228 -0.048662669386725255 0.22545821718305623 0.2688725213952444 0.0 0.0 0.0 5.0
33 0.33118067186296996 0.03936866884169854 0.03609941751780332 0.24491753934888405 -0.10299632429370909 -0.14251223247776323 0.26944350339299605 0.010663664383450788 -0.10373288417805104 0.16013767926415567 0.12110125497239244 0.0 0.0 0.0 7.0
167 -0.023015590652878726 -0.07957735110526765 -0.011399339962559929 -0.007932933392640118 -0.04092616655355774 0.014370487238290819 -0.019224563187036914 -0.062382112266152756 0.0038747765061786232 0.15139905318247698 0.20540298242722613 0.0 0.0 0.0 7.0
81 -0.23044026560021313 0.12052878058929073 0.099316810790266 -0.30913991752772574 0.1564354992629564 0.06944117884266476 -0.27011381972453674 0.14876455479183637 0.09591765207415404 0.22033541838096085 0.3839688526750395 0.0 0.0 0.0 10.0
418 -0.14710813536523248 0.0632960864470502 0.04439762197369035 -0.18864243871520447 0.04988116821651989 -0.030654957841336317 -0.20764208128997408 0.03183279724637922 -0.05167050293997888 0.1577230406168245 0.21214871937676796 0.0 0.0 0.0 7.0
483 0.1474644397834095 0.005901892787863128 0.042860679743690566 0.1588299238690818 0.01528476049990446 0.05134989695061609 0.16592768360136723 0.03156340674239844 0.06845639937753223 0.1627137733806002 0.1607034331231248 0.0 0.0 0.0 5.0
285 0.04714869201135041 -0.2626770715734936 -0.15527924631363432 0.046729885570872653 -0.26223888964680264 -0.165117222000433 0.044295280601321485 -0.2617415192014718 -0.18665028267520345 0.16860362471566462 0.1998894349801041 0.0 0.0 0.0 7.0
168 0.08078541178062015 0.13024751667863788 0.14635749560322653 0.08038832158579234 0.12537325125113008 0.13300454613594748 0.0798859076717866 0.13093453502707875 0.1300955881092143 0.18171287296747746 0.3560061607014536 0.0 0.0 0.0 6.0
212 -0.0916362174608083 -0.08202293463218346 0.042588801996708225 -0.11051724294361909 -0.10055087355959791 0.05673272269441232 -0.11697541090647146 -0.09218590331482734 0.036274670234577755 0.18454084738926219 0.20416416365167622 0.0 0.0 0.0 7.0
34 -0.09171671387979852 0.040037581120017984 0.04036719332914873 -0.09090365444395765 0.084432798923197 0.07107355858720066 -0.10953706499737981 0.048740246690594624 0.05126441782111102 0.23209000986938938 0.19226207901372253 0.0 0.0 0.0 7.0
358 -0.22465246201050915 -0.06659031376795266 0.3621983271874871 -0.029184119172185996 0.05113873665655677 0.6091641013575566 -0.10472985103953958 -0.13764432062362986 0.40761603621550035 0.16538026307521347 0.16274347017130594 0.0 0.0 0.0 15.0
419 0.06112273481296837 -0.04536839655171199 -0.07015613799737963 0.06744846318172493 -0.0076609555283436714 -0.026554763844586438 0.06139668298118006 -0.08295487112122657 -0.09221284431874277 0.14593793569797847 0.3493067739955113 0.0 0.0 0.0 7.0
286 -0.06570105849242969 -0.09601984689244425 -0.024984275306442316 -0.06557612636848864 -0.10396753259899427 -0.013668621807377823 -0.06006886620415308 -0.09782144683163907 -0.009111020166109318 0.15425883923104589 0.25307378168609307 0.0 0.0 0.0 5.0
484 0.20898532087657573 0.11217968686078073 0.09765661336284759 0.23955899099461186 0.1177114293277175 0.18779102570341388 0.21332479015084838 0.11244836058494467 0.13690920777349258 0.18686150831083614 0.22957746577831736 0.0 0.0 0.0 8.0
82 -0.1277208821763932 0.022316259792542592 0.2879718667627218 -0.2491924642544453 -0.0887363978104121 0.15804767743656312 -0.1698272434425816 -0.03965974216238688 0.22190926463053295 0.16040648227914758 0.16975800881933356 0.0 0.0 0.0 8.0
169 -0.07779529836772148 -0.032751287270762264 -0.020824760034684697 -0.07628283293724458 -0.027759044927240017 -0.018899367050353333 -0.07697288067424013 -0.026383431891628728 -0.010808143563645789 0.23380208645146364 0.2280506472950792 0.0 0.0 0.0 5.0
213 -0.03919649457677521 -0.011204683731032672 -0.02778579378555812 -0.03743849433746482 -0.013094202341166983 -0.024920440268624167 -0.028212528519131586 -0.02226071830592713 -0.032733735387314944 0.17738556092361818 0.2956583883449035 0.0 0.0 0.0 7.0
359 0.08203431989096654 -0.022846274360988517 -0.0625307490293392 0.07023049127660896 -0.0037596289985538656 -0.07058723487977658 0.0578060988978204 0.0015188435036741499 -0.08144202337358397 0.198368983867327 0.1921613251549485 0.0 0.0 0.0 6.0
287 -0.026233115597560586 -0.09774783702262435 -0.02847585731506208 -0.03756977901500913 -0.09025867463148951 -0.01941808093788988 -0.05247874324406865 -0.09650857948029157 -0.006414159420822907 0.18883740030524404 0.25189051479261115 0.0 0.0 0.0 6.0
420 -0.07588375431247818 -0.1949028106641526 -0.19458945670327876 -0.08225871025953713 -0.1816586384372173 -0.1648015632799641 -0.0863373693116728 -0.181242162134574 -0.19302788084366318 0.21362016526031838 0.3298503860734139 0.0 0.0 0.0 7.0
35 -0.12408987965119811 0.018571556341751005 -0.0885339621408161 -0.18122609195503336 -0.1509678768701136 -0.2342124033531351 -0.09808379502187237 -0.0778754345549999 -0.11267836363175365 0.14361511663227408 0.13749796702941217 0.0 0.0 0.0 8.0
170 0.004290397324031359 -0.09499895564270688 -0.1215113690952041 0.016217932473189478 -0.14188183381549624 -0.11197589677058839 0.014848121249555257 -0.10838564403822304 -0.10739951490441468 0.13417212443415247 0.22411429962632362 0.0 0.0 0.0 6.0
214 -0.12518608077765803 -0.12126875559554917 0.08440464278767257 -0.09941558321917965 -0.14560733205276677 0.03956343425627362 -0.08853163262304253 -0.12917842770943067 0.059912657215556164 0.17912629871308894 0.17311526126348858 0.0 0.0 0.0 7.0
83 0.030804564659703937 0.08275528498947038 0.06443731320425483 0.012081958948479077 0.05882797636827375 0.038126038948315344 0.003998321406092131 0.05934287239952063 0.035075334860320995 0.11023926136286949 0.1186957798835048 0.0 0.0 0.0 9.0
421 -0.42082120801856093 -0.20411945812179222 -0.4003230556117964 -0.4072908648650012 -0.2105739198154445 -0.4254081774087235 -0.4255524021269216 -0.17607080008191567 -0.3649068646441518 0.17083107666931827 0.1425510271534013 0.0 0.0 0.0 5.0
485 -0.049692511356704605 0.45735755423072066 0.6627058540488153 -0.09433563874429263 0.4864872136292324 0.5721049593570784 -0.06034981827730945 0.5011975133970776 0.577326140810293 0.13635780860098776 0.18043638299662182 0.0 0.0 0.0 8.0
288 0.45119927683408734 0.15369897815945 0.5102382465943529 0.4359284960400527 0.14307108338839147 0.47207429499579545 0.4300622259820819 0.15086268370512945 0.43806131448949115 0.2218057168020026 0.2647914714244059 0.0 0.0 0.0 7.0
36 -0.283793317476134 -0.17524902744273974 -0.11398025233916254 -0.2822109502517254 -0.15313998523641403 -0.09897349945262046 -0.3222339792782205 -0.16215445899084358 -0.08026302005538055 0.15855123793376924 0.14722263563462812 0.0 0.0 0.0 8.0
84 0.041883247791184575 -0.0046072075496240705 0.021016012584816446 0.022957548696652452 -0.0030854286477265402 0.014822456546230045 0.027423051180826885 -0.003139167933664755 0.023322210376149455 0.21507057158213216 0.2829278640554649 0.0 0.0 0.0 4.0
360 0.036055932558130666 0.14781438469109687 0.42449522860315514 -0.004598913231239288 0.1308394914516815 0.2849677967950932 -0.019781699606405745 0.0909449273125369 0.3140304726414438 0.18253331759371433 0.1936254558611652 0.0 0.0 0.0 10.0
215 -0.2608205392648987 -0.23200342723735412 -0.13407400732043417 -0.1418543247983296 -0.20329844079886528 -0.12486476948296876 -0.1436203905591268 -0.22509219062878172 -0.14557280493265112 0.21173281608655492 0.18240258553556027 0.0 0.0 0.0 7.0
289 0.05051523016794679 0.0561626432074771 -0.05192642210572873 0.03862971163461104 0.06162089830840389 -0.0620222841960949 0.042036969753929565 0.06487131877306118 -0.055076936550529365 0.29020529125292654 0.2912423315457796 0.0 0.0 0.0 5.0
171 0.020781866316474273 0.32694593923810356 0.007232024391509162 0.018726789487514717 0.35111641219943523 0.048682605659546185 0.05243842247556474 0.38660904509400296 0.09140017013780488 0.14568769678527815 0.2298236901297827 0.0 0.0 0.0 9.0
85 -0.050933497460839416 0.06272962896162526 0.06458899409562413 -0.04530780930151812 0.0426778298449173 0.05024550657547633 -0.05184992583893444 0.052174506485453964 0.05773904603049118 0.21066985744846586 0.13955371271829597 0.0 0.0 0.0 6.0
422 -0.11553805213548507 0.11531102249620284 0.13187346407909062 -0.050390442727674456 0.11207172011132505 0.15422538351461457 -0.10917639072131713 0.1325692629208588 0.18075275451814998 0.14240401319687093 0.18137691462991462 0.0 0.0 0.0 9.0
37 -0.0158038691609953 0.04198616823633006 0.12944335566527054 -0.06268254279427887 0.016841796600960635 0.10486170697476727 -0.05499148672782084 0.02387053402909789 0.13451762801986522 0.19898263165926125 0.1372671437428633 0.0 0.0 0.0 7.0
361 -0.06268877913181414 -0.05418247782062491 0.026425343642348276 -0.038298798402302214 -0.0487860872672653 0.02461447796764915 -0.02693334209557563 -0.08512173948464541 -0.004510896695197775 0.15529785269680438 0.2697846069328617 0.0 0.0 0.0 6.0
486 -0.06517451945216146 -0.24346788654945295 -0.1145162645904867 -0.06432390007741462 -0.32392601276031996 -0.08116493309468298 -0.1376733414851914 -0.23681844636501204 -0.08522250671061316 0.12076258187144118 0.132244910777231 0.0 0.0 0.0 13.0
216 -0.1797422920992645 0.035296975075060244 0.01351580011712361 -0.1715512682287329 -0.032379587731021786 -0.05098376295516005 -0.15981068916905827 -0.002871379873701896 -4.1071185751473394e-5 0.13673101157870945 0.1713539871399569 0.0 0.0 0.0 6.0
172 0.0568957252802027 0.15746389573650532 0.17334334778899385 0.011926070070396921 0.04700537584778108 0.08042874287317847 0.014152412787056035 0.07046814661963308 0.0915006707703383 0.16119340076885424 0.14102380684356552 0.0 0.0 0.0 7.0
290 0.10177334986196085 0.13785320865305972 0.16039144152739482 0.12068761275842754 0.15415958458976942 0.18498011815642634 0.11077840317448318 0.12706111670523623 0.14335514760873247 0.1438778179286386 0.22571088693346558 0.0 0.0 0.0 8.0
362 -0.12606278890616796 -0.08923004218568209 -0.12892099987069905 -0.11337509486186048 -0.06820037608405338 -0.13215793795619235 -0.12077233149356503 -0.07211216576266455 -0.12316415977794082 0.15856670662402325 0.1880919392626065 0.0 0.0 0.0 5.0
86 0.0660568298235149 0.07487485214434964 0.005412432933708411 0.0633678199917278 0.09626171988175769 0.012051064441592985 0.02993359947363472 0.05625280728492821 -0.011049030573319407 0.16943027482983014 0.2316328149717768 0.0 0.0 0.0 7.0
38 -0.06519796265369282 -0.19135347270475367 -0.14143443641427222 -0.09139228359874896 -0.251747750664016 -0.2055218469545539 -0.07232822054043064 -0.17427935136051897 -0.10138861608194538 0.12663339012318195 0.1604015794809809 0.0 0.0 0.0 6.0
423 -0.22158290801470681 -0.13680018936634142 0.22631667212985063 -0.16702028596008467 -0.1753728643043465 0.1895683004559614 -0.21171872079979936 -0.19347364666705535 0.19179955639604662 0.19109517033154597 0.2757039723058936 0.0 0.0 0.0 7.0
487 0.08463865049014196 -0.11666595960974091 0.06904666954510552 0.07975733759918224 -0.10711169809056598 0.026451713435635904 0.04420029899138567 -0.09972460759753388 0.17666238890553898 0.16419155079397088 0.1305996513814469 0.0 0.0 0.0 10.0
87 0.012071681634189035 -0.10967669445219319 -0.026238565437820438 0.020806426654840005 -0.11742061164813411 -0.017923873819313485 0.0165493744913201 -0.11305724376217907 -0.02523213878133823 0.14403461093204292 0.29170666794486627 0.0 0.0 0.0 4.0
217 0.06099943847619138 -0.142803522625371 -0.002267903980344932 0.04040615625527777 -0.13494855084051327 -0.020802959207106397 0.03553702280097393 -0.1774964042550904 -0.005167078000364311 0.21287226511091528 0.3650603790867663 0.0 0.0 0.0 7.0
291 -0.11829626712264596 -0.21276765321599944 -0.22382486837253657 -0.15158722869596775 -0.28850949951330507 -0.29289109031118155 -0.1695848083352779 -0.26666348799619966 -0.281000565022796 0.20052447690978445 0.2599337826854747 0.0 0.0 0.0 6.0
173 0.3325110007995944 -0.04753847666831379 -0.19901375677827926 0.32291183142754454 -0.06385284791844359 -0.21856943110649552 0.32714373720023016 -0.013522664761020375 -0.19725347427477213 0.13613114636912577 0.11656805587765783 0.0 0.0 0.0 6.0
363 0.04350896965483897 0.05800794939011289 0.10884633874233995 0.04041789282069419 0.1090546354430817 0.1288115471172726 0.03792547352777276 0.09678179117028862 0.1355598947858021 0.15534777569064406 0.26713898421461313 0.0 0.0 0.0 6.0
39 -0.015421480895321693 -0.08930911532915065 0.05887272145410338 0.03317380878242626 -0.03890740957275873 0.11850387501251936 -0.02053903823478509 -0.07702473750978889 0.08685839987910793 0.16547028428810598 0.37056958454649314 0.0 0.0 0.0 7.0
424 0.0802594325919852 0.03616768156337491 0.04496676611987316 0.07285349263801244 0.025501925874099607 0.03973104122207238 0.06782630437564774 0.00807531013690821 0.023704996889574836 0.10470324735828786 0.1356878638117261 0.0 0.0 0.0 6.0
88 0.11679616220222866 0.04920380648801803 0.1935037584041639 0.08461603429354958 0.029151898681587518 0.17279265218280826 0.09933422279819504 0.04583440744505962 0.1755971074345375 0.11902984635523398 0.16265290555983591 0.0 0.0 0.0 5.0
218 0.007763208958522005 -0.011793559533911147 -0.007028246852614939 0.01173529530065509 -0.029031324567164507 -0.007178113922005291 0.020375283607063865 -0.018570157014818678 0.0025920416934537283 0.19866170049467968 0.34290546833545793 0.0 0.0 0.0 5.0
488 -0.16651106991224784 0.11915309756526016 0.019466534283876902 -0.11103483829306748 0.15492420556441733 0.051502500836944076 -0.1272010896220831 0.15463453679757877 0.052404894223931464 0.1575633751618941 0.1565914890710402 0.0 0.0 0.0 7.0
364 -0.03876742519691523 0.06170766753163792 -0.01810813771219566 -0.03480871134682695 0.04578729517398594 -0.0030136365793873576 -0.056797996955497365 0.043034745684103815 0.005452368952773012 0.20426327880310075 0.26385934052217375 0.0 0.0 0.0 5.0
174 0.0424211302198223 0.11392391300452687 0.10020215868604887 0.038994119013177286 0.0893930831443348 0.06091879042268156 0.02565902557684563 0.09219961119658882 0.06615670829413856 0.18238517063505327 0.20170159599155757 0.0 0.0 0.0 7.0
425 -0.010127107261394874 0.09166624216262909 -0.10509430638495021 -0.02274045270480496 0.06201252166268634 -0.06379994397910393 -0.03893665478002484 0.061819725509994594 -0.08159209502663811 0.2146778792205926 0.20140510868556039 0.0 0.0 0.0 5.0
489 0.03311498389517853 0.04783384997010032 0.05999212706415302 0.03886032779643234 0.02709036982769697 0.05218301993340102 0.05624021251086275 0.048105817227751535 0.05205254954042737 0.23408772497300456 0.36569545897457006 0.0 0.0 0.0 6.0
175 0.0369720586268969 0.2987159488496516 0.3342106869050463 0.03914703733159941 0.28300833021170924 0.2823006356235094 0.0431931699275101 0.27523418434504787 0.28916981103321904 0.13205144381539202 0.12032428770182232 0.0 0.0 0.0 5.0
219 -0.34813690924966245 -0.04914648664860077 -0.07062250160885442 -0.23258564301103246 -0.03292048781626944 -0.10363524592949425 -0.25263247809338507 0.009318859035584826 -0.13603180527272563 0.23349033485352846 0.2176468015863256 0.0 0.0 0.0 9.0
89 -0.2356122380428317 0.01912553870136313 0.20438559401932554 -0.1949543865657517 0.009182107709201137 0.20004179696617785 -0.22857428611375963 -0.05365666300001182 0.14078928231539112 0.20819698896538347 0.30516004324398016 0.0 0.0 0.0 11.0
365 -0.03691948453254479 -0.039186003019298754 -0.06489895736451445 -0.03632317963919918 -0.03015617087065181 -0.05690526950738117 -0.018256056434048262 -0.008509289279453713 -0.048950146281055984 0.12588894889343633 0.2689540291595517 0.0 0.0 0.0 10.0
292 0.19349006532454083 0.08507857553827702 -0.013611752655881992 -0.0332048397802619 -0.0011340717201960837 -0.11780453807964764 0.07702697181239082 0.01810587351324333 -0.05830681999372933 0.11087706387370158 0.1520692356925891 0.0 0.0 0.0 11.0
490 -0.016117332128230633 -0.017402823968929004 -0.02648934103515388 -0.02628470623866963 -0.01524830448494785 -0.055687075934221286 -0.02798899417195666 -0.012539865946099349 -0.045189242596070045 0.1523347068239624 0.15174686848720625 0.0 0.0 0.0 6.0
426 0.09862596365284526 0.03867013030627642 -0.09279397646614718 0.004522274201016474 -0.06220817278452706 -0.16261883826541612 0.017032619152541395 -0.04133710658551537 -0.13357153944709943 0.17531829746398342 0.21886045836296408 0.0 0.0 0.0 9.0
220 -0.02426016120593233 -0.0021915149899320863 -0.05830268643621073 -0.024285886231617093 -0.006597540157756154 -0.0578343348354915 -0.025066345727437933 -0.0002076775416194332 -0.05861304502313924 0.15848480590269873 0.20275637276699632 0.0 0.0 0.0 6.0
176 -0.04284052100356739 -0.05878832372107268 -0.056416237234999334 -0.056085219018943255 -0.05730979562636351 -0.06905982647068543 -0.031624585042644426 -0.049410988626838015 -0.040958522620973326 0.11383815887466109 0.1812324460430847 0.0 0.0 0.0 6.0
90 0.0763566048590707 -0.06638163639883021 -0.04454884227007705 0.06879330698286035 -0.0815755484500944 -0.07010871128128693 0.0762256230992513 -0.06728450964670762 -0.05839085384124365 0.16891063473699264 0.27092183182841134 0.0 0.0 0.0 5.0
293 0.04080499142627003 0.014872641404821474 -0.07488519013839046 0.06576852660208243 0.05102994425648211 0.013052262520036217 0.03965879753436852 0.05327506214308775 0.006538863861095923 0.15111814910475402 0.18715861260863437 0.0 0.0 0.0 5.0
491 -0.03732993520339012 -0.05034009099611925 -0.07252064168337968 -0.017068526713504117 -0.039613882956725854 -0.06151318411023243 -0.02633634643006566 -0.04053470667580861 -0.0490476509181903 0.12365863693851097 0.15306073379724477 0.0 0.0 0.0 6.0
366 0.008420312760370585 -0.14746914266323485 0.030847593643682725 0.027808489438928996 -0.08036460966986159 0.0655482395962308 -0.06407791590403977 -0.10679153060038471 -0.06288741372256601 0.1284653470914289 0.10067300753886925 0.0 0.0 0.0 8.0
427 -0.011504821943965737 -0.13930863975390873 -0.013162476073191764 -0.02048898756188766 -0.1290877119413233 0.043515498301026856 -0.04289049281010715 -0.14044943757916417 0.016464603475378148 0.15002681341027516 0.23027131328557843 0.0 0.0 0.0 8.0
221 -0.22565460509832813 0.03649301700839236 0.0164535840157507 -0.19603859741196672 -0.016028121676917917 0.02733665889705983 -0.1977498492845734 -0.012236954109414167 0.01645559192539703 0.18845558164034468 0.23248894402324605 0.0 0.0 0.0 7.0
177 0.09992659769169654 0.013780214705720661 0.02379947841252794 0.10954348943192138 -0.0253278393125822 -0.004089337086411127 0.10659738482232939 -0.0058395457036516385 0.011420572078115532 0.1751597527026602 0.1794999278987946 0.0 0.0 0.0 8.0
492 -0.05079640472100477 0.09124227772093918 0.007841028401691208 -0.04544721223030568 0.07191584492595182 0.005128802015577305 -0.034400724175566166 0.09696024130495551 0.008516282049724433 0.17126922002199033 0.16886894100210367 0.0 0.0 0.0 6.0
367 -0.021990183181237133 -0.03251830276435497 -0.05826700304084531 0.007193290824123011 0.021795776988400073 -0.025491288719775906 -0.008810185007725346 -0.00870904555210339 -0.02626239103900474 0.15900817056607272 0.186556330046508 0.0 0.0 0.0 5.0
91 0.07608226656712991 -0.25568761604830015 -0.243435444326782 0.0708952024083025 -0.2422868885262972 -0.23938808706497694 0.03715363199650046 -0.2345749468498216 -0.22924967185007483 0.18993470960125866 0.20305768942248253 0.0 0.0 0.0 10.0
294 0.2542426384237977 0.004142788011851639 -0.016839485584643987 0.24614730757939096 -0.00271698546362098 -0.015253201903797753 0.18673087876562344 -0.013784674140902453 -0.0015647653536472461 0.1016051753815764 0.30688452105346187 0.0 0.0 0.0 8.0
428 0.137037644676268 0.05101857245302632 -0.031188009002057204 0.12330228092803552 0.053177443397076196 -0.03009011207404233 0.16100092758867146 0.08288343682982036 0.00585685688892279 0.09892364475574024 0.2650869176146877 0.0 0.0 0.0 5.0
493 0.05750143122893059 -0.08909254567826674 -0.0991387351113302 0.059149672465005354 -0.08247323370528725 -0.09326216226832618 0.05747500025763741 -0.07669232889478794 -0.09382849372495705 0.21204691276643634 0.27068206220553503 0.0 0.0 0.0 4.0
178 -0.020847814748723992 -0.11855657628477634 -0.05978411193098476 -0.07578253102322141 -0.09956185138197937 -0.05975329744159996 -0.048718710092447215 -0.11297789259997226 -0.06135262617433601 0.26027976529379004 0.2927598665022577 0.0 0.0 0.0 6.0
40 -0.13222843361083625 0.24172605118329793 0.17998427307918563 -0.24284530391126624 0.43612886480906576 -0.07057460135087279 -0.06672902899153565 0.45557451397241255 0.014943774397756071 0.18468777733142222 0.14815395218811922 0.0 0.0 0.0 55.0
295 0.11819830294377764 -0.003441635591141301 -0.01629791492297683 0.14140823993889806 -0.021590739304103268 -0.03455968053543157 0.11322568355723805 -0.023299084952084992 -0.025979269285151818 0.20578369546439135 0.21157946754459364 0.0 0.0 0.0 6.0
368 0.3743570065987445 0.0668381767585906 0.02261933212424516 0.41553439825489646 0.026735159704440292 0.14181183826633248 0.34691613349033057 0.045748231351605995 0.06458008148291072 0.09796487688456737 0.2611084613940136 0.0 0.0 0.0 6.0
429 -0.01660154043058637 0.02521824636741843 0.02251697140755171 -0.030292919024046072 0.0024210501085337732 0.0034240479400509116 -0.012398491341172102 0.010200187986850962 0.00901290902518248 0.23403153539201768 0.23894082520580376 0.0 0.0 0.0 7.0
494 0.07787599136859713 0.03143361415636825 -0.03238414628984898 0.08392490935357699 0.0356256885100239 -0.027970703008441178 0.11203492954532823 0.03500910956015035 -0.02228454953439396 0.20102530470341104 0.1866326908537062 0.0 0.0 0.0 6.0
92 0.15102296808455917 0.3467162355141422 0.1499852597074287 0.18380608549920296 0.3518116214824307 0.16708179844935045 0.16461633957888644 0.33311916735894576 0.14714906167660002 0.17638988184586504 0.19294230556564468 0.0 0.0 0.0 9.0
369 -0.03358985968810435 0.1115568840606056 0.10426611002336972 -0.0006119486788609407 0.11548266020812314 0.07922049153087696 -0.0004397867888719098 0.1158615691714755 0.09356359999069941 0.18928702054941454 0.2604440057584914 0.0 0.0 0.0 7.0
495 -0.10301286470542825 -0.09527208350752936 -0.06120543082753138 -0.04616377550575612 -0.0436651981102959 -0.04269089392662251 -0.08959813515491011 -0.05799646263683711 -0.044510067714716994 0.09928086653631407 0.17402089718395702 0.0 0.0 0.0 6.0
430 -0.09869284279161161 -0.1387694813753928 -0.12368831741074349 -0.10400791687793431 -0.14639464119090229 -0.14536644948992705 -0.09410963220493529 -0.11324511081576294 -0.11353335670639475 0.16460706218493085 0.17751994105210858 0.0 0.0 0.0 6.0
496 -0.12798669077615976 -0.11571999520107756 0.004308074214605551 -0.09355891758583657 -0.08409854673486616 0.01494178275068725 -0.03860264578577277 -0.0907458032035251 0.0322670946465351 0.16941375242227644 0.2430704908418244 0.0 0.0 0.0 5.0
296 -0.32885176250033055 0.2629818400025863 0.2748651505193609 -0.1210395488576862 0.18405005708740307 0.2243970284642549 -0.2503471537301257 0.1538780536462605 0.24090315350077618 0.10387087486085472 0.17655628307656537 0.0 0.0 0.0 11.0
431 -0.10941621324749096 0.11017659295143467 0.023770669215701368 -0.14333458899961204 0.14315832557504904 0.0685196172613951 -0.12120472848297681 0.12450976708686357 0.05177636103146632 0.18054028048290402 0.18820344519795976 0.0 0.0 0.0 6.0
179 0.17851277356109296 0.31324992666781526 0.5319995607369865 0.34587194103788566 0.6037721476865199 0.8983536354242183 0.12415543608081947 0.39759004148259547 0.6308415373312826 0.1358135576436466 0.20397000479361604 0.0 0.0 0.0 23.0
497 -0.18513633966440401 0.07051191389211264 0.09898346491071863 -0.13954232445586678 0.09923854972326307 0.12495859464349501 -0.1470413706160516 0.11013351338994415 0.11727435509854955 0.19680723048034865 0.21097217175341101 0.0 0.0 0.0 5.0
370 0.28052771672032417 0.07713796367673575 0.3221935643963043 0.2958282522122724 0.047144391678480835 0.39297005287728903 0.24874975396802612 0.030186315344863823 0.3303787852156368 0.07661949911237913 0.16754404328809952 0.0 0.0 0.0 11.0
297 -0.008670038189860119 0.017194760603337356 -0.09765473378656542 -0.007814389255942578 0.029753963687866758 -0.09488140701730097 -0.017581124958243488 0.03897854336954798 -0.0703953869958559 0.1960657927837103 0.2053405829571664 0.0 0.0 0.0 7.0
432 0.19992605743417768 -0.016189604599488594 -0.04967783376857082 0.1412505417559795 0.005512128132010519 0.004188852994822412 0.14649203074741246 -0.014001363672723088 -0.038111625916352754 0.12886953942512508 0.10876241073614025 0.0 0.0 0.0 5.0
93 -0.15597489796689856 -0.06528059934369435 -0.34809511413222993 -0.2575972314502615 -0.04977337388533676 -0.3860161279311345 0.17329395087602273 0.022534315386135262 -0.26457616296463515 0.16604368746073464 0.275329124588387 0.0 0.0 0.0 17.0
41 0.5238341893479761 1.0391305644497693 1.1441293120411657 0.4346240939143311 0.6756426646072138 0.7817678217213857 0.5421880880073613 0.9513374997090434 0.9205782237071383 0.11238369481785343 0.15150214346824642 0.0 0.0 0.0 23.0
180 -0.17012590449834308 -0.026179136133012704 -0.33025909936892406 -0.18449865244523045 -0.04532240406961063 -0.23627837796142748 -0.16245950259842623 -0.07015883905818221 -0.2616005745450446 0.16134823214742447 0.20392972042836102 0.0 0.0 0.0 8.0
371 0.24106746742278573 -0.04551027907511396 -0.07104278036037948 0.24349794460868845 0.00433943008591231 -0.07935002279592351 0.20473399186877184 -0.03786118851623055 -0.10668328570777186 0.23511733001580257 0.23627479075058125 0.0 0.0 0.0 8.0
298 0.010659313363484912 -0.000676666057486397 -0.00534834440491605 -0.03955183629844017 -0.06935519564994597 -0.06759327713170249 -0.006871381705147561 -0.029222926830314022 -0.03591053149126466 0.17114400699964852 0.18599127520326003 0.0 0.0 0.0 6.0
94 -0.08818868622489662 0.029821592006934905 -0.044100849148860255 -0.10159126874060853 -0.05932398108586723 -0.1019475081215141 -0.14556904890772193 -0.03561696295579064 -0.059958719793737236 0.13358418532931937 0.18409029800559584 0.0 0.0 0.0 7.0
42 0.13920446260631314 -0.0011150917736235666 -0.06614421692150951 0.12531482388556925 0.08613250252524307 -0.058736030537748896 0.12000050117850614 0.04101341206100195 -0.03425152509538587 0.19910914612803085 0.20617424745355187 0.0 0.0 0.0 8.0
181 -0.14685881899809305 -0.03490949271422694 -0.035773357084946555 -0.09966046836568532 -0.007552420008239413 0.03431942925043718 -0.07085768997032849 0.0014458464180628905 0.02620100497415989 0.09651761204636677 0.12879551487612284 0.0 0.0 0.0 9.0
299 -0.11297766261064857 -0.003702482285530384 -0.05984325637311039 -0.09440265730731201 0.0025066402105899943 -0.05265100864343075 -0.08926674005515245 0.0067152199587561245 -0.05658557585695789 0.16097869114800825 0.19255664857286917 0.0 0.0 0.0 5.0
372 0.04311995718752715 -0.14802258069531193 0.09778010822489458 0.03535091540095814 -0.18405414182915192 0.07032374211655967 0.03360308067545903 -0.13156140439745723 0.09987225027287971 0.2143418737867593 0.18815334328565025 0.0 0.0 0.0 6.0
182 0.04702100140159282 0.04881461755535166 0.052918056433749916 0.028709272235680983 0.040893873317516594 0.043468140266867517 0.016926403335578266 0.03479907398807769 0.03561445912493966 0.12067858615205014 0.12979669151247636 0.0 0.0 0.0 5.0
43 0.005396194865603832 0.0380620551393589 0.053454408098145834 0.025103248292717373 0.02392850540476177 0.018097162481714113 0.019042777505615005 0.021273003207935126 0.026677266539580025 0.22423845737414835 0.20881589077719487 0.0 0.0 0.0 6.0
300 0.11364499297083563 0.16623900764552357 0.052446320623630305 0.21511589561379507 0.19307460831884948 0.090263323980728 0.21030892050571826 0.18999519697209566 0.09622941298315535 0.16789091813143134 0.25652710882994806 0.0 0.0 0.0 5.0
95 -0.21162927955822086 -0.1398708877175412 -0.1634039230140799 -0.07458425672673141 -0.08284165119446973 -0.07570448529239782 -0.11776199105574692 -0.1300799806264762 -0.10054769783258355 0.09945669196771363 0.2283823174595381 0.0 0.0 0.0 10.0
373 0.12001388485150444 0.010653577370108414 0.1147725576212788 0.1738577312217935 0.006884360029171033 0.12239512096046168 0.17236836918762855 0.03796496211035949 0.14157516443478668 0.2003297472335142 0.1896620112801941 0.0 0.0 0.0 6.0
44 -0.14657699721564554 -0.08217597970597745 -0.05006158218293921 -0.13780265509473466 -0.06009068484586233 -0.049090653777529636 -0.13926606600756541 -0.06411853005783674 -0.040275303322601874 0.08373913699776676 0.1429942301720205 0.0 0.0 0.0 4.0
183 0.01906989325143149 -0.011969558812891301 -0.04545076752408728 0.017413189500904647 -0.008979800296603169 -0.03978780400125537 0.024174299187607495 -0.010867430805495015 -0.036382523242102116 0.18498662460787202 0.1674722243398582 0.0 0.0 0.0 5.0
96 0.09905459775319381 -0.09974784336521836 0.12427513352291819 0.07662312595154974 -0.11113177119953854 0.09130254611623356 0.06657833392968437 -0.11141763740799104 0.08237659119029761 0.13662135311786827 0.18012568040094692 0.0 0.0 0.0 6.0
301 -0.04027336731767672 -0.07163451545362631 -0.01623935165558066 -0.1400431656514508 -0.025667983401842287 -0.08582892075531967 -0.13523404650914073 -0.0731485331022923 -0.07914112872999313 0.15288450753833385 0.14142252005633113 0.0 0.0 0.0 9.0
374 -0.06605108957320638 -0.07742447872325853 -0.028594060293010926 -0.07318053251004752 -0.07824488214901115 -0.04068684797884381 -0.05128287628355954 -0.06886825293125964 -0.015007378722816989 0.25551203074615286 0.3810641332571944 0.0 0.0 0.0 5.0
222 -0.7919285432795443 -1.6898450831599154 -0.5442729480522892 -0.7652802708254604 -1.7228711787861528 -0.7058477993720753 -1.0834328781697793 -3.2357942813779936 -1.3110618198590456 0.22430929286965917 0.25465379327012583 0.0 0.0 0.0 18.0
97 -0.14697495018073892 -0.14078178640058203 -0.15809784991519127 -0.13716239832902377 -0.09701868034348748 -0.1182370052801971 -0.13587660373621657 -0.11935199329743307 -0.136313000186572 0.1655699134214753 0.12684206789635938 0.0 0.0 0.0 6.0
302 0.05228449835554638 0.10757899584698638 -0.08711781780655947 0.07375480408465407 0.15297577738715273 -0.09844838521682431 0.05101619054017492 0.1498980448325833 -0.07562502639779345 0.16588751405748997 0.24875867469573465 0.0 0.0 0.0 7.0
498 -0.005125789817293835 0.641595129588556 0.47002342821839993 0.11645596852206341 0.6105204100703505 0.166796856815427 0.24388692366241993 0.7755889867471855 0.3069746133635294 0.1521379711484799 0.20282854158812982 0.0 0.0 0.0 24.0
375 0.056334365391061514 0.09606651129025878 -0.24078608330529805 0.03808405308217111 0.20114382277084975 -0.17419388885745102 0.07799563027732082 0.18410053709030638 -0.12202460430858653 0.15839982273260278 0.152546965258625 0.0 0.0 0.0 9.0
223 -0.21081422045383702 -0.05542364131714872 0.05885114709636574 -0.1497554606781586 -0.061595276905080265 0.1258165292219895 -0.1414203661358303 -0.051369664168099516 0.1344889901351245 0.12310657710770323 0.2503053784821752 0.0 0.0 0.0 7.0
184 -0.25613943286794216 -0.020640341222187386 0.4029324015996918 -0.2149607736951209 -0.11029962488782918 0.3074114958194816 -0.135659164038625 -0.08443241983774985 0.3171199328556855 0.1421465257314747 0.1848897982738462 0.0 0.0 0.0 11.0
98 0.2309432247400085 0.006005836803735898 -0.06924008068236587 0.18701766132342756 -0.016066928419711024 -0.0816182901554422 0.18525274367345856 -0.011249105903135548 -0.08197922524346113 0.12289247209534006 0.09849353841890789 0.0 0.0 0.0 7.0
499 0.03670447430004886 -0.20886173506414618 -0.1623680458391441 0.04266876120728691 -0.21543813147535262 -0.19672571223236401 0.012023165444587036 -0.25221222158689505 -0.24412683452374273 0.15947065607739536 0.27693245859736015 0.0 0.0 0.0 6.0
224 -0.19105285615653433 -0.12248581484488341 0.00901118255196387 -0.17213967924798768 -0.11965078484436531 0.024899557037829645 -0.14907966172060338 -0.10071895545501564 0.03328420710480828 0.1443251822458071 0.20660388669608604 0.0 0.0 0.0 6.0
185 -0.019385119523826377 -0.14244891215725164 -0.13763640791453102 0.02377073448851319 -0.20230631587347359 -0.16350235091988197 0.0170535405530996 -0.17456011483130596 -0.14170816040224976 0.1302586996826737 0.19178671787289014 0.0 0.0 0.0 6.0
303 -0.06694455986456438 0.11654938364944223 0.26176164374077615 -0.12590143664799036 0.07213784835400028 0.2255388677359389 -0.16226028325237463 0.002947778491007025 0.11793883374509373 0.07381204894569478 0.1152007429659209 0.0 0.0 0.0 9.0
376 0.1591911252904814 -0.12129002790653876 -0.4766193948959476 0.1226601903076725 -0.08726304968779608 -0.36650317124411813 0.1004789590836459 -0.11464911682521262 -0.41346496880474537 0.1525663997978581 0.14449436823639072 0.0 0.0 0.0 7.0
45 -0.08198873873008494 -0.13905777213037984 -0.6548199000375223 -0.20728649588741732 -0.12012645591632076 -0.5876981262692147 -0.17178001292990575 -0.09482724874612503 -0.5347730639461872 0.17627076236009753 0.40400448075802775 0.0 0.0 0.0 15.0
99 0.021602400545130518 -0.023091694003554708 0.027688136576790034 0.01658178765100593 -0.02215265109276232 0.02468952933793278 0.020518971483376003 -0.018587952997937807 0.028257444781591978 0.14287347869404698 0.23821950803504913 0.0 0.0 0.0 5.0
225 0.021889999192132636 -0.15257223230614247 -0.10772821307788216 0.030400740919161784 -0.14174639268270017 -0.10914880379002301 0.026671437643025486 -0.14158637428045873 -0.10754918218054865 0.1857851419075138 0.2834075515158539 0.0 0.0 0.0 7.0
304 -0.09369080842636246 -0.015341092148901003 -0.12010270136220591 -0.07896302055738347 -0.02119375128870349 -0.10162005618338144 -0.06731103933338989 -0.023800722410303066 -0.11991514510616563 0.21605532932859606 0.25844493162344706 0.0 0.0 0.0 5.0
500 0.059708010243062715 0.07041086799878782 0.23414841690984023 0.014176619069332874 0.022382769720764806 0.18478351468674248 -0.0034454287342051693 0.0526751192360253 0.1671122943402834 0.1804187333068697 0.23401323823606585 0.0 0.0 0.0 8.0
100 0.14983415236463205 0.0028646094060587046 0.0992574839750393 0.20488343013087906 0.022098334906154316 0.12108781199734686 0.1886462080342255 -0.011738120172353206 0.09484340541091374 0.10180015200689545 0.2884302861169196 0.0 0.0 0.0 6.0
186 -0.0303698763509187 -0.008881942107444307 -0.036043969096780204 -0.0487081917460529 0.0318549299558919 -0.010936355422881405 -0.037799298172218276 0.0227305041087551 -0.014496545890884671 0.1432122235026064 0.12798193115154574 0.0 0.0 0.0 10.0
46 0.04284627374585015 -0.1446711617455837 0.09315246579149083 0.042155903446357 -0.20997283163847336 0.023293244678677105 0.04637812205666303 -0.19207981427297505 0.04822477163647432 0.2696789618566232 0.3430454432200853 0.0 0.0 0.0 8.0
226 0.2612792559048227 0.3727856760481152 0.287101486371266 0.06667819364385585 0.17785412793467903 0.19828375590323732 0.15436056300955814 0.3011261362887765 0.27408929431749285 0.13128925185645948 0.21177841522804008 0.0 0.0 0.0 7.0
305 -0.06532411416890538 -0.05602736478131254 0.008331971307294905 -0.08065722168824485 -0.06280354575616365 0.018038328493977795 -0.06644842039693777 -0.0734709502070211 0.0010908001007003953 0.1504245131153735 0.27275104602257366 0.0 0.0 0.0 6.0
187 -0.034752924687597386 0.05928451679652835 -0.03209119917523717 -0.03903997445873175 0.0586683114116322 -0.034254150120183735 -0.03885022733807386 0.059917641502496455 -0.032328734143842075 0.16863352542998825 0.26990815234186666 0.0 0.0 0.0 6.0
47 0.20206242989918466 0.01767235252537791 -0.04114183245485514 0.16213287270922194 0.01541559934325809 -0.04492701542350608 0.16866774020102593 0.010042922892205874 -0.03889042309940138 0.18626150329795432 0.20294393469891372 0.0 0.0 0.0 6.0
101 -0.1379678705827705 -0.1889329769310436 -0.010662062732121003 -0.028897418339993486 -0.0895638118405021 -0.0030306995431609307 -0.08868768106705449 -0.11798121044657306 0.00483383425788686 0.1689665682965604 0.25420972016796317 0.0 0.0 0.0 9.0
306 0.07449854084380969 0.02731108207216626 -0.1202191752573154 0.10841811404061508 0.033440743685051455 -0.08338677281494555 0.09720438177201962 0.006753225880181235 -0.11644412756015488 0.20044253452218475 0.15524380462850101 0.0 0.0 0.0 7.0
227 0.05751805623874873 -0.06683455788020354 0.07324797584370724 0.07535394515798921 -0.04540923589449897 0.05170857641690829 0.07401186959586248 -0.04203558767486382 0.051315492507023164 0.13213389292871958 0.1476445605877112 0.0 0.0 0.0 8.0
188 -0.6551287239832526 -0.10952337655750732 0.04085772034020341 -0.6696610462884773 -0.03838603529785978 0.0067139913026754705 -0.6501581832525103 -0.09331059674930986 0.000565051966088248 0.2085113104916909 0.2029864977435973 0.0 0.0 0.0 8.0
48 -0.0517445216440503 -0.04965464286338761 -0.05223210721999327 -0.05368617815045473 -0.049663757250381635 -0.05626026937664441 -0.059058332665987034 -0.048461104184997494 -0.054722169827260636 0.18281052085329877 0.13997795410541422 0.0 0.0 0.0 7.0
307 -0.019315664632641893 -0.03712952253288149 0.022907588064517093 0.0020990790334298737 -0.03737592346077401 0.025607293690612876 -0.004090329506603929 -0.036677320510462685 0.026438256311259734 0.1542029842359797 0.2209827642871085 0.0 0.0 0.0 6.0
228 0.0022630727008894347 -0.04805059449828952 -0.009043393367782926 0.012752269125097193 -0.04331776999389492 0.002008531432405647 -0.008036984410917714 -0.0594390064513195 -0.017493270742795608 0.12106928437348773 0.20658982643702617 0.0 0.0 0.0 6.0
102 -0.14403091010260038 0.009716880038740383 0.025327616194025904 -0.12784270992624447 -0.03666366114431019 -0.03798452335217173 -0.12135807742081939 -0.04749317111331297 -0.010028287178738937 0.25859955032708154 0.3511022528163079 0.0 0.0 0.0 8.0
49 -0.034063562545927906 -0.017617091515068406 -0.030108789799883184 -0.02591726061062971 -0.01660539218689283 -0.028864988773709577 -0.03586545351019643 -0.013747033198764469 -0.030285925576708506 0.14088342603674694 0.32775795753781284 0.0 0.0 0.0 6.0
308 0.03242472858669765 0.14369935706284664 0.00994506902409431 0.05823669950500299 0.14159585225948645 0.01755906379554939 0.026458481036544468 0.11633678666135294 -0.00035677630106045743 0.09839138410984623 0.2524358038772386 0.0 0.0 0.0 5.0
189 0.09526009121960333 0.07698277125918951 0.11903281743821581 0.07600667471260736 0.06249386082852704 0.056438726303641884 0.09373451267681165 0.07170002726332791 0.08502077231305472 0.22215070256050773 0.0696570272484305 0.0 0.0 0.0 9.0
229 -0.010450458254433248 0.04341810744743646 0.015653869671222953 -0.0028152936933778516 0.03803291932670727 0.007391430010763589 -0.004351448398672519 0.04517821366031449 0.009062838591757716 0.1784386729324132 0.17005905286405715 0.0 0.0 0.0 6.0
103 0.024866958921485605 -0.20557068914553467 -0.09913229415730651 0.023709674365651523 -0.19982541032333168 -0.13285763849895238 0.022579507689292733 -0.18935288947015905 -0.10163233418265882 0.1770041418277785 0.17928670035135968 0.0 0.0 0.0 6.0
309 -0.04403487725520172 -0.018390444007259865 0.0881587717835075 -0.039934628689371476 -0.015144960884946546 0.10865183243707088 -0.030444838920679063 -0.028939896044775204 0.08482264651131954 0.18380083350171827 0.2714287225241096 0.0 0.0 0.0 8.0
50 0.0927614359131721 -0.08274292340775657 -0.03549995766611802 0.2044883328129139 0.03782819202973098 0.01289864910177907 0.1524073951616236 -0.007345413096357056 -0.04408953629849355 0.22591977867796365 0.2539164532765269 0.0 0.0 0.0 10.0
104 -0.07420351811967107 -0.15458647354226684 0.019710543205199604 -0.10287930224223407 -0.14829216321547223 0.06122465463014626 -0.04649724269385069 -0.12901678559517726 0.04455340234170935 0.17455443644489615 0.19549406922424942 0.0 0.0 0.0 8.0
230 0.16196770962210283 0.25435796215387607 0.05943085572827145 0.10339505650124092 0.11367742540696324 0.020506593090033 0.050047672126027676 0.05491255575317244 -0.020648340160091982 0.09917471258675732 0.234201334679737 0.0 0.0 0.0 9.0
310 0.06928691277723997 0.05238470509702409 0.1575393045917648 0.09921155175146468 0.08826674973632653 0.15290093053999199 0.07498200218770168 0.0168760667244503 0.08221946294012783 0.12265773976138919 0.09497065168523365 0.0 0.0 0.0 5.0
51 -0.2187741913049267 -0.060440786311782735 -0.044899440637293564 -0.1306020551031819 0.04593633228349514 0.03714377365953414 -0.20782710757317024 -0.059120008165140736 -0.04559369366680954 0.08760246540120097 0.16427056100977017 0.0 0.0 0.0 7.0
105 -0.00037633367227929426 0.0034467267956725944 0.08091719267043884 -0.008550533314822473 -1.593797591925572e-5 0.07726004982730195 0.0005512096892217322 0.0017596122658747326 0.06894235318503772 0.23594321419102687 0.2704189341730069 0.0 0.0 0.0 5.0
231 -0.011154475739633019 0.03327428113953945 0.03226323096486583 -0.008444850126646197 -0.0020922977858945924 0.00550073711039345 -0.006505348641973385 0.015954076852971566 0.02002888503528677 0.16206596363645398 0.18063004296101176 0.0 0.0 0.0 5.0
311 -0.09395752963026371 -0.2238479776354636 -0.22747430152240622 -0.10167549248313079 -0.26008367915124253 -0.2155052633664758 -0.10011283123611747 -0.25102360690252457 -0.22598531856285076 0.2734433913085227 0.2526764642372453 0.0 0.0 0.0 6.0
106 -0.10020127965813719 0.08592615358510614 0.030402610699786337 -0.11278051353409169 0.05784910247434816 0.01623780663802421 -0.08239848271399663 0.07317556202667097 0.007164815803584634 0.1454662799234556 0.21127245655334784 0.0 0.0 0.0 5.0
52 0.1367190383327226 0.11486970068035895 0.05778347972761422 0.17880327753609881 0.0981867680985622 0.05239791815512773 0.16215032539529406 0.09400893622802142 0.009935165497468645 0.1376737326521339 0.17493007543767844 0.0 0.0 0.0 7.0
232 -0.030357694089138354 -0.02723600570367124 -0.07398853519893611 -0.061609502388424886 -0.048804378450926555 -0.11348986525912175 -0.05866968144232321 -0.04638856583940543 -0.11229844537258216 0.1460201431920012 0.2605164378816739 0.0 0.0 0.0 7.0
312 -0.05531432093785493 0.2265756422091001 0.11224637715386576 -0.039848191126214294 0.22650026750779517 0.1169537604695654 -0.05941935796709308 0.2428537904706698 0.10786342873803645 0.15814427086675475 0.19653822146909555 0.0 0.0 0.0 6.0
433 -0.01052002905382754 0.2831147610055609 -0.020542704363946118 -0.36622178634725 1.3949969892344942 -1.7089804628950627 0.647562865708688 1.7927542405891983 -0.8137742941250954 0.11052078640910049 0.12524175216780972 0.0 0.0 0.0 148.0
107 0.00021295572093804616 0.011730983126597705 0.005667195197829988 0.02288631972322719 0.03826350564634384 0.047065215723898435 0.01604299238149931 0.023808954136986138 0.03529209581644199 0.11728308898511434 0.1649147091417161 0.0 0.0 0.0 5.0
233 0.0016686478727436782 -0.04657268283070459 -0.08892085680738171 -0.012838729285003514 -0.07537691705583871 -0.08134466439162391 -0.009483253355274668 -0.041676751391809486 -0.05543731586983003 0.16648593374788215 0.19003944031829775 0.0 0.0 0.0 5.0
53 0.05634486197688093 0.10317620187021737 0.014727633743604862 0.026260633228189834 0.06393160394312458 -0.013312904807111559 0.046233180143457675 0.07961789606224623 0.011593057681653418 0.09219042563110715 0.20420444703077745 0.0 0.0 0.0 6.0
313 -0.04944959751507405 -0.01647775907588722 0.06901466237210152 0.0029112758431555363 0.01928272139178655 0.10240507497834028 -0.02466700462261906 -0.0026202715985110814 0.07330031943673232 0.14825309740878334 0.1612147813350717 0.0 0.0 0.0 8.0
434 -0.013284059574056095 0.12305062398711475 -0.10049312615340356 -0.04984477026680523 0.09628208866503396 -0.10462290436083288 -0.0400684337595143 0.08198789887206237 -0.12395602092583824 0.17967445403105736 0.18511333593636758 0.0 0.0 0.0 6.0
108 -0.03867249117314775 0.1629428021939483 0.022241588444138483 -0.032170304009447426 0.16498704341505555 0.038020461070068734 0.01885801243456031 0.18059547576865342 -0.003776242531519758 0.19018146628362328 0.1683128878841348 0.0 0.0 0.0 6.0
54 -0.0081506017010603 0.07119058664931499 0.09213110257790613 -0.00475107390238394 0.07594962720146414 0.09233784693241232 -0.0035784876376754315 0.07520348587354753 0.09436921228055972 0.15491292201677187 0.259595810900518 0.0 0.0 0.0 7.0
314 -0.006745641621220377 -0.026733395165263296 0.08689463344855786 0.02148274973665032 -0.0091941495044352 0.12942471528405686 0.025463272389657066 0.0003607322790919465 0.12432385992783068 0.1510646481732921 0.23958936830431923 0.0 0.0 0.0 6.0
109 -0.04973898493814399 -0.4149428244386435 -0.045061244856748006 -0.03422876361075233 -0.414376619462104 -0.0732610758134955 -0.07875157194991977 -0.4288527293765886 -0.0804779397248212 0.18081392298740195 0.2350168627562835 0.0 0.0 0.0 6.0
234 0.24995354596236763 0.26184087636128917 0.2299349082749942 0.5023571509939395 0.45648456854024944 0.41622953939650253 0.2863957216281354 0.2947030040298979 0.2580575048045759 0.10652221390846282 0.17859590991058363 0.0 0.0 0.0 18.0
55 -0.20266673983999473 -0.14074573113623878 -0.2418728981687801 -0.02488719669881556 -0.05956622476271389 -0.20361756041861312 -0.19063386038432228 -0.15135363485345588 -0.1984325834537518 0.15684899626336424 0.17123724056221418 0.0 0.0 0.0 10.0
235 0.16243386992583586 0.08045527131529995 -0.13860477823498585 0.18185547769745702 0.07321384576988743 -0.13087065159155453 0.18088049268412765 0.07988165296362837 -0.13018256585741128 0.15069524480189908 0.15306216654603336 0.0 0.0 0.0 6.0
110 0.028576690712135644 0.039746568030283314 0.004450321480816699 0.030692103808838356 0.0356378040050529 0.007236641561769952 0.033967626768402814 0.03716724496695578 0.003885945826690662 0.19187481089101718 0.23531860582446185 0.0 0.0 0.0 7.0
56 -0.014270134965398085 0.01020603984611168 -0.04519988137048603 -0.014398248466320984 0.005178231472180217 -0.07164318508179723 0.007492012773939516 0.010309764102819141 -0.051787014361516004 0.22580758390659236 0.2324572259663253 0.0 0.0 0.0 5.0
111 0.13732642367879588 0.1607029077635287 0.15484356302419955 0.22612464286567668 0.20542969812850664 0.10464812429243753 0.1417112020917921 0.14889589453070995 0.10193325390858443 0.152870863910107 0.1644856112093025 0.0 0.0 0.0 6.0
236 -0.10990292232018961 -0.27674254132017884 -0.14979902502594145 -0.039219777241024545 -0.19388264511392073 -0.06441910847217225 -0.054077528461651814 -0.20035008773247598 -0.08180992421034672 0.1315624834181379 0.20498909835274617 0.0 0.0 0.0 7.0
57 0.03098561372767339 0.16478668419074127 0.024183821365846514 0.02780270612300706 0.15193597925081126 0.02092212884800393 0.030015638140008516 0.16371280297351043 0.030386569225130833 0.1574050550596653 0.11765734181749032 0.0 0.0 0.0 6.0
237 -0.10564596760573997 0.01266054953610607 -0.041540528796088605 -0.06286204087455105 -0.0023377022519364132 -0.03912088473356512 -0.08325480062309254 -0.003129625708668038 -0.03595372089084414 0.16199572124139588 0.2400758466418211 0.0 0.0 0.0 7.0
112 0.1365477391169565 -0.3295298726467326 -0.3766527786332069 0.10129537920620635 -0.3118496468678058 -0.312465307898544 0.0813595819714239 -0.3351166736146447 -0.42434487641123253 0.22172458312777377 0.30939272400721773 0.0 0.0 0.0 6.0
113 -0.03156496940787501 0.016250366176210118 0.0071471623095427095 -0.033539163688785956 0.015659463660381956 0.008510551526926147 -0.021038088650768838 0.0025223349450120836 -0.006246087340362916 0.20782515371718768 0.14152009899480342 0.0 0.0 0.0 6.0
58 0.011420063442078465 0.0144113830143906 0.061663256227473706 -0.035066057074856105 -0.008848844651184296 0.07879787736034327 0.005890246295684465 0.0230865149268904 0.1199860860472064 0.11043168657798405 0.1743829162362323 0.0 0.0 0.0 8.0
238 0.0875686558492117 0.13682876387718856 0.09412939983873003 0.07902377633878999 0.187929448200447 0.11104797158498925 0.09439981406400988 0.17270724912871005 0.1280769090584939 0.1109144722253704 0.1378046095205228 0.0 0.0 0.0 8.0
114 0.021968480247767763 -0.1495215919083247 -0.11526199900168954 0.04643866540063235 -0.1404422867071724 -0.09726433686561886 0.04239420346673528 -0.12698859205096202 -0.07951334256881404 0.12943856753614333 0.18638011829621529 0.0 0.0 0.0 6.0
59 0.11969454264110602 0.04298571357082137 0.015980384930898595 0.15236401541728717 0.07339853409270414 0.031517933879862126 0.1401003015534925 0.09089373938921597 0.05419607605457344 0.17380763647902442 0.17057819511606304 0.0 0.0 0.0 6.0
115 -0.02013403849625095 0.04834626126431951 -0.003822419156048862 -0.004314453656567574 0.07601289489934926 0.03597014815694988 -0.004202250759681947 0.08388000381304317 0.04241291959744231 0.12097109735272457 0.1590046624436078 0.0 0.0 0.0 6.0
60 -0.2171505215832351 0.3293016208373436 0.13358472403970434 -0.22841823915166282 0.32210914813559377 0.08196368141279442 -0.1738173908450713 0.30584276406087274 0.1382208034342265 0.20430846552973084 0.29780721429426876 0.0 0.0 0.0 8.0
116 -0.024098469537363165 -0.00501804838715636 0.07644955196457515 -0.03429518079134597 -0.021443808311843116 0.06220892288011903 -0.036651691926955055 -0.013442578958079654 0.06744624878223582 0.16189703097529015 0.17425171017933686 0.0 0.0 0.0 5.0
239 0.00941376182060183 -0.029199416855663185 0.4666264983113195 0.21181470064265673 -0.009896705444293996 0.5200208939791491 0.1306537371642682 -0.02047654549137634 0.4092209165661511 0.13167323370738185 0.08940713489745462 0.0 0.0 0.0 14.0
61 0.022095085496492306 -0.07136354056833327 -0.11231579048823537 0.03644363445227916 -0.06784743439291385 -0.1124286794390118 0.028429849787365624 -0.07658143538165008 -0.11682053716029761 0.22934552111802264 0.1872905704172372 0.0 0.0 0.0 5.0
117 0.013518770184255624 0.07886118373644657 0.037347436821757896 -0.013114520669745833 0.0113467236964917 0.0131215462566876 0.006643085917259484 0.032608372516855555 0.017337123065627624 0.1271754889903317 0.2274501450895837 0.0 0.0 0.0 7.0
240 -0.06454282747992712 0.10972167711091241 -0.03742990661116108 -0.023184191405318022 0.244351782072753 0.09509205570493462 -0.038547061451776665 0.19053740876920622 0.049069390876419705 0.12240542062027593 0.1708557729969578 0.0 0.0 0.0 6.0
62 -0.2374324155107682 -0.055600680530027424 -0.04806324374330917 -0.18288939399331627 -0.06101945607173864 -0.055071283809388305 -0.19562935402964354 -0.04979504061407847 -0.04364050251585272 0.132270521707569 0.1865402684197977 0.0 0.0 0.0 7.0
118 -0.18787010673880378 -0.03345619539495459 0.05017236981327944 -0.18381411323885855 -0.01476738252405263 0.0594414914988417 -0.18453290537398948 -0.020265138997448195 0.04199696083989424 0.14258782577417534 0.1741614566197309 0.0 0.0 0.0 5.0
241 -0.10129880777919764 -0.061202487054581534 -0.11088214398428065 -0.0557002777617569 -0.09175340481930538 -0.13290883094933315 -0.0826292821259188 -0.07951516285532634 -0.14240609261191317 0.2298386186649362 0.27228080952066014 0.0 0.0 0.0 5.0
119 0.02322823636631055 -0.12581441989909092 -0.042418117618972406 0.06161446650378499 -0.12775753007112278 -0.01644363056676068 0.042445114011690155 -0.12831617458521383 -0.041356245715216566 0.1952535503687947 0.2852329093245126 0.0 0.0 0.0 6.0
120 -0.16761179227207645 0.06205828273244696 -0.05307103110785316 -0.19293639628365922 0.033473843892282584 -0.07348853583208059 -0.1838334355043859 0.035385048702571975 -0.07481765917529404 0.1463514113240744 0.18949244302609164 0.0 0.0 0.0 5.0
242 0.26161279273338467 0.41979375914638695 0.4588872821566141 0.3343337999100726 0.5348957093022542 0.6461044930020425 0.2749114948838576 0.5968728716236418 0.627413519749733 0.09070750310712135 0.062322806655062575 0.0 0.0 0.0 11.0
63 0.5575607069830877 0.11639937762407859 0.8360755763887697 0.4621609722554991 0.16341280487146803 0.6251098399415653 0.3986507296740016 0.007062856461167444 0.6268044684126217 0.19620477289511715 0.25539194839577556 0.0 0.0 0.0 15.0
121 0.40799243253581174 0.22096317173969648 0.20535121671603584 0.26512355177067937 0.110363371396061 0.14497866544983862 0.21303994449568453 0.14026045848158497 0.13174721623876628 0.1354205600906529 0.15478944300777464 0.0 0.0 0.0 8.0
243 -0.0473762289495151 -0.0349752570464692 -0.054755896763102 -0.07311017435350953 -0.03768890154691007 -0.05070795703998665 -0.05958078712104964 0.00711700573493701 -0.038478659749076494 0.18844998640581484 0.13089741409613861 0.0 0.0 0.0 6.0
244 -0.0901586951163934 -0.10112163896924631 -0.15671053129193846 -0.10717579106457886 -0.14050148876174307 -0.16617299240184968 -0.1016168682768066 -0.12309773050607864 -0.15680876904353447 0.13285730562583592 0.19161586788871174 0.0 0.0 0.0 6.0
122 0.15883422438557138 0.292939846000285 0.2244122188416895 0.1433978234934623 0.29157476871645405 0.1966124249674457 0.1429386802764414 0.28358876291009016 0.17445532066156288 0.16123773169677472 0.10270999632029304 0.0 0.0 0.0 8.0
123 0.0069644312494558935 0.022863933869332165 0.05317664574760572 -0.008327214886305834 0.03258532936559844 0.047692781986435895 0.0056121319209170295 0.03356354943117834 0.04804914387812875 0.19176833770382945 0.11664067001191164 0.0 0.0 0.0 7.0
124 -0.062011010624478446 -0.11227139900115413 0.03877403791465528 -0.0636699054211628 -0.09957401424143819 0.035673020562954516 -0.05183881350471953 -0.07686405792959383 0.046379337355199945 0.17438489632936666 0.19960113773937818 0.0 0.0 0.0 6.0
245 -0.2983826865828808 0.18830559604242714 0.6306531864963034 -0.42251771746321287 0.13658034141021624 0.5228219163511956 -0.4334272468169498 -0.07122502837927691 0.38437005515858313 0.23374977916383968 0.2719444023136881 0.0 0.0 0.0 15.0
125 -0.05332960699387823 0.07614963584200085 -0.060641752742411015 -0.02080309947139336 0.023083131966253 -0.04725152629286822 -0.027205862770812272 0.0420285477419704 -0.048241617934904446 0.20227023203574654 0.2810028291132139 0.0 0.0 0.0 5.0
246 -0.09102932639211547 -0.1514883050701199 -0.09767942904922267 -0.048158738467968476 -0.14602458721281852 -0.09278977158259638 -0.050919753121299705 -0.13855901542942528 -0.08645540957247666 0.1912357877958883 0.2074008653961391 0.0 0.0 0.0 6.0
126 0.3743974368394487 0.23691540230710295 0.1184087223963437 0.36908445074024043 0.1762673292967869 0.153211360980823 0.3792477692669525 0.18639918146373646 0.15362839469012668 0.20110474903120665 0.21084553952372512 0.0 0.0 0.0 8.0
247 0.07419406069402923 0.06096806132457422 0.028237037552114153 0.05717162747725735 0.03771410719119572 0.0016993115111101353 0.04769699958345264 0.04555341320800155 0.0075510836689329786 0.1677352666597253 0.29167512378074867 0.0 0.0 0.0 7.0
248 0.18831129150840686 0.0298583920654667 0.2335415758739825 0.08692267542432308 0.015425959841439685 0.21850836806497176 0.13353381216519633 0.010226351975184844 0.2266373836917237 0.18387098377995686 0.15789553507932186 0.0 0.0 0.0 8.0
249 -0.09344207901568347 -0.011258888592122762 -0.07762037532272081 -0.11774332207570715 -0.010352242165102443 -0.08421005455722397 -0.11014206779743418 -0.0007039227057095143 -0.0730519087550413 0.2613784334338325 0.23253566302728632 0.0 0.0 0.0 6.0
250 -0.11352043596051853 0.1493574084719047 -0.27436248974746125 -0.09355091233564028 0.1015170343618097 -0.28852475159969615 -0.0921135523798593 0.008839985257754979 -0.2061437084994865 0.22372361629384935 0.258495847344254 0.0 0.0 0.0 12.0
251 0.03698236842776015 0.028208779882009427 0.005770732075274898 0.025822306714576415 0.010497175887434596 -0.003391319228359446 0.022878109011544634 0.014445009469289838 -0.008948397345902803 0.19630858485585345 0.16685209644933363 0.0 0.0 0.0 6.0
252 0.08025597934486006 0.049175790420680876 0.03306592997252622 0.08352122958744945 0.029950441931999805 0.03387555576736467 0.069970046818006 0.016343189524032686 0.01713659164389214 0.1596633930961509 0.1488583646519532 0.0 0.0 0.0 6.0
435 -0.4242960077372042 -0.5824925491544986 -0.10959849756294515 -0.24207584886232603 0.7771430621966773 0.7806723255389187 -19.442231450580337 -134.07493691658394 -57.728096259399926 0.08522896772231096 0.18217442099437373 0.0 0.0 1.0 61.0
436 0.3551882208016659 0.42726753682422425 0.3226701210623284 0.3324969776717468 0.28458999288729436 0.20646412568332084 0.2852798137335557 0.2193276172953531 0.16218032725498044 0.1262046520478369 0.11114253133461528 0.0 0.0 0.0 6.0
437 0.046229339434193495 0.14897530049458574 0.020925447413947973 0.02045117143256414 0.05675154322489573 -0.05613741392564331 0.05074951947447914 0.051435990553525324 0.002498698183686532 0.16652922986068172 0.18057508266937966 0.0 0.0 0.0 8.0
438 -0.2278370908900349 0.17105744004942292 0.2983195747837244 -0.19948370433333962 0.20370209573131381 0.3104937681494244 -0.20211947503432115 0.14443054664423216 0.19866703522384976 0.17526960902339103 0.2988263422034772 0.0 0.0 0.0 6.0
