1001 NaN 1.0110420591329146 1.0193496285530848 1.0255521500020681
1251 NaN 1.0118646977743897 1.0208093320311298 1.0277986615594261
751 NaN 1.013857644242266 1.0240340472028095 1.0319255216844891
1 NaN 1.0091406987965301 1.0149849582742991 1.0190658355038564
1252 NaN 1.0120206560235796 1.0206791722329371 1.027081187095831
1751 NaN 1.0200136007389784 1.034566296330008 1.0456890504266616
501 NaN 1.0077969517672534 1.0133877307002268 1.0172725081594365
251 NaN 0.9965978442909074 0.9928470320938801 0.9890819333121401
752 NaN 1.01918482536376 1.0314606440672462 1.0399022412181458
1002 NaN 1.0069570745568284 1.0110974432234823 1.0133172334361755
1253 NaN 1.0124108121615527 1.0214585617278227 1.027983707472091
502 NaN 1.0119389448632987 1.0204099863171652 1.0264698779098553
1752 NaN 1.014774178831271 1.0259645022185988 1.0345626403268768
2 NaN 1.023878560350538 1.0428452911155786 1.05820667363537
503 NaN 1.0084928866299108 1.014871642331938 1.019633296500388
252 NaN 1.0131093384020418 1.0231564677307579 1.031240347403593
753 NaN 1.0105653988053476 1.0185145589414306 1.0245065851938224
504 NaN 1.0137111422902287 1.024478448544901 1.0329389075591031
754 NaN 1.0119371404493163 1.0214094140630827 1.0287996147834282
1003 NaN 1.011933233220717 1.0219714207888533 1.0299100953791291
755 NaN 1.0130636389779653 1.0227683024705763 1.0301463334019128
1254 NaN 1.0056591751917683 1.0090659833138813 1.0112707054362793
1004 NaN 1.0089837729456348 1.0153820725687792 1.0200847969058435
3 NaN 1.0112209170144373 1.0191522569716311 1.0250592079621235
1255 NaN 1.0108547423903251 1.0184837831061193 1.0240319336236476
756 NaN 1.0150509479697314 1.0273097479039017 1.0370783477224141
4 NaN 1.0131401464690004 1.023590974193162 1.0319997691153393
505 NaN 1.017726638165055 1.0309806376478878 1.041645841141284
1005 NaN 0.9979342899636667 0.9955354241410422 0.9929387950005092
1753 NaN 1.0174445319829706 1.035474104932443 1.0520758837414736
757 NaN 1.0115998024098123 1.0199683639580552 1.0260866832757898
253 NaN 1.0081054528770008 1.013759882254705 1.0176980018040562
506 NaN 1.0125806440590799 1.0216505744256275 1.0284143279727052
1256 NaN 1.0091587475773787 1.0145989165810982 1.0177861729291264
1006 NaN 1.0081260692786604 1.0136025109083675 1.01741767125875
1754 NaN 1.0116678291239232 1.020366961842099 1.0270447671189924
254 NaN 1.010430141760143 1.0181357139750429 1.0238464199389257
1501 NaN 1.0249110443964828 1.0493462762649985 1.0719329088156546
5 NaN 1.0079396715038074 1.0134580717789115 1.0179079025655908
1007 NaN 1.0115331842283144 1.020385608685908 1.027281999451367
1502 NaN 1.0112462491372773 1.0196133339693927 1.025875688121532
255 NaN 1.0109684553148104 1.019784907485343 1.0266854972373527
507 NaN 1.0095831467390595 1.0177119275367936 1.024500490851298
256 NaN 1.0103563016672736 1.0177483477810745 1.0231161498977046
1257 NaN 1.0086288251728914 1.0148392085382503 1.019576739925377
758 NaN 1.0051862363253903 1.007608099663527 1.0090254299232313
1755 NaN 1.0093935456031438 1.0172796607786965 1.023838082452316
1503 NaN 1.0054482694635172 1.008967804127662 1.011159461703924
1756 NaN 1.013842517515201 1.0230013152738608 1.0294197302087078
6 NaN 1.012156949059567 1.022297304036337 1.0307744716455514
1258 NaN 1.010809660217803 1.0187735301341576 1.024557298539713
508 NaN 1.015605568255708 1.0272926874180246 1.0361387923551926
257 NaN 1.0074975552309433 1.0122294979412987 1.0150305030701545
759 NaN 1.008575901654898 1.0151026000165015 1.020140085135232
1757 NaN 1.0073398450751785 1.0120469466274369 1.0149559505564036
7 NaN 1.0120942931003232 1.0206498670660167 1.0268394943281307
1259 NaN 1.006861224249009 1.012712136503241 1.0172706379579382
1758 NaN 1.012925750900311 1.0228792615633375 1.0306488140932073
1759 NaN 1.0136674807946575 1.0234742139673458 1.0306240657082448
1260 NaN 1.0111677651595203 1.0193550857556124 1.0254736503705153
760 NaN 1.010254710914947 1.018442205487618 1.024776760352334
509 NaN 1.0107331749933888 1.0191847617592433 1.0255159708395092
1008 NaN 1.0093876021921324 1.0133995949427361 1.0142444599203986
1504 NaN 1.014585944336574 1.0235516830135403 1.0292538470208736
1760 NaN 1.0082621857227194 1.0133522706013371 1.016516481595997
258 NaN 1.0048742671656221 1.0074297654790054 1.008296904698589
1505 NaN 1.0101007419778762 1.0184596622755984 1.0249668845419362
510 NaN 1.0135040448439716 1.0244623057931839 1.0332156532263534
8 NaN 1.013679551279624 1.0249695097069729 1.0343140381970615
1506 NaN 1.0079085349771415 1.0139873395369123 1.0185935107644544
1761 NaN 1.0233300502485667 1.0409619869345579 1.054817242909584
1009 NaN 1.0041100632198339 1.007259958108056 1.0096415286287745
761 NaN 1.0175667758188283 1.0314719270477501 1.0423846664220715
1507 NaN 1.0090762355226006 1.0143588004283082 1.01770857714712
1762 NaN 1.0099861398450314 1.016885532759511 1.0221133108710387
1508 NaN 1.0139713348808015 1.0249177744104094 1.0334867144028135
511 NaN 1.0104560604132689 1.0174478933395363 1.0223381818759076
762 NaN 1.0136422520278308 1.0237587568302342 1.0311988861489352
1763 NaN 1.009120918477718 1.0156676830427591 1.0203670469829493
9 NaN 1.0196372806394842 1.0340615564508702 1.0448591093939792
1261 NaN 0.9903663686683215 0.9847908722845408 0.9807748053060216
1010 NaN 1.0190563692447903 1.0339427168700481 1.046139969694213
10 NaN 1.0103660328931419 1.017491373982817 1.0226369644962277
1764 NaN 1.0090615176543567 1.0150504189187226 1.0190674910428847
259 NaN 1.021643659427412 1.0369277922677762 1.0483737950320924
512 NaN 1.01237385854061 1.021125670893949 1.0276465509244992
763 NaN 1.00976979522243 1.0164796259142184 1.0209903225927708
11 NaN 1.0144432335775182 1.024883323137929 1.03271823637963
1011 NaN 1.011866502140132 1.0205641729158128 1.026839297846595
1509 NaN 1.0125121737569396 1.0216740208526789 1.0285012598971508
1262 NaN 1.0072389684591567 1.011871176801995 1.0150068467066888
1765 NaN 1.0134502920960844 1.0233692108335144 1.0309558187855439
1510 NaN 1.0083610334489348 1.0143652821817266 1.0186770815321071
260 NaN 1.0207182407703774 1.0367346182831536 1.0494137517115394
1766 NaN 1.0115352466638594 1.0201805950707215 1.026624343297483
1012 NaN 1.0091343664405046 1.0159985999179915 1.0211127206879855
261 NaN 1.0150985863786604 1.0263786629307674 1.0350799655202259
1013 NaN 1.011117986598623 1.01928537437853 1.0252816722378157
12 NaN 1.0080447390443366 1.0105589566338717 1.010697259935918
764 NaN 1.0129073996737497 1.021374192079641 1.027305736888509
1511 NaN 1.0125227033684274 1.0218771761179577 1.0290045942205561
513 NaN 1.0080971136442705 1.0147335375555302 1.0201685281530668
1263 NaN 1.0209367332862733 1.0359403516732195 1.0471852426250763
1014 NaN 1.012474983148883 1.0221348903103917 1.029805862102772
1512 NaN 1.0136694882398063 1.0243355658493711 1.0328344335633874
13 NaN 1.008359723888857 1.0145653916910768 1.0191195177717487
765 NaN 1.0117705982850502 1.0203709622080306 1.0267904987869156
514 NaN 1.0135546497394163 1.0239995237575386 1.0321280969821636
1015 NaN 1.0100634603928822 1.017017926641501 1.0219124384435299
1767 NaN 1.018187785839579 1.0336293237824314 1.0464477861058916
14 NaN 1.0108033452088445 1.0188496236888036 1.0249992338386373
766 NaN 1.0091087706820812 1.0156419445422837 1.0201600769866115
1513 NaN 1.014229008687286 1.0248938662985911 1.0330424218399865
1264 NaN 1.0119747069263054 1.021519150754127 1.0290170542737476
15 NaN 1.00705416179863 1.0114742289802134 1.0142328206409021
262 NaN 1.0116910321188728 1.0200897885353355 1.0265431984527718
1768 NaN 1.0134750682455436 1.0240000652514025 1.032400156136279
1265 NaN 1.0117539065169983 1.0205365363431402 1.0271637587307942
767 NaN 1.0090011595715638 1.0158605394498184 1.0206745597345022
1016 NaN 1.0023140053233641 1.0005979580978732 0.9970071530599095
16 NaN 1.009971213015308 1.0173327312442462 1.022635798451034
1266 NaN 1.0092552438002262 1.0163935473081829 1.021865674802866
1514 NaN 1.0083115786703476 1.0142091798610255 1.0187750709491732
768 NaN 1.0151010161677725 1.0256681643873162 1.0333430482657182
263 NaN 0.999199818491679 0.9990803075382629 0.998838598678744
17 NaN 1.0157349148716281 1.0281008001552991 1.0377967886468886
515 NaN 1.001667468281643 1.0051330665528977 1.0082252499686672
1267 NaN 1.00902269029852 1.0154302854804795 1.0202568866762693
1515 NaN 1.0115446508122274 1.0198533112077022 1.0260417596666722
1017 NaN 1.0090373104101402 1.0161815781797172 1.0215754068035436
264 NaN 1.0124285780943487 1.02205917374348 1.0295027741444394
769 NaN 1.0110482544482358 1.0201509482032025 1.027365166432044
1769 NaN 1.0044945172005098 1.0087356780942514 1.0116984742264212
1268 NaN 1.0142028071325961 1.024199562900895 1.0316238198455354
18 NaN 1.005704089647262 1.0089438071205645 1.0107398822386813
1018 NaN 1.0113282130021812 1.0191456743795289 1.024493038704354
265 NaN 1.010450830175552 1.01834103180581 1.0243629753360943
1770 NaN 1.0138109029357165 1.024985573495378 1.0339571236111127
1771 NaN 1.012862088675522 1.023424087167997 1.0319409043421746
516 NaN 1.0132596990609812 1.0231397167978553 1.0306439311862325
1516 NaN 1.0019792933171014 1.0012390892075695 0.9992163357245065
19 NaN 1.0073595366676782 1.0114362459430195 1.0135346862688974
266 NaN 1.004588257592763 1.0067962745346704 1.007769380223187
1269 NaN 1.01109365095523 1.0172408510804958 1.020475815440947
770 NaN 1.0189395302759203 1.0329008520517127 1.0433933701583038
1270 NaN 1.013626116504702 1.0239124988661552 1.0318551490923995
1772 NaN 1.0104602822329007 1.0185019419068975 1.0246948388719306
1019 NaN 1.006022799384276 1.0093014511789469 1.0111336866419773
771 NaN 1.0100435710473934 1.016349912354548 1.0203778910246752
517 NaN 1.0113827201979009 1.02055023332597 1.0278774596700984
1271 NaN 1.0134247393461127 1.0230955202519028 1.0302625186654004
1773 NaN 1.0092989381515967 1.0156750416754972 1.0202506340946251
20 NaN 1.01160922604982 1.0198178120985408 1.0255305996311188
1020 NaN 1.0073266939795147 1.0118335119038218 1.0144951977344026
518 NaN 1.010696386011481 1.0188185551979558 1.0250342441989904
267 NaN 1.007895925879758 1.0142616387357812 1.0193648116859793
772 NaN 1.0101256687189315 1.0185237831717668 1.0254710289704823
1517 NaN 1.0050144775023258 1.0098291381195743 1.0141651790114896
1774 NaN 1.0044101831884436 1.0057438501213327 1.0056999165068556
1021 NaN 1.0072627141105592 1.0113857274764544 1.0136527402225792
773 NaN 1.0100931564225584 1.017421780378569 1.0225250868102387
21 NaN 1.0157729104582567 1.0274569870400445 1.036403120641404
1272 NaN 1.009235873390689 1.0162288648773463 1.0213311882315783
1273 NaN 1.0129377496301606 1.0228744851283131 1.0305809934107408
519 NaN 1.0150332693278792 1.0280035175222666 1.038974824847763
1518 NaN 1.005977144614213 1.0094028422793193 1.0117855400770792
1274 NaN 1.012644746634479 1.0217723802644654 1.0284026144566571
1775 NaN 1.0078856778881242 1.0117765730838886 1.0133164000290655
268 NaN 1.0179290931381457 1.03204488238215 1.0432757044894263
520 NaN 1.013208178446616 1.022776500052077 1.02961362740485
774 NaN 1.0078802323151044 1.0158191755378674 1.0225742239650353
1519 NaN 1.0103642435524198 1.0180610847545972 1.0239812770640098
22 NaN 1.0070822703382194 1.0118713334417297 1.0149017276160912
775 NaN 1.0116353171165808 1.02054854137985 1.0274868933456864
1022 NaN 1.0075300044353175 1.0121995389031564 1.0148659017203716
269 NaN 1.0106436644359005 1.018652268866787 1.024663036583804
1275 NaN 1.008054061034758 1.0126452819413274 1.0151066774307098
1520 NaN 1.0132724148745829 1.0229077897693446 1.0299806550033757
1776 NaN 1.0094154434425635 1.0163385374471725 1.0215686550808762
1023 NaN 1.002895138922821 1.0040600784781244 1.0041579031914873
1521 NaN 1.0110217921861915 1.019271994754254 1.0255680774555722
521 NaN 1.003714691722885 1.0056493924452705 1.0064309173582617
270 NaN 1.0105073500411133 1.018327814068886 1.0241249905525236
1777 NaN 1.0077051860155295 1.0130520483254897 1.0168221853232828
776 NaN 1.0116992798937028 1.0203281976978358 1.0266308635328514
1778 NaN 1.008916308676374 1.0156265190298872 1.0206378213942566
23 NaN 1.0172590535888644 1.0307837579225674 1.0411628115739948
1522 NaN 1.0084527141445783 1.0142048493485463 1.0179880810334565
522 NaN 1.0133391578919837 1.0244565921256492 1.033493357698307
1276 NaN 1.0120981463447731 1.0225600489580844 1.03141985949017
1024 NaN 1.0171500311467534 1.0308026555798888 1.0420037937326772
271 NaN 1.0103536431633284 1.0191214636628614 1.0261551557409625
777 NaN 1.0119989711614186 1.0205643270456533 1.0265917744431452
24 NaN 0.9998562086683541 0.9984986145736982 0.9966140941163899
1523 NaN 1.0071168602351805 1.0116397866775584 1.014487897256556
1277 NaN 1.014578127181484 1.0254658324276154 1.0339202783485524
272 NaN 1.011978627367684 1.0207793890801091 1.0274348723864026
1524 NaN 1.00974853096138 1.0168885643201606 1.0221253884934673
778 NaN 1.0093267453148176 1.0171547089744772 1.0235246735054329
25 NaN 1.0087658553599204 1.0148705506515416 1.0191889401818117
1779 NaN 1.0176457511646806 1.0315556058901085 1.0425779435980433
1525 NaN 1.0088978313014685 1.0152964034258458 1.0198054015502604
779 NaN 1.0124358469021781 1.0220729504622026 1.0296291088027014
523 NaN 1.0164408751643914 1.0289949632032518 1.0389669370704142
1025 NaN 1.0203743695276646 1.0373639650788318 1.0515765917675126
1780 NaN 1.011498398743114 1.0203532326401792 1.0271440662867626
1026 NaN 1.0148634025379455 1.0259388260822022 1.0343037378767164
273 NaN 1.0115763383066436 1.020738418001773 1.0279013314037058
26 NaN 1.0013404874579115 1.0006817642492647 0.9987128045465556
780 NaN 1.0118759103655977 1.0204345327097235 1.02668432587037
1027 NaN 1.010283373455194 1.017927039821014 1.0236132019393684
1278 NaN 1.0198426239223912 1.034790289758746 1.04629525046993
274 NaN 1.0108777294593954 1.019163113995217 1.0255789728110796
1526 NaN 1.0154898609503407 1.0272901932718872 1.036387636363625
27 NaN 1.0082209487519345 1.0138859851345137 1.0177588621072797
1279 NaN 1.0126572555993547 1.0221928864116203 1.0295478695540723
1028 NaN 1.0163423816086155 1.0286234160493823 1.0380890494529145
1527 NaN 1.0113965628543315 1.019697589163784 1.0258024827809702
524 NaN 1.0098940185965022 1.0172247298595556 1.0228496081262313
781 NaN 1.0047284828613576 1.0071912258496278 1.0081849720213036
1029 NaN 1.0152071558048936 1.0271345998603947 1.0365616571332157
275 NaN 1.0090037161481573 1.0153056902464825 1.0197102718452176
28 NaN 1.0086660101439913 1.0150804411155283 1.0198720833000354
1781 NaN 0.9991141902906618 0.9983143015123136 0.9974778933115894
525 NaN 1.0138270952534416 1.0227978449718087 1.028864157873252
782 NaN 1.0142726089392584 1.0253603336232087 1.0341015472364146
276 NaN 1.0126238531777905 1.0223873997436648 1.0299625186458734
29 NaN 1.0047898377178464 1.0087054171827592 1.0115794916341323
1280 NaN 1.0111564222952794 1.01877624129089 1.0238900724111646
1528 NaN 1.0104155673718103 1.0192063387973147 1.026001038677543
1782 NaN 1.0115289302919916 1.0199458709933842 1.0263401664331295
277 NaN 1.0100307279369312 1.0175563917039445 1.023167850769195
783 NaN 1.0115053051764114 1.0194535960953075 1.0250368452221001
1030 NaN 1.009594405568186 1.0170354800307961 1.022903179688003
30 NaN 1.0071005565509796 1.011696217350046 1.0146679550832682
1281 NaN 1.010787147190301 1.0184985993490387 1.0239805872057275
1783 NaN 1.01711170202971 1.0301694424585364 1.040406349245126
526 NaN 1.0131877230614295 1.0246177243009325 1.0338807174252354
1784 NaN 1.01289021523908 1.023083368022981 1.0311687013078736
784 NaN 1.0071144445146338 1.0127329168948116 1.0168501101147862
1282 NaN 1.0090223728069845 1.0154283377196782 1.0198434924893043
31 NaN 1.0125073702358227 1.0212419440405758 1.0274685686823748
527 NaN 1.0089350843844942 1.0150954182268925 1.0193744189491825
1529 NaN 1.006282043172445 1.0100984107949382 1.0125543503564554
1031 NaN 1.016850464315121 1.0282638952681087 1.0364417717171606
1283 NaN 1.0094831390840813 1.0173841907542003 1.0240406179137331
1785 NaN 1.0109692437191538 1.0191354307734533 1.0252099997973332
32 NaN 1.0100409294511077 1.0174208277803756 1.0227145335363677
1530 NaN 1.0111689978625313 1.0193047827015917 1.0252532389010272
1284 NaN 1.009024658780419 1.0156281771968654 1.0204570089616742
33 NaN 1.012068953321095 1.0209275866391236 1.0274279180360262
528 NaN 1.0129655608708596 1.0232023275723205 1.0311909168681546
785 NaN 1.0092548363956702 1.016511608317715 1.022020355122123
34 NaN 1.00850057929874 1.0146430886899362 1.0190806042325071
1285 NaN 1.009983211339158 1.0176839241386113 1.0234908989954161
786 NaN 1.00697429366533 1.0118391437709178 1.0153274489180457
1032 NaN 1.0160804835681367 1.0291053474560763 1.0394884556761308
278 NaN 1.0149384129337446 1.0268332365230284 1.0365460631645642
1786 NaN 1.0136375741607768 1.0240181513175204 1.0319221067262168
1286 NaN 1.0124373169306369 1.022285445449109 1.0300629809336728
529 NaN 1.0104547909764512 1.0186583438517782 1.0250730295959696
279 NaN 1.0099416489098334 1.0170735103166002 1.0222861853586105
787 NaN 1.008080271363034 1.0125764230304821 1.0151160306802989
1787 NaN 1.0075934062564482 1.0132651519249702 1.0173493883406912
530 NaN 1.0094764337567113 1.0165825232482202 1.0216372864826082
788 NaN 1.010085446102732 1.0171250041490512 1.0220164454458436
280 NaN 1.0076566238007603 1.0131122643528843 1.016762033590773
1287 NaN 1.016013524971938 1.0296611361414965 1.040981616191108
1788 NaN 1.0077409127587842 1.012786762248018 1.0160994966830408
35 NaN 1.0234105694614277 1.042221555659146 1.0578482251430266
531 NaN 1.0106461848976744 1.0178931265827762 1.0230511477280217
281 NaN 1.0080707926331733 1.014660918375665 1.0199296100022284
1288 NaN 1.005966587808353 1.0092976722959777 1.0108460451175045
36 NaN 1.0097351703300823 1.0167809917062154 1.021704257608684
789 NaN 1.0145581331886877 1.025973018315849 1.034873486771446
282 NaN 1.0098717138108828 1.017424306846205 1.0232470582274724
1033 NaN 1.025014832255232 1.0469895253670636 1.0660769827929455
1789 NaN 1.010393927864858 1.0181636771693 1.024025768620655
790 NaN 1.0125615227192737 1.0217060906167623 1.0285263349771019
1289 NaN 1.0127507903051403 1.0220961520458605 1.029167228082082
37 NaN 1.005308144164247 1.0087838827819386 1.0109329491841537
532 NaN 1.012052692544277 1.0218323576766568 1.029734632566018
283 NaN 1.0136057108697536 1.024045117540814 1.0322938277186764
791 NaN 1.0109287753548724 1.0194929636358825 1.0262715868020895
1034 NaN 1.0119300683711352 1.0213481902293082 1.0287399703784024
38 NaN 1.0097752560404167 1.0166109737368216 1.0215315271411824
533 NaN 1.0071266296144765 1.0113810334514766 1.0137529335404603
792 NaN 1.0099435546008158 1.0174809381011745 1.0232458013356616
1531 NaN 1.0372515489020295 1.0640964404347666 1.0839625000468533
39 NaN 1.0118511340246124 1.0212511100535253 1.0286092961693347
284 NaN 1.0101442559537772 1.0166327150526413 1.0211106188095251
793 NaN 1.0160305637897906 1.0294093705608864 1.0404561611021677
1035 NaN 1.0125146308773914 1.0221812708302336 1.0293447987613593
1532 NaN 1.0039423300920982 1.005978290288264 1.0069420964825047
794 NaN 1.0104018461165367 1.0176280379495461 1.0228033580261047
285 NaN 1.0112204874889958 1.0188286729542304 1.0238501987806772
1290 NaN 1.0029598312592236 1.0033986800484271 1.0024606133251759
1790 NaN 1.0033481304076015 1.0046261660988176 1.004953212388996
40 NaN 1.0137214592742967 1.0233153261534589 1.03060136999019
1533 NaN 1.0110120294356921 1.0192337736349133 1.0255905482929575
286 NaN 1.0049416685777934 1.0081865019263847 1.0104857846009598
1291 NaN 1.0150380306095181 1.0268646395306744 1.0362555215766962
41 NaN 1.0074293707251167 1.012379526822302 1.0157660290395873
1534 NaN 1.0103579142446641 1.0178215860436115 1.023244249414554
1791 NaN 1.004646318665841 1.0068215740664386 1.0075521886873102
42 NaN 1.0087762780347271 1.0144557429966332 1.0182087787474343
534 NaN 1.0170959052175854 1.0277433535146772 1.0354021338781045
1535 NaN 1.0085918163015875 1.014559196536841 1.0188125153513274
1792 NaN 1.012919925586709 1.0227089163921048 1.0301852479950282
1036 NaN 1.0123044698379484 1.0205183231753692 1.025757834058376
43 NaN 1.013696860295899 1.024350737328992 1.0327326665364522
44 NaN 1.0105375207357015 1.0180719773223499 1.0235192720606823
1793 NaN 1.011050074801704 1.019744151055311 1.0266052228412463
535 NaN 1.0024524250232554 1.0038854569498428 1.0045555498250507
287 NaN 1.0081780953541066 1.014705714865435 1.0195022890572165
795 NaN 1.0086894897679963 1.0136866588240603 1.01652020368446
1292 NaN 1.0187737558290701 1.0335677683141913 1.0452760277520843
1536 NaN 1.0157753647936176 1.0291737222927655 1.0402174483383797
288 NaN 1.009831107211416 1.0168820806290495 1.022100974540553
1293 NaN 1.01591501891136 1.0289919638975522 1.0397303624396932
45 NaN 1.0116228714835873 1.0205472502898647 1.0275366257158682
1037 NaN 1.0063980727358575 1.009835219048239 1.0121234660044403
1794 NaN 1.013363072011772 1.0235861093759726 1.0318733499845043
289 NaN 1.0176254075142195 1.0314279394848536 1.042372507044854
796 NaN 1.0047389305456595 1.0090944012583578 1.0123624649552017
1537 NaN 1.0158784851339526 1.0280464611569864 1.037541862156913
1294 NaN 1.009684206167991 1.0168281737368816 1.022110858152642
46 NaN 1.0150006412482306 1.0264998142536548 1.0354512579893023
1795 NaN 1.0154038198670106 1.0274729582618585 1.0369590404098308
1538 NaN 1.0124079412953713 1.0219979497171847 1.0294784815203049
797 NaN 1.01079924562447 1.0191272923655383 1.0254115548146798
290 NaN 1.0118256108079768 1.021523904056472 1.029344603381356
536 NaN 1.019392864430964 1.0356584879129103 1.0495867020673273
798 NaN 1.0125075029726978 1.0218358286286884 1.0289438678541856
1038 NaN 1.009360125484023 1.0156572837354931 1.0201098862894136
1796 NaN 1.0117486343886635 1.0199558428650175 1.0258150190360387
47 NaN 1.0033676038156236 1.0057585668928641 1.0071745605775526
799 NaN 1.0096803134321943 1.0172696123594627 1.0232117316828946
1539 NaN 1.022466158609805 1.0391049760377928 1.052025911512457
291 NaN 1.0118689631859674 1.0212533595804387 1.028822481597096
48 NaN 1.0136738612918885 1.0245006758802175 1.0331253702660843
1797 NaN 1.0109669143777291 1.0188940388286072 1.0248809462594244
1039 NaN 1.0128011700252448 1.0226637511429115 1.03033873811
537 NaN 1.0063347732736325 1.010621834239291 1.0135968391888333
800 NaN 1.012333665213309 1.0208898999230713 1.0268372409944186
1040 NaN 1.0066767344717853 1.0114990195886604 1.0148788315562534
49 NaN 1.0098035176154054 1.0167951669587842 1.0219367458481612
538 NaN 1.0104491812115668 1.0182319999749674 1.0240942702124787
1798 NaN 1.0144211877778446 1.0255877519793617 1.0343033912454405
292 NaN 1.001881854025434 1.0033702982475856 1.004115647615686
1799 NaN 1.0120617994583938 1.0211408671194182 1.0280769509834895
539 NaN 1.014165770694547 1.0256711673337002 1.0349884583888311
801 NaN 1.004958171967968 1.0077050043983025 1.0089852214705006
1800 NaN 1.0077889214069278 1.0136240407265922 1.0179399302306866
50 NaN 1.0147588683418574 1.0257395917461287 1.0341194325743872
802 NaN 1.0093944678676525 1.0165208324732533 1.0218651118526068
1540 NaN 1.0085523273975505 1.0121346945252503 1.0127025264790506
293 NaN 1.012626888599262 1.0211241217369071 1.0270024693379045
1295 NaN 1.007502388952888 1.0150308243856123 1.0215508572180712
1801 NaN 1.0099643720328422 1.0173824456492753 1.022989154187591
1041 NaN 1.0127425066878895 1.0213000443642826 1.0270757601232985
1541 NaN 1.0127595199078498 1.0227901432767608 1.030754478721302
803 NaN 1.0107504251319892 1.0185182295862245 1.0244059743908152
294 NaN 1.0116202973086132 1.019381661373477 1.0245242375063393
540 NaN 1.001850222385569 1.001629007830102 0.9999999219118478
1802 NaN 1.014075257134515 1.0256786325941163 1.0350351332722707
51 NaN 1.013640582939837 1.022983375865568 1.0297460861047893
1042 NaN 1.01256305971113 1.0203123003972188 1.0251787681668403
1296 NaN 1.0111618246259377 1.0178999785217748 1.0221407561380669
1542 NaN 1.0141679422296048 1.0261482884535051 1.0361929282316515
52 NaN 1.0147735692080795 1.0253917381290594 1.0335872372389068
541 NaN 1.011730380360433 1.0208985775399437 1.0283925515845753
1803 NaN 1.0098541566877477 1.0165244567039486 1.0208833132537183
1297 NaN 1.0100520339856203 1.0177542337600964 1.0236659401607033
295 NaN 1.0191835673314573 1.035072479956957 1.047837982899612
542 NaN 1.0127187975035807 1.0221187000474947 1.029319461533353
1543 NaN 1.0123311548992635 1.0216559476606306 1.028955228144296
1804 NaN 1.0113161273832851 1.0194669682628115 1.0254022615671985
296 NaN 1.01036546785203 1.0182131015583116 1.0242313410505182
804 NaN 1.0117343656790405 1.02031308900223 1.02681716019124
1805 NaN 1.0098897209861655 1.0165893914102888 1.021150570687271
1043 NaN 1.0151832837704782 1.0254398415445616 1.032815520818661
1544 NaN 1.014633189180364 1.0265173153293086 1.0359869519432825
543 NaN 1.0146717327224863 1.0250045460906854 1.0325837535083027
1044 NaN 1.0117764290089168 1.0203155729041369 1.0266081042387283
805 NaN 1.0070597496329103 1.0113822928936727 1.0140085466391042
53 NaN 1.0136684544513812 1.0250634836705836 1.034035555153166
1545 NaN 1.0158637481947437 1.0279377884490701 1.0371998309015413
1806 NaN 1.006002636465044 1.0103454899027238 1.0130158108990632
1298 NaN 1.0229270053274637 1.0420978872411877 1.0579829679962776
806 NaN 1.0104105823919316 1.0184855590932032 1.0248500729530763
544 NaN 1.0145503942834566 1.026247165895175 1.0354774301435814
54 NaN 1.0147938238016518 1.025346083497225 1.0331047707290877
1546 NaN 1.0106634052767272 1.018085925854649 1.0233024476960797
1045 NaN 1.0159756423739532 1.0274416392216412 1.0358037071596724
297 NaN 1.0058664314571613 1.0097133713165658 1.0123883459238787
807 NaN 1.0070493687850792 1.011513468687067 1.0141744200945433
1299 NaN 1.0155050792785256 1.027051139672621 1.0360145600393615
55 NaN 1.0110205384394086 1.0196129859407475 1.0261754778104595
1046 NaN 1.0088288626316957 1.015236665135419 1.0197535283147123
545 NaN 1.0130941803707605 1.0226862006092239 1.0297407463571309
1547 NaN 1.0110533584951236 1.0187881142379809 1.024341303006246
1807 NaN 1.006746277232882 1.010422636967094 1.011919682197843
808 NaN 1.0142679303306408 1.0250212705347777 1.0333465943115974
546 NaN 1.0108449422930261 1.0186852648420675 1.0245558429044987
298 NaN 1.0127229687769916 1.0240373053510123 1.0337780702321144
1047 NaN 1.00885128716384 1.0147262320828432 1.018436477205707
809 NaN 1.008535876049259 1.014901478146517 1.019610335612033
1300 NaN 1.0077567170353072 1.0123121895178824 1.014873426818633
1548 NaN 1.0075548620331263 1.0137920450663571 1.0188313607606319
547 NaN 1.014346727856111 1.0253750895456635 1.0341015131131965
810 NaN 1.0123696393448738 1.0216539770580984 1.0287424125282634
56 NaN 1.0155831811281102 1.0273961670075384 1.0361698581180794
1048 NaN 1.009866477635217 1.0172971044753267 1.0228993411252643
1808 NaN 1.0090614403496982 1.016381291762723 1.0219231876419288
299 NaN 1.0123162137504986 1.0222126847633606 1.0300496294102495
811 NaN 1.0070410047678333 1.0118762179598013 1.0152719080475907
548 NaN 1.013943630815374 1.0240155902843364 1.0313940940686273
57 NaN 1.0112559319295795 1.0194692993284449 1.0256284198430416
1809 NaN 1.0195040654433942 1.034368021989186 1.0459655320155725
1301 NaN 1.0189489081706675 1.0331800967678095 1.0439057836730095
300 NaN 1.0042394359795037 1.0050898580120233 1.0041107123448267
58 NaN 1.0155749677566417 1.028080342767561 1.038174695308403
812 NaN 1.0035188895416796 1.0065515096873503 1.0090656484752576
1810 NaN 1.009724748713805 1.0172587092659537 1.0230252596155343
1302 NaN 1.012245967021894 1.0218782113183502 1.0292351525844357
549 NaN 1.0182685477405462 1.0341428084609803 1.0475535687324773
1549 NaN 1.0100064510158286 1.015924424881608 1.0195125958000382
1811 NaN 1.0163444285675152 1.0293483514026918 1.0400495103657266
59 NaN 1.013170462788741 1.0233539728793852 1.031483679849666
550 NaN 1.0089949255123813 1.0168305826184874 1.0233629047134847
301 NaN 1.007883764452075 1.0122234229051912 1.0146425213212
1303 NaN 1.0324895299059225 1.0593173673982896 1.08208889396836
1550 NaN 1.0145651399698918 1.0263435764759556 1.0356938539880478
551 NaN 1.0137408724202999 1.0242857003145942 1.0324941380015877
1551 NaN 1.0073707622110002 1.011937922519088 1.0149122827741437
302 NaN 1.0185512202820866 1.0309159263782421 1.0395911543569523
1552 NaN 1.0093770621059137 1.0163989002775475 1.0213762393332697
1304 NaN 1.011451471835768 1.0203535137584723 1.027109980864849
813 NaN 1.040097399083141 1.0734692494581806 1.1013298381064338
1049 NaN 1.0055934548277314 1.0119602181279932 1.017184323876042
814 NaN 1.0122605292817097 1.021810793643597 1.0292444814988473
1553 NaN 1.0126031055637046 1.0222017978033924 1.0297980784606107
552 NaN 1.0151915333213586 1.0254336259500092 1.0326579622046248
60 NaN 1.0049482839891752 1.008742024966964 1.011395963958345
303 NaN 1.0074303267386813 1.012681645312838 1.0165043828436875
1812 NaN 1.0184623108770505 1.0343713581749472 1.047055688723148
1050 NaN 1.0069520301983106 1.0117088554348026 1.0149158967094343
1813 NaN 1.0090740223651766 1.0163108259090625 1.0220088150724316
553 NaN 1.0114652849513628 1.0205496226735522 1.0277368171552674
815 NaN 1.0095704062331783 1.0169286279261023 1.022811959462488
1051 NaN 1.009522301870689 1.0164576771574005 1.0215086365234285
1554 NaN 1.0059953859349038 1.0099120590591757 1.0123451986737202
61 NaN 1.0126591477222908 1.0223893839007354 1.0299687138750302
816 NaN 1.0064351163721041 1.0109646391225313 1.014231091629539
1814 NaN 1.0122800633818465 1.0209048605410067 1.027149131268095
62 NaN 1.0116356529679116 1.0195265295636855 1.0252302378291716
1305 NaN 1.0133292868390331 1.0239283249371065 1.0328868168950798
1052 NaN 1.013966041412538 1.0248831514931027 1.0335477169028542
1555 NaN 1.0121135294863899 1.0196699363577093 1.0245545583110003
554 NaN 1.0122390631487792 1.0210499639215265 1.0274613769532612
1306 NaN 1.0084218213432434 1.0133645850741273 1.0162347863724004
1053 NaN 1.0125320013067018 1.0209485003886003 1.026675152273268
555 NaN 1.0131144700694132 1.0234375304212082 1.031362113039522
1815 NaN 1.0048099819305336 1.0074352700053077 1.0088592512979586
1307 NaN 1.0112504907910247 1.0196865948554188 1.0261502979446506
817 NaN 1.01066843380046 1.0195960207440906 1.0271527929275117
1054 NaN 1.0125881483811892 1.0220678342120588 1.029286679982672
63 NaN 1.0117409749439632 1.0216424614803257 1.0298373408257933
556 NaN 0.9979718329731798 0.9961110442840215 0.9941744631395263
1816 NaN 1.00803055625115 1.0139592150139394 1.0183693849615247
1308 NaN 1.0113213152006928 1.0197704764100084 1.0261211841402669
64 NaN 1.0123740417554319 1.0222241754942596 1.0299048812840603
1556 NaN 1.0214988388500006 1.038629280665578 1.052351104631284
1055 NaN 1.0144983396268756 1.0258722373187092 1.0349274344487802
1817 NaN 1.0083968267761154 1.0144308933241786 1.018751978986225
65 NaN 1.0117546599816698 1.0205022031373705 1.0270773520238163
557 NaN 1.0145461628743813 1.0265037187532429 1.036053547367154
818 NaN 1.01117220715078 1.0202180877613443 1.0275200081957352
1557 NaN 1.0079803193047403 1.0139364672231777 1.0183183290348394
1309 NaN 1.0079167240220581 1.0146498533291841 1.0197964337463647
304 NaN 1.029868074819938 1.0564316282113289 1.0793853472964017
819 NaN 1.0105445680062093 1.0181278384119428 1.0238044167681375
1056 NaN 1.008227979265433 1.013518353631463 1.0168271230278982
1818 NaN 1.0069317410610228 1.010947408824856 1.0131003496910769
305 NaN 1.0092060025504868 1.016203752029319 1.0214290789168838
1310 NaN 1.0123876895698638 1.0214941010622964 1.028248596165333
1057 NaN 1.013602932953256 1.0238049394634985 1.0316410224722443
66 NaN 1.005055800669312 1.0073842006218046 1.0083904341915135
558 NaN 1.0083333442412845 1.0137079861894753 1.0173892326599239
1311 NaN 1.00876644411771 1.0152490542417194 1.0201410381151477
1819 NaN 1.0111875270908173 1.019480717298896 1.0256229293237389
67 NaN 1.0133485612422586 1.0232921704764946 1.0308299241560137
1312 NaN 1.0112827127934536 1.0197895027341126 1.0263136602094463
1820 NaN 1.0086429978684406 1.0149619930375007 1.0195994237829997
559 NaN 1.01315665098493 1.0228604951546034 1.0300888175275704
306 NaN 1.0128930504661053 1.0223561286360037 1.0295182117004826
820 NaN 1.0231362991496837 1.0411807361439092 1.0553958757615933
1313 NaN 1.0134284862965448 1.0234297858265067 1.0310138800941326
1821 NaN 1.0080106040190255 1.0141467852201003 1.0188596946848754
1558 NaN 1.0156153367500738 1.0260157068081994 1.0330502276355753
821 NaN 1.0155982293984127 1.0276182080181036 1.0368395401832389
307 NaN 1.0131294585660346 1.0229498428967996 1.0303054702630827
1058 NaN 1.0041951569044534 1.0068948795083994 1.0085950887339146
822 NaN 1.007448342129608 1.0132839736009405 1.01786180784719
560 NaN 1.0122600543304772 1.02360534414456 1.0332825560078598
308 NaN 1.0057164400013179 1.0093965591023184 1.0117346294689982
68 NaN 1.01556850074727 1.0279448037029058 1.0375205849623295
1822 NaN 1.0061377967039666 1.0109754866648244 1.0143377827814486
1059 NaN 1.005963110300229 1.0093999275407135 1.0112564344729038
309 NaN 1.0120910290924336 1.0205825708205365 1.0266917113346261
1823 NaN 1.0100784489853725 1.0169222121649788 1.0217577278005427
823 NaN 1.0076422743336535 1.0119405138544326 1.013916861721393
1314 NaN 1.004149130871137 1.0045920401668889 1.0033494515705508
310 NaN 1.0091262028914194 1.0159663305655875 1.021158709437626
69 NaN 1.006039382377047 1.0110177219640162 1.014984797204408
561 NaN 1.00454276182393 1.008277703519225 1.0109281298815
1559 NaN 1.036676182959057 1.0646367285644769 1.0866341614604862
1060 NaN 1.0059367926936058 1.0107921437436564 1.0147931014445295
1824 NaN 1.0028945683847197 1.0044934683524303 1.0050470463020755
311 NaN 1.018510269313942 1.0333162369812048 1.045496445509675
1315 NaN 1.0075605053956935 1.013369814450309 1.017759289294731
1061 NaN 1.0089450729030744 1.0155966639540284 1.0205870270483308
562 NaN 1.0168272988775628 1.0304737643592847 1.0416139093173644
824 NaN 1.013605682928271 1.0253986014103718 1.0347600405092536
1825 NaN 1.01069311882174 1.01921997474392 1.0258815737564355
70 NaN 1.0036379635711203 1.0050683155303903 1.0053933409246918
1062 NaN 1.011366769229926 1.0201721154748262 1.0269792434557938
1316 NaN 1.0088991164089243 1.0162026440911343 1.021982370712988
1063 NaN 1.0162121450141062 1.0296039869031401 1.0405193757157958
71 NaN 1.0085635585691182 1.0148392082619486 1.0195667234533212
1317 NaN 1.0117461134929489 1.0206278035352814 1.0275843716877782
563 NaN 1.0035493353748564 1.0052167636206852 1.005634836853577
1064 NaN 1.0071636739325727 1.0121490806712798 1.0157414559709037
825 NaN 1.005675059343176 1.0109992571314952 1.0152264929714523
72 NaN 1.0116003299424985 1.0207009775674776 1.0278247589290153
312 NaN 1.013345464241893 1.0237668161817155 1.0313290579963676
1065 NaN 1.0093886407063049 1.015150098214009 1.0189594182075656
1826 NaN 1.0076007009729537 1.0125652874177669 1.0157717683970942
826 NaN 1.0127187766475116 1.0228185026807828 1.0309375630266078
564 NaN 1.0136280486305276 1.0230249256266388 1.0294456062067816
1827 NaN 1.0100553394318257 1.01731998830444 1.0226736192997645
1318 NaN 1.0002713033352708 0.9993285221730899 0.9975587118546916
313 NaN 1.0120338514141547 1.0199784038655775 1.025419120153724
1560 NaN 1.0237265029621307 1.0398218954616543 1.0507391643009452
314 NaN 1.0110162758179568 1.0192110187607286 1.0253547656265463
1319 NaN 1.0098565834426163 1.0171782292663547 1.0228481926644701
827 NaN 1.0102507138317351 1.0178570208681301 1.0235189930505133
1561 NaN 1.0074084785581732 1.0125709383503148 1.0161366283011926
1828 NaN 1.0086079663127958 1.0146748789471116 1.0191065022665098
315 NaN 1.0146382758854386 1.026155304928486 1.0351203296416152
73 NaN 1.0113450834082296 1.017373286872115 1.0202550138725222
1562 NaN 1.0087624032064637 1.0146874007131321 1.0187827978818278
1066 NaN 1.0231260738303656 1.0442875627792725 1.0628045821056935
1563 NaN 1.0112920530125071 1.0197565435956466 1.0262909663743152
1067 NaN 1.0085120095471574 1.0145322181546201 1.018884554831663
74 NaN 1.010728376389554 1.0200429794465475 1.0276678169403328
565 NaN 1.0122787720626507 1.0233276928820207 1.032534371613422
1320 NaN 1.0203837929611406 1.0348067307556286 1.0453249545187382
1068 NaN 1.009601220987169 1.0167889763952045 1.0222274719342208
566 NaN 1.0109492463405056 1.0194029772367643 1.0259128180817096
75 NaN 1.0083230993904373 1.014026877836548 1.018051636482303
1321 NaN 1.0115632549009776 1.0201863243329425 1.0266624860906524
828 NaN 1.0206883975579282 1.0373226018172956 1.0504017119052869
1564 NaN 1.011267849864024 1.0192488329525788 1.0251273293009235
316 NaN 1.0176906903476015 1.0302728521324749 1.0396929881122259
567 NaN 1.007631799910496 1.0131257743133684 1.0170219528947044
1322 NaN 1.0135047196585887 1.0239712480779501 1.032058115631274
317 NaN 1.0118349354804583 1.0207929801167896 1.0276139087319927
76 NaN 1.0116705419971137 1.0202474766405276 1.0268585819671865
1565 NaN 1.0121689260129418 1.0221240490430517 1.0301155978091079
1069 NaN 1.0104409606448115 1.0174729138505025 1.0224551986796055
1829 NaN 1.0089179191737323 1.016607089654151 1.0224111617722036
1323 NaN 1.010198960350638 1.0174497290539322 1.0227849618106826
77 NaN 1.0084422222467553 1.014888777613865 1.0198222163872084
1566 NaN 1.0104240251476966 1.01833634761955 1.0243736416664841
78 NaN 1.0123806706177092 1.0218515888114372 1.0293613780247823
1830 NaN 1.015033744596066 1.027463985501677 1.0374997351052768
1070 NaN 1.0067765786331766 1.0119147956274457 1.0157718173687234
568 NaN 1.0078379367923411 1.0123814952716654 1.01498728943177
318 NaN 1.006301047529286 1.0089162379132142 1.0095788797419916
1567 NaN 1.006171788964456 1.011025368674477 1.01484529918119
79 NaN 1.011438775835528 1.0203736078550354 1.0272726978098998
1831 NaN 1.009911329640395 1.0172481440983983 1.022701931693212
829 NaN 1.0220688459723204 1.0386527863247232 1.0510155507215624
1832 NaN 1.0130813533092846 1.0233368653101476 1.0315648562387956
1071 NaN 1.00653620511765 1.0116070765850962 1.0154428034419407
1568 NaN 1.004186423035869 1.006129559470351 1.006971542427798
569 NaN 1.0128778095279258 1.020271320942492 1.0244088030332654
1072 NaN 1.0091668789673751 1.01508523839192 1.0188476598587701
1324 NaN 1.012616272165372 1.0200274755232512 1.0245102028813724
319 NaN 1.0114593572393415 1.0196136146655173 1.0256961828831985
80 NaN 1.016744496379304 1.0290131849703734 1.0381211728620634
570 NaN 1.0107546346002767 1.018816475793462 1.0247035156407305
320 NaN 1.0099836463716483 1.0170972704804773 1.022257113192414
1833 NaN 1.0108418830416261 1.0180744427775614 1.023102792999813
830 NaN 1.0034827143208196 1.0061595095564715 1.0078953056082836
1569 NaN 1.019904661341292 1.0356299050643638 1.048339729222781
1325 NaN 1.0073795107482943 1.0122868128477853 1.0156435118948937
81 NaN 1.0101850337187748 1.0178993514368364 1.0238281213470262
571 NaN 1.010711008165992 1.0181398836368512 1.0234122707878432
1073 NaN 1.0097160563256604 1.0165204897358262 1.0212215386200048
1570 NaN 1.0093170830652816 1.0163021022560885 1.0215705867273854
321 NaN 1.0095946572661625 1.0167497972582757 1.0222203660799916
831 NaN 1.0106215302912094 1.0184343278292856 1.0241408501617724
82 NaN 1.0138682628327866 1.024348810596571 1.0324186614650843
1834 NaN 1.010156628112112 1.0176296348755172 1.0232824782470442
1074 NaN 1.0137707519553738 1.0235952032288962 1.0307746241745517
1326 NaN 1.009513463705748 1.0167740539819492 1.022189702569177
572 NaN 1.0155926312335675 1.0283951775219846 1.0386222511893108
1571 NaN 1.0055970250073598 1.0092387436006696 1.0114743386941685
83 NaN 1.0116896766532866 1.019249642507644 1.0243288438163485
1327 NaN 1.0123570144397198 1.022215887305413 1.0300881414690553
1835 NaN 1.006103004129056 1.0098008150683704 1.0119292840077787
832 NaN 1.0104655499595885 1.0186154844133417 1.0248394864442623
322 NaN 1.007239456672967 1.0107179551646877 1.012237517254176
1075 NaN 1.008929177071437 1.0139175433794663 1.0164738415867558
1572 NaN 1.014333883354219 1.0244333978171667 1.0315504978561338
84 NaN 1.0109992358341744 1.018844641956577 1.0245312514727678
573 NaN 1.0154606356277225 1.0268802146981357 1.03543493123819
323 NaN 1.0038909874822655 1.0064183395633475 1.0081775179333659
1836 NaN 1.013871650979212 1.0244959743362085 1.032659155991481
1076 NaN 1.0083148985816208 1.0135998862543159 1.0169693815224436
833 NaN 1.010626633349723 1.01883302885938 1.0252849665923531
574 NaN 1.0159982300814607 1.028767454182305 1.0390028456081954
1573 NaN 1.0169671382066776 1.0302519523616676 1.0408301956269819
324 NaN 1.0136212725819889 1.023136630770604 1.030153743100143
1077 NaN 1.0102367185996255 1.0178788722793648 1.0236559314860596
85 NaN 1.0084912601099767 1.0149827584043998 1.0197448866104655
1837 NaN 1.0097021038758107 1.017072837506063 1.0225811270281018
86 NaN 1.0116415476770495 1.0200464974186179 1.0262182534142117
575 NaN 1.0110850368786186 1.0185293328718492 1.0234423760866247
1328 NaN 1.0291557851266726 1.053862707601554 1.073769979625582
1574 NaN 1.013390895264268 1.0227153966206868 1.029535834652594
325 NaN 1.0099469600559445 1.0175227021859279 1.0232269986088083
87 NaN 1.0150951669213546 1.0269028374552696 1.0362465156832328
576 NaN 1.0097779420790207 1.019336969734455 1.027736657038007
834 NaN 1.0076469753207655 1.0125342461345492 1.0159592918658422
1329 NaN 1.010737671698807 1.0187024205114465 1.0245015281273595
577 NaN 1.0111681520878715 1.019024318278054 1.0243650726667597
326 NaN 1.0083823711923718 1.0154188260772865 1.0212104652491134
1838 NaN 1.0113041753339578 1.0206676547854563 1.0282091265391309
1078 NaN 1.0095662283825282 1.0163587830071186 1.021264915812413
1330 NaN 1.011655369279966 1.0201656502196714 1.026604436290062
578 NaN 1.0108389665864812 1.0187351903828419 1.0245597582271324
1575 NaN 1.006272469911053 1.0099259659669049 1.0121128856780284
1079 NaN 1.010509278656025 1.018500994373249 1.024553530832774
579 NaN 1.0089086273488055 1.015124111798928 1.019607518389786
835 NaN 1.013393422594966 1.0243401897564979 1.0328756890580786
1080 NaN 1.0111549902735792 1.0197730141560983 1.0264344810058068
1839 NaN 1.014802007235517 1.026174930801175 1.0350936979153176
88 NaN 1.0090277192317518 1.015127928700415 1.0193360075295295
1576 NaN 1.0141069920061585 1.0242854160558896 1.0320314859406339
1840 NaN 1.0114881870722072 1.0198197772653939 1.0261427532208267
580 NaN 1.008720429922336 1.0158951072677296 1.0215372974063264
1081 NaN 1.0081802130614668 1.0142090658088572 1.0184185591483854
581 NaN 1.0098713863429662 1.0173033228103985 1.023010747113809
327 NaN 1.0202807209427311 1.0371566970789072 1.0513980870053934
89 NaN 1.0107977141904705 1.0189561486030294 1.0253280815009969
836 NaN 1.0052373862534705 1.0082020291447775 1.0099775641139868
1577 NaN 1.0230108434939926 1.0424449266179654 1.0591424286006095
837 NaN 1.0099278334863753 1.0178341207177846 1.0239575875447493
1082 NaN 1.0093206844674332 1.0159464657621344 1.0205704697692068
1331 NaN 1.0194579343444818 1.0329194058572573 1.0433699274698756
90 NaN 1.0058405477250545 1.0094891604992293 1.0117123107789963
582 NaN 1.0071086785138215 1.0144906839200756 1.0210646951059785
1083 NaN 1.0108847750212049 1.0189660980478197 1.025163300728789
838 NaN 1.0062510725893052 1.010595282878396 1.0135754243425494
1578 NaN 1.008167413591726 1.0139432259859646 1.0181492898601785
328 NaN 1.008450218979233 1.0139415126247298 1.017953021621758
839 NaN 1.0087152374256683 1.0153239598174757 1.020253722519306
1332 NaN 1.0105701870141033 1.0194283356156917 1.0264497889054927
1579 NaN 1.0132633975898275 1.023237931560783 1.0310860523544834
329 NaN 1.010029533548693 1.017481633107016 1.023055751288724
91 NaN 1.012456089553022 1.022108923501172 1.0299696969122505
1084 NaN 1.012867529956944 1.0233229030345876 1.0316660280179535
840 NaN 1.0069059520232813 1.011447029916907 1.0143989514981484
1580 NaN 1.0135402656497805 1.0234118385600561 1.030693767724325
841 NaN 1.0106486540963933 1.018378475273052 1.0240626697397475
583 NaN 1.0251417875587785 1.0453293718149914 1.0619171252992539
1333 NaN 1.00641009167007 1.011445343112473 1.0153999521761732
1581 NaN 1.0082635551046097 1.0138452709401193 1.017745125506375
1085 NaN 1.016776960644091 1.028476809933283 1.0371440404237326
842 NaN 1.011376459962648 1.0205216614646728 1.027944514611906
330 NaN 1.0102566453963635 1.0171771135104055 1.0216735776095198
1334 NaN 1.0041363263597833 1.0064096850773037 1.0071943661793452
1086 NaN 1.0131625194940697 1.023336701353714 1.0313642615280312
1582 NaN 1.0107047525553228 1.0188392947223566 1.0250139554385602
584 NaN 1.0109734638578467 1.0182397573249813 1.0231161186682178
1087 NaN 1.0114672667506948 1.0200675797327243 1.0264231093292775
92 NaN 1.0082311397229156 1.0151501419271929 1.0204700638068516
1841 NaN 1.0212565366506596 1.0405901203989267 1.0577839653325916
1583 NaN 1.0126816818560043 1.022128344701024 1.0291492924178673
1335 NaN 1.0093341077048126 1.0181283148495153 1.0256698224499912
331 NaN 1.0062167434084166 1.0106473972715717 1.0136591589282746
93 NaN 1.0154273651626144 1.0274828688537423 1.0369363506880147
1088 NaN 1.0118919649542741 1.021046884953927 1.028274675053647
585 NaN 1.006866928409842 1.012095057390534 1.016079982062181
332 NaN 1.0086934706349306 1.0150384750666015 1.0196720880113543
1089 NaN 1.0100321269786137 1.0185555891522344 1.0250250275813908
1584 NaN 1.0131597527459286 1.0228243389722982 1.0298080956556965
1842 NaN 1.01944589418811 1.034248459465422 1.0461733748453628
586 NaN 1.0116240362047373 1.0207208335772522 1.0277179968028383
843 NaN 1.010795783925216 1.0183156683750598 1.0237764971993908
1585 NaN 1.0114435342041435 1.0195390296955185 1.0253854654949726
1843 NaN 1.0117092749047676 1.021322673642777 1.0291113254848945
1336 NaN 1.0034041954118713 1.0056283763347855 1.0066932850782853
1586 NaN 1.011409266236479 1.0198976568667857 1.0263396091379209
333 NaN 1.016177199914405 1.0288542079103487 1.0386614741565028
1090 NaN 1.012126248314202 1.021423263800673 1.0290707368313634
1091 NaN 1.009788256498267 1.0174039538040573 1.0233621402149413
1844 NaN 1.0162246440642908 1.0290435436541476 1.0392806916360624
94 NaN 0.9942080001516873 0.9909287390040725 0.9882729489577964
587 NaN 1.0204444565919037 1.0343572285960871 1.044585969152104
1092 NaN 1.0118033298889257 1.0207409823709206 1.0276136272258425
844 NaN 1.013382648263702 1.022633723315148 1.029220869588669
95 NaN 1.0141074702215451 1.0253790618396856 1.0343632443508748
845 NaN 1.009763582126499 1.017641744064833 1.0239611721465038
1093 NaN 1.0126777870021269 1.0225981332374288 1.0302797132950523
846 NaN 1.014226148713363 1.025796259947061 1.0351582717690797
96 NaN 1.0154076752593526 1.0278009024048638 1.0379878432625762
334 NaN 0.9978283419654111 0.9935797330868233 0.988497764841323
1094 NaN 1.0095419564826134 1.0166106415551925 1.0220267804891603
1587 NaN 1.0096225996579675 1.0181934051257777 1.025313327650843
1845 NaN 1.010594695594008 1.0187002709816955 1.024612377707851
847 NaN 1.0097562894610583 1.0164740453216299 1.0212504257979436
1095 NaN 1.013520215983529 1.023333273947153 1.0307464758012492
1337 NaN 1.0247193142784907 1.0448421984853704 1.062226838867728
97 NaN 1.0080659694570673 1.0157717229894332 1.0221310237723287
1846 NaN 1.013977093607858 1.024216357640483 1.0319817450339868
335 NaN 1.0056275697629873 1.0100269825570642 1.013408510905484
588 NaN 0.9961396896496473 0.9897946250140273 0.9821940348390886
1096 NaN 1.005713508511153 1.0095325285179995 1.0117359848771939
1588 NaN 1.0211297061869984 1.0368651200375274 1.048978435619963
98 NaN 1.0137430672620742 1.023802820244517 1.0313323704272834
1847 NaN 1.0139719178554292 1.0245874144951295 1.0326285230408985
589 NaN 1.009433946351195 1.0167553352551175 1.022613652956335
1338 NaN 1.0035981625204202 1.0032583273099502 1.0012130163405608
1097 NaN 1.0050729771558191 1.0077977930696227 1.008976939053364
1589 NaN 1.0103264474903226 1.0177602492839832 1.0232592157584353
1339 NaN 1.010301280201909 1.018083584808351 1.023976983440185
590 NaN 1.0083482264619572 1.0145391621107793 1.0192357211427958
99 NaN 1.0125204410516737 1.0216149932210326 1.0283298077646381
336 NaN 1.0181936454255882 1.0321927943129168 1.0431208416994115
1098 NaN 1.015789587917301 1.0287374065649781 1.0391222412806345
848 NaN 1.0100180460967345 1.020259393528211 1.0302642549402745
1848 NaN 1.0166921354486578 1.030184275010554 1.0411660410441672
100 NaN 1.0102398201515892 1.0165480846446964 1.020551831475405
1590 NaN 1.0164866174925702 1.0281242703178037 1.036397163459796
1340 NaN 1.0079612431517748 1.014816930458522 1.0202673070731343
591 NaN 1.0086296512063238 1.0147112546444108 1.018838993016473
849 NaN 1.0077347654282012 1.012526957107115 1.015645470041127
101 NaN 1.0139799225669166 1.025674298921483 1.0351705099763073
1099 NaN 1.0115117253713517 1.020130435016832 1.0265989876116768
1849 NaN 1.010982279568762 1.0188950179830691 1.024391181327254
337 NaN 0.9965584928697385 0.9921609694949542 0.9872228794355888
102 NaN 1.011168750320286 1.0191793975589025 1.0249872926365202
850 NaN 1.0106477284879485 1.018718990684353 1.0248436314554616
592 NaN 1.0058560964033114 1.0090582036444107 1.0109256678075957
1341 NaN 1.0038113915038427 1.0057006737430636 1.0064503030917478
338 NaN 1.009768823869834 1.0165447373521888 1.0215228460753785
1100 NaN 1.0088015495929057 1.0143593345434498 1.0178071198377716
1850 NaN 1.00913146472405 1.014592959717827 1.0176257274045035
1591 NaN 1.0063340176183533 1.0108048189483494 1.0138335314408564
103 NaN 1.0126745362315959 1.0221213084914222 1.0292620135506731
1342 NaN 1.013497376943916 1.0239622964262107 1.0320934176914143
1851 NaN 1.0092261877500124 1.015669615844359 1.020260410806736
593 NaN 1.012985888359192 1.0234745208261007 1.0318768499263413
1592 NaN 1.011380331314562 1.020947732481204 1.028841278615369
104 NaN 1.01187771336689 1.0205428310928204 1.0269207310698887
1593 NaN 1.0114010895368677 1.0192702131258207 1.0247818534751556
105 NaN 1.0100348662992946 1.0172139611083357 1.0224823905936773
1852 NaN 1.009343689609076 1.0154708651444437 1.0196944303300726
1343 NaN 1.0113857324979114 1.0228657152250775 1.0330195462938698
594 NaN 1.007398422938065 1.0132869966577132 1.0179801972539189
1853 NaN 1.010569259585002 1.0185355625740382 1.0245766473916218
339 NaN 1.026632171374951 1.0463616854576916 1.0616361680872102
106 NaN 1.0151965790524322 1.0253990389898844 1.0325978427857259
1854 NaN 1.0148754502446078 1.0266283353697807 1.0359110476719193
1344 NaN 1.0157763635255483 1.0281905304067869 1.0381160443045654
1855 NaN 1.0107534233898146 1.0194416907535657 1.026400329844526
340 NaN 1.0155262762340849 1.0268544022318495 1.0352427969627631
1345 NaN 1.0096052298722578 1.016346235030956 1.0212191421844055
1594 NaN 1.0027017114232162 1.0045169696852387 1.0056707879596636
595 NaN 1.0114413973624121 1.0198518200119682 1.026060297990888
1101 NaN 1.0201056157146482 1.0348726746025847 1.046951003211221
851 NaN 1.0057688435164331 1.009445626915975 1.0123963128175717
1595 NaN 1.0075518204782195 1.012967702170366 1.0168588656631095
1856 NaN 1.0127907616149667 1.0222271497250885 1.0295412140010778
852 NaN 1.0120617500188078 1.0212924632230334 1.0283520250189444
596 NaN 1.012602329462762 1.0225077608047008 1.0303529981856945
107 NaN 1.0236499768768408 1.0426483216643951 1.058561368865825
1346 NaN 1.0081338812276828 1.014579767561783 1.0194818071589729
341 NaN 1.00754714193203 1.012881215399709 1.016659797624128
853 NaN 1.0058057715746966 1.010231764013685 1.0135574103967613
1596 NaN 1.0135640457925554 1.0239995179009347 1.0319233525932083
1857 NaN 1.009487275255359 1.0151877581708215 1.0188544124616257
342 NaN 1.0136607805134457 1.0238068811055578 1.031318467620725
1597 NaN 1.0126464289512929 1.0216865296930548 1.0282139062089972
108 NaN 1.0078798827250015 1.0137459330010186 1.0180147781683926
597 NaN 1.0134419021648635 1.0231439914930998 1.0308061672195157
1102 NaN 1.010565264340344 1.0203112194299475 1.0290635731358924
1858 NaN 1.00946537077632 1.016469017880336 1.021352621335179
1598 NaN 1.0062742692916955 1.0097928143848698 1.0115998713497314
109 NaN 1.0094544777892078 1.0165758334001096 1.0220124905495884
598 NaN 1.0122452078829471 1.020937796621577 1.0272431091092913
1599 NaN 1.0091347990144246 1.016059980005072 1.0214197510922147
1103 NaN 1.0022739143520556 1.0035906499620477 1.0040768714168617
1347 NaN 1.0091553866215397 1.0166725225860602 1.0226745420278434
110 NaN 1.0088809343486256 1.015258953137892 1.0197945131559696
854 NaN 1.0047261240876357 1.0062842135736403 1.006291970248507
1859 NaN 1.0123688587395407 1.0211097254154413 1.027206793739576
1600 NaN 1.0189623012090085 1.033424907665704 1.0446412893305548
599 NaN 1.0071978061758036 1.0114279630705119 1.013823738204501
600 NaN 1.0088301555539934 1.0154005299744404 1.0203612277169407
111 NaN 1.0075018114719085 1.0113010716863013 1.0126487507368087
1860 NaN 1.0091685840149227 1.0148226512200353 1.0184647831056215
1348 NaN 1.0039612835042917 1.0055486871617227 1.0061642222891758
855 NaN 1.0178818450358258 1.0334146099778283 1.0463710845688308
1601 NaN 1.00798696533473 1.0138205238232694 1.0177726160602083
1104 NaN 1.0069194526423457 1.0128675595566137 1.0172325893158722
601 NaN 1.0045996623884799 1.008953402863674 1.012306295720207
856 NaN 1.0098758741060236 1.0169016950088632 1.0220862759286078
343 NaN 1.0112381821739536 1.017555235513069 1.0207219790011
112 NaN 1.0018998843056324 1.0010178857152012 0.9989426215801925
602 NaN 1.0105896152584375 1.0185879750666733 1.0245896263005225
1349 NaN 1.010965316664612 1.021047212568005 1.0298206095176279
1602 NaN 1.0163890189843139 1.0294992245038024 1.0402173986328258
1861 NaN 1.0106396260571002 1.0180048305343314 1.023698538302649
344 NaN 1.0098472076653024 1.0159076069593254 1.0193482208189888
1350 NaN 1.008800356788265 1.015172166109349 1.019742092433827
345 NaN 1.0131467453978054 1.0220826648068588 1.0283801088351707
603 NaN 1.010700131014598 1.018500909968836 1.023941169161569
1862 NaN 1.0112278188820962 1.0193676038325516 1.0257412473045233
346 NaN 1.0175797738797345 1.0317093793227954 1.0433581715197193
1603 NaN 1.0103228408853433 1.016416470198496 1.0197466955667702
604 NaN 1.0149843664081768 1.0263811642481728 1.0351564782490381
113 NaN 1.0113908928195663 1.0213151414797392 1.0293275617390307
1351 NaN 1.0081028913591026 1.0151274106003207 1.0212495815487952
1863 NaN 1.0116449871676163 1.0206687876939564 1.0274574935661236
605 NaN 1.010602047330355 1.0184405523973372 1.024185926615048
1105 NaN 1.0108540814473495 1.0191385684860834 1.0259102130117899
1604 NaN 1.0124858412432798 1.0215665578897766 1.028229884704168
347 NaN 1.0176944500962324 1.0319007050508726 1.0434619922677797
606 NaN 1.0111112877169655 1.0191760540907246 1.025060623603108
1864 NaN 1.0061945377847392 1.0103918103683918 1.0132187007405133
114 NaN 1.0116307807349385 1.0196652916157838 1.025431266464642
115 NaN 1.0116588278409748 1.020459438315936 1.0271819110211047
1605 NaN 1.0103928184389195 1.01694668726053 1.0212999789244255
1352 NaN 1.0063591855059 1.0118052569534977 1.015961081133951
1865 NaN 1.0080150777641914 1.0135640193036801 1.0174444418255968
348 NaN 1.0237411557226468 1.042777232979799 1.058435963541459
857 NaN 1.0075742321333259 1.0136291365193093 1.0186219280542328
1106 NaN 1.0125682073270026 1.022023873375373 1.0294949454487028
1606 NaN 1.0080523137136606 1.0144631003485747 1.0193878503334588
116 NaN 1.0109986110977807 1.0185595248178603 1.0238759030396216
1866 NaN 1.0128515303147836 1.0223053980616936 1.029473078276886
607 NaN 1.006003816839841 1.0104308152320147 1.0133751069286696
1867 NaN 1.0103927670427624 1.0176258376976584 1.022514029528163
858 NaN 1.0111554722640292 1.020157333034475 1.0272934930746578
1107 NaN 1.0116747443951326 1.0200578907689666 1.0261782121421723
1353 NaN 1.011520932989586 1.019760467355589 1.0257624563692915
349 NaN 1.0146527621007462 1.0255234427238198 1.033847433705917
859 NaN 1.0106609520504843 1.0186351064389016 1.0246968302255357
1354 NaN 1.0161468814198904 1.0287360442983036 1.038769703865052
1108 NaN 1.011950195273827 1.0213224187156542 1.0287868809938976
117 NaN 1.0169347464679352 1.0303738891928325 1.041235211351814
608 NaN 1.0154606964573631 1.0277847625485323 1.0376652907515795
1607 NaN 1.0074062980207446 1.0127984479161438 1.0167108683382025
860 NaN 1.0178886930499014 1.0328249933828821 1.0449510203666668
1109 NaN 1.0089865894648935 1.0153739246415625 1.0200925507312755
1355 NaN 1.0104528848618501 1.017781463532896 1.0230405957834103
1868 NaN 0.9967702709603163 0.9932391641394729 0.9894558103442272
861 NaN 1.0116716961379504 1.0214724212228585 1.0296739289187598
1110 NaN 1.0089209698573256 1.0152152438862174 1.0196453437693147
1608 NaN 1.0032670351005624 1.0054634751136795 1.0068366872356382
609 NaN 1.0078896400719712 1.012924973390532 1.0160870507322424
862 NaN 1.0119271947415838 1.0202797240544537 1.0263667279515107
1111 NaN 1.0164017999757438 1.0294077011212135 1.0398088052370207
610 NaN 1.007302408124666 1.0118276908885968 1.01452964731137
863 NaN 1.0104429142149391 1.0185151858332155 1.024868763447501
118 NaN 1.0148039306214167 1.0268739973916214 1.036717933288151
1112 NaN 1.0113750020736485 1.0194895901444057 1.0253106000012524
119 NaN 1.0091072428994374 1.015555271259417 1.0202328188899625
350 NaN 1.0050754253833352 1.0086015328310782 1.0109778026241072
120 NaN 1.0109272469347068 1.0189679384813355 1.0250151799447647
1113 NaN 1.0163108018468154 1.0283106604958465 1.0374193386691914
1869 NaN 1.0134267247191358 1.0210113810096901 1.0249152321382555
611 NaN 1.007480339635935 1.0121950217639597 1.015101692606176
121 NaN 1.011590830570313 1.0204945646513996 1.0272588110084917
1114 NaN 1.0092268691022799 1.016128608333983 1.0213195624488294
1356 NaN 1.0226393065774309 1.0395135738764363 1.0525341526909595
351 NaN 1.011216140399329 1.0188608366482816 1.0240477808557666
1609 NaN 1.0158806160590825 1.0296330798722282 1.0413466730870198
122 NaN 1.0111123636002355 1.0195407584529441 1.0262350469463115
1870 NaN 1.0155755210730264 1.030387600855722 1.0435191219944373
612 NaN 1.0097267758485202 1.015327452903581 1.0184495632303896
1357 NaN 1.0073846231168557 1.0124237190103045 1.0157654404416188
352 NaN 1.0104608238561053 1.0182529190467895 1.024098331375708
1871 NaN 1.0098575605022517 1.0174565079969118 1.02334523773115
1610 NaN 1.0086144233832042 1.015038417811868 1.0196720176408929
864 NaN 1.0116259773526182 1.0204094102924972 1.0271731776875417
123 NaN 1.0118919130439197 1.0207579929169457 1.0276373600343571
1115 NaN 1.0094979581836279 1.0148990433272955 1.0180065913757659
1872 NaN 1.0121491583970705 1.02162930303622 1.029161614088408
1358 NaN 1.0100995304047762 1.0180292302113054 1.0240686024143437
865 NaN 1.009017684819285 1.0155769488692354 1.020279357168132
1611 NaN 1.0136744539018894 1.0238835013112928 1.0313995016788742
353 NaN 1.0083014170027753 1.0154084755666024 1.0212131793006882
1116 NaN 1.0114641624197416 1.0201128800481487 1.0269114652957616
124 NaN 1.0067419517410672 1.0113732812816143 1.0143772608326493
1873 NaN 1.010158361537 1.0174940266227228 1.022857990573005
1117 NaN 1.0077425666558002 1.012686681732084 1.0160196836956483
1359 NaN 1.0127940844694303 1.0219009825146053 1.0284800292995442
1874 NaN 1.0166563363425472 1.0298127108873043 1.040371646053917
1612 NaN 1.016913911512376 1.0306170235130163 1.0416908485698169
1118 NaN 1.0106362450321633 1.0183897523935463 1.0241079324595648
613 NaN 1.0060968061065352 1.009678892008472 1.0114586070821183
125 NaN 1.0076235483018556 1.0133028345805153 1.0173477018299881
1360 NaN 1.0088899781152143 1.014940322357772 1.0192068153869331
1119 NaN 1.0145261120016082 1.0268063438687074 1.0369182527506213
1613 NaN 1.0082059511567951 1.0139532813855516 1.0179669227031192
1614 NaN 1.0098376822332098 1.0170885376567207 1.022463877929245
126 NaN 1.0120205198767716 1.0207470236135823 1.0271973905932616
614 NaN 1.0134478739799688 1.0228279195016987 1.0297788749981673
354 NaN 1.0362992014993846 1.068967393378222 1.0965447641680746
1361 NaN 1.012297729226996 1.0213455521628663 1.0278739565666117
1615 NaN 1.010042049687068 1.0180515552527596 1.0242980054352595
1875 NaN 1.0157087320993254 1.026061632563439 1.033275273000117
355 NaN 1.0154441751298489 1.0268769723328182 1.0355453782781774
615 NaN 1.0100812309846667 1.0179424775242447 1.024155772456067
1616 NaN 1.0077098756446887 1.0132194173086655 1.017053706363512
1876 NaN 1.0138631289301783 1.0246738969505247 1.033396793414183
1120 NaN 1.018239869944896 1.036097566680187 1.0521928063600108
616 NaN 1.0099960386605478 1.0173699814017856 1.0230345743533595
127 NaN 1.0224092084958993 1.0401485293300463 1.054266297138489
1362 NaN 1.0088535491605874 1.0149619326908876 1.0191988504168767
866 NaN 1.0253335067286868 1.045746965480719 1.0622226921455677
356 NaN 1.0115494128494045 1.0206690320408829 1.0275911470746288
1877 NaN 1.0069605241105548 1.0119181714071326 1.0152655714861185
617 NaN 1.006193411088763 1.0101295790484441 1.0123018572670377
357 NaN 1.0116715548812045 1.0204787549495637 1.0272403930829594
128 NaN 1.0087684955533545 1.015667081718501 1.0209343636644297
1121 NaN 1.0140428787984472 1.025694757962441 1.035108830228895
358 NaN 1.0100105490591778 1.0177068921138108 1.0235457520660887
129 NaN 1.004978383494668 1.0078978184417162 1.0095625602119374
1878 NaN 1.0126466929873166 1.022859414316186 1.0312209375776307
867 NaN 1.0131822773582588 1.0230645971538446 1.030666591996514
618 NaN 1.00781083212057 1.0138384913249776 1.0182708818154897
1363 NaN 1.018229741232077 1.0322089846036 1.042676689005921
359 NaN 1.0108574880102197 1.0192695892364687 1.0258514837196255
1122 NaN 1.0134701245253113 1.024239465464633 1.0328537901923882
619 NaN 1.0106654826711492 1.018577454928907 1.0245090689032523
130 NaN 1.006867434245657 1.011215864224787 1.014020654364027
360 NaN 1.0136238920770984 1.0232580178174295 1.0302889760899752
1879 NaN 1.0128067488777406 1.0218147008343323 1.0283596941902293
620 NaN 1.010506136405068 1.0179354877623263 1.0233343366027527
131 NaN 1.0133761554883214 1.02353353824461 1.0311865491894452
1617 NaN 1.0116721261213881 1.019127308248986 1.0237920458654381
621 NaN 1.0077809342047912 1.0134159666215692 1.0173679841241694
1364 NaN 1.0079643746888538 1.0134224113983923 1.0177002091592302
868 NaN 1.0083417432725572 1.0148685868679266 1.019515226918512
132 NaN 1.0084557993520178 1.0145692642755182 1.0189856228611396
1618 NaN 1.0102797801908308 1.0183096923044057 1.0244961353391522
1123 NaN 1.0164007674404771 1.0290140117133906 1.0385169817689033
361 NaN 1.0114329291915005 1.0195450692564894 1.025496160330009
622 NaN 1.0114656673464322 1.0202328655785833 1.0266558046882492
869 NaN 1.012221285467137 1.0212563803743675 1.0280775324726332
1880 NaN 1.0016202597370518 1.0019869769471135 1.001311718911212
1124 NaN 1.0076869541538305 1.0133327779670036 1.0173602950867775
1619 NaN 1.0103529421693436 1.0177993115165602 1.0232082523968733
1365 NaN 1.0082494851180177 1.012834048009935 1.0154262860932852
1125 NaN 1.0125241183165603 1.02228622362479 1.029826171199378
623 NaN 1.014551479429849 1.0252737184342233 1.033460849899567
1620 NaN 1.016602140675289 1.0298974789748516 1.0405839182676497
1881 NaN 1.0135944321799537 1.0231261162792813 1.0298422165828351
624 NaN 1.010624950319202 1.0191066450746935 1.025719477838334
870 NaN 1.014067114583039 1.024776238130818 1.033039806998866
1621 NaN 1.0143834225593191 1.0264289514566844 1.0361384708184507
1126 NaN 1.0100985851809678 1.0181230211667796 1.0243715730144571
133 NaN 1.0197248135125994 1.0357707500620383 1.0485928131343658
1622 NaN 1.0109247803699184 1.0184294397081912 1.0238319431894027
1127 NaN 1.011070665382259 1.019591657930473 1.0261513049144322
362 NaN 1.0115879720794279 1.0202645931363274 1.026573011456047
871 NaN 1.0066583272900345 1.0115232819014859 1.014779671643284
1128 NaN 1.0102723195250578 1.017672325355344 1.0229864359121252
1882 NaN 1.000330411597861 1.0008506905676064 1.0011191043983447
134 NaN 1.011136123252769 1.019125236279025 1.0251840733765973
1623 NaN 1.0116233306566877 1.0195926378274724 1.025185939760057
872 NaN 1.012379915181433 1.0217907072266992 1.0291187644973006
625 NaN 1.0142333914338666 1.0242152889343914 1.0316082800939224
1129 NaN 1.0058714857247333 1.010999432763065 1.0151106934669845
363 NaN 1.011191671161225 1.0200418512478382 1.0270716665518937
1366 NaN 1.0237062647563364 1.0420272896032088 1.0568860822260115
626 NaN 1.010121158116567 1.0167325809537224 1.0209875205084493
364 NaN 1.0134749570888137 1.0235588887847382 1.0313057359575142
1883 NaN 1.014672554557169 1.0259647580496998 1.0349008470239274
1624 NaN 1.0064087161585884 1.0113971559499983 1.0150775246468144
1130 NaN 1.0112893158890734 1.0197318393407266 1.0260300882910445
135 NaN 1.01675869530285 1.0276411665334741 1.0350285316441479
1131 NaN 1.0056404326235509 1.0099125677737593 1.01313933286956
1367 NaN 1.013799109000281 1.0242862167082305 1.0322856999385186
873 NaN 1.0080757638287248 1.0132700463708233 1.0167533020673805
1884 NaN 1.0186865990383125 1.031198931103116 1.0400856598433263
1625 NaN 1.010875062773731 1.0188713469602384 1.025120491514197
365 NaN 1.0060914445044324 1.0127190083456197 1.0184121513371842
1368 NaN 1.0121085671492827 1.0201051681489628 1.0256327909053233
1132 NaN 1.0041286184403388 1.007687780516512 1.0102530607187554
1626 NaN 1.0137957770508044 1.0248765910701831 1.0337994192910458
1885 NaN 1.014524014759999 1.0250498169036826 1.033154184080292
874 NaN 1.0187569881019554 1.0344837585675533 1.0479002099355443
627 NaN 1.014908046436655 1.0268020428411204 1.035607027975918
1886 NaN 1.0095352239676951 1.0164900734679387 1.0216069085793824
1627 NaN 1.0077243179670372 1.0141557381560464 1.0192702900111772
1133 NaN 1.0147200774942502 1.0261670125569744 1.035171953755215
136 NaN 1.0100134751447916 1.0166971838407228 1.0215101024997155
1887 NaN 1.0081587551000184 1.0143670792314772 1.0190542572175243
875 NaN 1.010102918265472 1.0180290824555327 1.024147374492838
366 NaN 1.0033896629490087 1.0046495474589352 1.0048185038928843
1628 NaN 1.0120543673427282 1.0204175140422609 1.0262536408406076
1134 NaN 1.0031133453463164 1.0044836424151746 1.0047762930328081
1369 NaN 0.9980610568169026 0.9962574468158225 0.9943758156102039
628 NaN 1.0151882871771583 1.025725164171445 1.0335189296180447
1888 NaN 1.014269662732688 1.0256051348045148 1.034639837003905
137 NaN 1.012689933390717 1.0220605056179213 1.0293453270126287
876 NaN 1.0141188321403536 1.0256867238821783 1.0350760055297719
1370 NaN 1.0075767972437428 1.0129010892111312 1.0166309799917561
138 NaN 1.0110660494890074 1.0195859444234292 1.026191575946616
1889 NaN 1.0089662475995416 1.0156540577377968 1.0204885176464722
629 NaN 1.010794396869178 1.0192531753223624 1.0257082607763384
1629 NaN 1.0044109441419002 1.0072395047113587 1.008706854447654
367 NaN 1.0158866380229725 1.0289059879629647 1.0397077344803876
877 NaN 1.0070064492232633 1.011607338064627 1.0146796979060373
139 NaN 1.008685915791097 1.0146601286373098 1.0187566872181983
1890 NaN 1.0120976649833262 1.0217201502765512 1.0293147601605086
630 NaN 1.0119462025106898 1.020751049126807 1.0273393691277064
1135 NaN 1.014816255646284 1.0248400792614547 1.0320138803728272
1371 NaN 1.0071639469184568 1.0122891964744987 1.0155887647725332
631 NaN 1.0110827199229122 1.0189618969828824 1.024660839250504
140 NaN 1.0203431259574676 1.0358462275353455 1.0480520272389566
1630 NaN 1.0100116416971987 1.0164403894787928 1.0204385681006465
1136 NaN 1.0065258518030595 1.0102728936225565 1.0122830503825073
1891 NaN 1.004947091304974 1.008125347543297 1.0100531015299783
878 NaN 1.0146602412988894 1.0268078853838947 1.0367249583292066
632 NaN 1.0089722500996199 1.015335749670277 1.0196432255266208
1631 NaN 1.0103224799396466 1.0177219415497436 1.02328156769074
633 NaN 1.0088690190406113 1.0152969692682958 1.0198904840469276
1892 NaN 1.004276619358574 1.0058873765284515 1.0060297195562578
1137 NaN 1.0176777137493163 1.0315518907888264 1.0425353195681293
879 NaN 1.011187252831565 1.0192764744269733 1.0252432531598308
368 NaN 1.022921452134615 1.0387310321544057 1.0504895352585977
141 NaN 1.008732813282518 1.014262280480095 1.017506818818231
1893 NaN 1.0092411152164409 1.0158405379503588 1.0205673744989954
1632 NaN 1.0137961449546682 1.0229703140931476 1.0291185293342615
369 NaN 1.011831909733624 1.0209757962515336 1.0281066417400828
142 NaN 1.0152485389490788 1.0267999766938227 1.035661275538571
1372 NaN 1.0190368336995275 1.0337645224183278 1.0446612247897888
1894 NaN 1.0063863714511008 1.0101919240401929 1.0121811789383277
634 NaN 1.0054240581412 1.0088259935393267 1.0107588014234679
370 NaN 1.010880631896843 1.0189810496423433 1.0250330504844842
143 NaN 1.0028137887858342 1.0026956865035157 1.0012571169302649
1138 NaN 1.014288908165186 1.0237699692310287 1.030910495555968
880 NaN 1.0182760756025593 1.0332609659729082 1.045629805378328
1895 NaN 1.010711294392822 1.0194857249766924 1.0265142059196501
371 NaN 1.0040564802457186 1.0058950679937402 1.006491905181354
1896 NaN 1.0122026792171919 1.021533385380434 1.0287148844766683
1139 NaN 1.008645744213832 1.0155152827058347 1.0205316799381263
881 NaN 1.0092915911990346 1.0156409154526647 1.020029295133854
635 NaN 1.020139842607901 1.036665656337441 1.0505641684158187
144 NaN 1.0098621196031556 1.017577948687603 1.0238822539265564
636 NaN 1.0100912655931096 1.0169434727165563 1.0216816063196297
1373 NaN 1.0166200057451922 1.0298139407665348 1.0401519036203215
1633 NaN 1.0114692820082705 1.0191168782224334 1.0244160744570983
1140 NaN 1.018014184780127 1.0308239371758319 1.0401069413304957
372 NaN 1.0142405625773272 1.024879531959016 1.033244021841659
637 NaN 1.012066384442827 1.0206420535321175 1.0268679996309626
1897 NaN 1.0051227275676642 1.0084366390776225 1.0104389370007645
1141 NaN 1.0067792076139952 1.0117680678227348 1.0154411978365387
1374 NaN 1.0037622380433384 1.0063962006184115 1.0080921690321936
882 NaN 1.0131412942711975 1.0239387194676774 1.0327190125480545
145 NaN 1.0147656156346492 1.0261621069499074 1.034683779383608
1375 NaN 1.0078000898122101 1.0132761927845273 1.017165128265805
638 NaN 1.0171460146351106 1.0303745312085384 1.0407946697011707
373 NaN 1.0011705256178292 1.001081784917853 1.0003114344707251
883 NaN 1.0170020841528797 1.030331886860366 1.0408566711834848
1634 NaN 1.0112427824045023 1.0180968384552744 1.022239524362053
1376 NaN 1.0105423869329657 1.0186828577512588 1.0250995113155807
1142 NaN 1.0078554386954772 1.0119324662611873 1.013787985720689
1635 NaN 1.0139969168219547 1.0241069380359635 1.031653086409743
1377 NaN 1.011884024050669 1.0207252439009693 1.0273663448287256
1898 NaN 1.0049188222040122 1.006746849245988 1.0068441690905348
374 NaN 1.007176956645561 1.0118372022712192 1.0147860715409158
146 NaN 1.00800364315841 1.013964564791309 1.0184655842868526
375 NaN 1.010509764299538 1.0177171599266692 1.0229492886100986
639 NaN 1.0160063225982225 1.0286548301738823 1.0387585709795035
1899 NaN 1.0117131204436491 1.0212398403064962 1.0287262174854581
884 NaN 1.0261280241340798 1.0463289733916046 1.0623831121438365
376 NaN 1.0082385124894402 1.0145048446472722 1.019174722891116
1900 NaN 1.0112770344555129 1.0197401073889378 1.0262610205191764
640 NaN 1.0134594675987307 1.024600046524515 1.033522428249749
377 NaN 1.0177560036928937 1.0316049305689101 1.0425355068596882
885 NaN 1.0101502655721641 1.0180190430263696 1.0240252506866159
147 NaN 1.0207196752332146 1.0369029623227493 1.0499538734783493
1143 NaN 1.0166905600890443 1.0292619236817093 1.0382654158951234
1378 NaN 1.026081933200439 1.046314633972703 1.062163363513206
1901 NaN 1.0095298230306382 1.016842220529319 1.0224268431610601
1636 NaN 0.991159258627289 0.9797717482264006 0.9674924998773593
1144 NaN 1.0029280831899465 1.0046104519436154 1.0052648186751338
1379 NaN 1.0134384193168617 1.0233651132916204 1.031241865194662
886 NaN 1.0081925198720503 1.0131111462663531 1.0159543123373238
148 NaN 1.0116379345500333 1.018955553686528 1.023623950816973
1902 NaN 1.0077503890400208 1.0126251374137376 1.0155081036139642
641 NaN 1.004583721881653 1.008121144194303 1.0109802150869385
887 NaN 1.0104411150191508 1.0181153960549243 1.0237516873696009
1145 NaN 1.0144318533458279 1.0251166845587758 1.0334106541176045
1637 NaN 1.0089292688453015 1.0142654348014584 1.017332469400824
1380 NaN 1.0144832851063996 1.024843959154998 1.0325892340532397
642 NaN 1.0119311708316325 1.0207740408733412 1.0275425292900289
1903 NaN 1.0183586914252847 1.0332196678189682 1.0452645871841832
643 NaN 1.009650207138818 1.0164395401776487 1.0214833050785952
888 NaN 1.0105574969396556 1.017897348907253 1.0228644022604143
149 NaN 1.0027826968307723 1.00602877995455 1.0086927064738782
378 NaN 1.0093108386962708 1.0182378684697544 1.0263155064687608
1146 NaN 1.0163409103451821 1.0292234511512754 1.0394124689376734
1638 NaN 1.0081705082410086 1.0142853771075235 1.0187177564036234
150 NaN 1.0112568093463794 1.019085108108839 1.0247642712191678
644 NaN 1.0087298187762246 1.0154861553432306 1.0206854767210591
1904 NaN 1.0083341460917385 1.0142183237888245 1.0185413902431164
1147 NaN 1.0155765527471967 1.028017033988983 1.0379140259897555
1639 NaN 1.0120428849987093 1.0207236006177616 1.0271064834899895
889 NaN 1.0063756610422434 1.0113955006563728 1.0153773767953473
645 NaN 1.00871638013856 1.015412564893053 1.0204366503025257
379 NaN 1.0060075009362552 1.0098589507994975 1.0124259891958227
151 NaN 1.0148577196841342 1.0257253108243387 1.034091300158168
1148 NaN 1.00531778199364 1.0084008366516897 1.0101879575402248
1905 NaN 1.0058351134777368 1.0102405785706505 1.0132015522963291
1640 NaN 1.0118616728177683 1.0193173448885244 1.0240947108131895
1149 NaN 1.007141114545031 1.0128213122240504 1.0173562657949897
1381 NaN 1.0211115512836686 1.0359687107414803 1.046453103424366
380 NaN 1.017741256739477 1.0312657024152272 1.0418740058029108
1150 NaN 1.0096433881969284 1.0163783796211923 1.0211382805039664
1382 NaN 1.0113790065031454 1.0196672024024127 1.0258815329408613
1906 NaN 1.0115072080329126 1.02010628780453 1.026627550062628
890 NaN 0.9992143673975221 0.9978946303298597 0.9963162728578071
381 NaN 1.0129074013755652 1.0221961016026988 1.0291550852405487
646 NaN 1.0161989032390872 1.0272648884322564 1.035167285779827
1151 NaN 1.0060093933090897 1.0099006427285535 1.0123930474771683
891 NaN 1.0090122733643536 1.0148380358861013 1.0187239704028883
1383 NaN 1.0126640249074579 1.0222479968919713 1.0296219015890336
152 NaN 1.0164891975472772 1.0292547359641295 1.0391744222926325
382 NaN 1.0108140809799178 1.0188143104807221 1.0245510379438747
1152 NaN 1.0084905102246062 1.0140578653922132 1.0176263599601987
153 NaN 1.008331068799704 1.0153551705319346 1.021043908838374
892 NaN 1.0206579837216552 1.0359847834862672 1.0478174398871818
383 NaN 1.0088097470840727 1.0150090340277087 1.0195363279952934
1907 NaN 1.0161410258307784 1.0288665485014694 1.039450683520026
647 NaN 1.010248062843647 1.0176242703455936 1.0232562060150387
154 NaN 1.0127169436617274 1.0213520591934349 1.027523402720855
1153 NaN 1.009642000279685 1.0153728416148213 1.0188946217250299
1908 NaN 1.0085564676072094 1.0146235227505291 1.018903078606276
1384 NaN 1.004051099277397 1.0048811861362772 1.003888668806355
384 NaN 1.0050690257408639 1.0086965513999653 1.0111046707841087
1641 NaN 0.9976521127054233 0.9932564004110761 0.9876570536173201
893 NaN 1.0060736244443935 1.0112125094000601 1.014983350024807
1154 NaN 1.0117507772675596 1.0202401024988046 1.0263138419098612
1385 NaN 1.0123322812395017 1.021714589281012 1.0290285042023313
155 NaN 1.0121592962913357 1.0205201842133396 1.0264421472494183
385 NaN 1.007481341906004 1.0129342732051068 1.0169212125113427
1642 NaN 1.0109247137645658 1.0185145923952346 1.024030652683874
648 NaN 1.0060210604841668 1.009122116004856 1.0107003801774566
1909 NaN 1.006903781226822 1.0116167992652216 1.0147854069465818
894 NaN 1.0094814024416732 1.016020674121279 1.0205984390800915
1643 NaN 1.018754102327376 1.033788290122027 1.0458850597338964
895 NaN 1.009656797334397 1.0167116627749921 1.0220143556405872
1386 NaN 1.011333196486938 1.0192866048212672 1.02499481491941
1910 NaN 1.01579689860721 1.027407515895162 1.036219367969724
386 NaN 1.007448796893179 1.0134153114511018 1.0182055348137413
1387 NaN 1.0130636751886914 1.0230465736509613 1.030716231375779
896 NaN 1.0177337207329178 1.0304958236176756 1.0400928390849278
1155 NaN 1.0042268783588513 1.0069835608602096 1.0088700721552368
1388 NaN 1.012471923553043 1.0221905139600629 1.0297856393292586
1644 NaN 1.015997884655659 1.030124068933141 1.0426497914425645
156 NaN 1.0186640501532689 1.032990035056036 1.0444481046299678
649 NaN 1.0116545773012313 1.019066596863448 1.0236676410190184
1156 NaN 1.0076200370112884 1.0128294071613748 1.016175171701172
1645 NaN 1.0109631580398633 1.0184286960674123 1.0237234407532496
650 NaN 1.0099843744923551 1.01740343479149 1.0229286137939837
157 NaN 1.013185177499117 1.0240422546625974 1.0329439777134708
897 NaN 0.9965550006837661 0.9931983484568211 0.9902136850305074
387 NaN 1.0154086315632567 1.026534203109532 1.0348899192454508
651 NaN 1.0135511452020178 1.0225422283615262 1.0288344590675977
1157 NaN 1.0092038726533532 1.0144682293622975 1.0171077800171406
1389 NaN 1.0035145058801094 1.0058140985286153 1.0074086537304214
1646 NaN 1.010539466769212 1.0181495374287375 1.023601346215171
898 NaN 1.0125981247682538 1.0222158751263166 1.0297603856205186
652 NaN 1.0102314681266626 1.017967598735099 1.0238409863326652
1390 NaN 1.0092330276219783 1.0162305105672986 1.0215758710856047
1158 NaN 1.0114333542854848 1.0202996499328765 1.027282544395574
899 NaN 1.0128465065555095 1.022585432478611 1.029904316187456
653 NaN 1.00975859041113 1.0165268604416688 1.0214195941406587
158 NaN 1.0114484119985607 1.0198008224985329 1.025757931381322
1911 NaN 1.017477856179808 1.029524333020034 1.0382820552985732
1647 NaN 1.0121015701194107 1.0215587783973477 1.028842865319093
1391 NaN 1.0100753215094407 1.0171115545349054 1.0219805085825608
1648 NaN 1.012067764136886 1.021117396242162 1.0281374298514923
388 NaN 1.0134200261962159 1.0242559071163602 1.0331407745651175
1912 NaN 1.0104266650954212 1.018295217682495 1.0242493726314825
1159 NaN 1.0084578492664813 1.0144170204718994 1.0187925393932928
900 NaN 1.0071397502261819 1.0109641259331357 1.0131073998535145
1392 NaN 1.0094648742514327 1.0160138879312233 1.0205526929418878
159 NaN 1.0162550420674485 1.0287526922618917 1.0386813482597939
389 NaN 1.0074029622900147 1.0120501002578692 1.015075916221953
1913 NaN 1.0105803596196044 1.018363105626782 1.0243981323657139
390 NaN 1.010322084282776 1.0183466959317256 1.0246221703718252
1393 NaN 1.006758764443045 1.0119455259355497 1.0155598114246238
1649 NaN 1.012121964176617 1.0227233304581502 1.0319468332061588
901 NaN 1.011090236672721 1.019913644041 1.026818130786463
1650 NaN 1.0101271551816957 1.0174258165532324 1.0227291842620658
1160 NaN 1.0132877619076417 1.0222854246674737 1.0287162557055358
654 NaN 1.0087562626796658 1.0139392520460937 1.0173894017971996
160 NaN 1.0111645426459777 1.0195985855791052 1.0256449338062523
1651 NaN 1.0045876257588506 1.0065410474424334 1.0065266385407354
1914 NaN 1.0201104792860243 1.034949213301307 1.046276401097207
391 NaN 1.0182666175948356 1.0330760326949422 1.045369564444127
902 NaN 1.0081262926230001 1.0127861116070287 1.0156311626273427
1915 NaN 1.0097548621700052 1.0166443395128428 1.021585496416099
1394 NaN 1.0083432112571047 1.0133751013989534 1.0164434357106196
1916 NaN 1.009957444091852 1.0168259922270773 1.0216497713069574
1161 NaN 1.0166968199383144 1.0293461169986036 1.038660224354348
1652 NaN 0.9987526150634746 0.9967386876077116 0.9938720350861106
655 NaN 1.0149886532931724 1.0252699903370566 1.0324228154035575
392 NaN 1.011067817860528 1.0194563866639679 1.025703603847241
1395 NaN 1.0094136325545333 1.0164459448324326 1.0219296868595609
1653 NaN 1.0108539970194104 1.0193011333341546 1.0258373671413836
161 NaN 1.0200244857641156 1.0344919687784435 1.0454805814010815
656 NaN 1.007320129350186 1.0123390489304913 1.0159075105049662
1162 NaN 1.0125878044419951 1.0217360376876552 1.0283955753981975
393 NaN 1.009690213455836 1.0185819120141255 1.0259124852002897
903 NaN 1.0142544156879119 1.0265289782522238 1.0367645349696186
1654 NaN 1.0071055916964422 1.0117191758921187 1.0145906633426942
1163 NaN 1.0085560548222248 1.015032343368035 1.0197786081913198
1917 NaN 1.0187289753795823 1.0328555577873928 1.043386616189271
904 NaN 1.0110603339517792 1.0195971594757833 1.0262047080692465
657 NaN 1.0094405431906375 1.0156884951467218 1.0194523145397403
162 NaN 1.004798896133991 1.0074287764294925 1.008483534016497
1918 NaN 1.013556143886813 1.0242918235814353 1.0329258824096896
905 NaN 1.0086741612943027 1.0153455823855253 1.020647804024259
1396 NaN 1.0080311615092372 1.0156001032733502 1.0217001314518734
906 NaN 1.011400287260621 1.020115007506759 1.0268163925230591
1655 NaN 1.0121493116654512 1.0213765786339484 1.0282591999400224
1164 NaN 1.0056986611061147 1.0100261007288036 1.0135029361276426
1397 NaN 1.0087035308057994 1.0149781905513466 1.0195140636617757
394 NaN 1.0129536945910946 1.0210630668032241 1.0265246997752917
907 NaN 1.0075092146394335 1.012697429808106 1.0162471601299587
1919 NaN 1.0085383637479626 1.0132936793730538 1.0158215956926961
658 NaN 1.0201321568447168 1.0349728794666146 1.0463624219513303
1398 NaN 1.011232845304749 1.0195852190888852 1.0257732443241903
395 NaN 1.002348292472277 1.0041285436341971 1.0052039732586417
659 NaN 1.0056743783477737 1.010110695650672 1.013224585510501
908 NaN 1.0086234259000686 1.0143755281636626 1.0180438735829318
1165 NaN 1.0149830471521932 1.027405948264061 1.0374608183029463
1656 NaN 0.9977197787976966 0.9953776391192257 0.9931446397949869
396 NaN 1.0093624370162053 1.0160609744636737 1.0208775317476557
660 NaN 1.0131180560200568 1.0240731821576985 1.0329774936466751
1920 NaN 1.0106001802803555 1.0165377810512886 1.0199715455935814
163 NaN 0.9990252320234124 0.9971207922433629 0.9941615132890594
909 NaN 1.013028207713465 1.0223081189167442 1.0289678858539082
1166 NaN 1.0149334001962043 1.0259960868463731 1.0343453182927962
661 NaN 1.0107011509956063 1.0189837472802226 1.0253913967651562
397 NaN 1.007918131587738 1.0136460862828875 1.0178428590029522
1657 NaN 1.0122924826334703 1.0222384951924728 1.03024610026185
1167 NaN 1.0125587483774816 1.0217828319292979 1.0286510663060218
910 NaN 1.0119552497452113 1.0203600304218656 1.02627719114186
1399 NaN 1.0250687955755458 1.0426222103448552 1.0558659210388925
398 NaN 1.0103394892113775 1.018515475628523 1.0249767037467945
1400 NaN 1.008478216305508 1.0145647890716658 1.0189524226986422
911 NaN 1.0115589879061526 1.0202428246114355 1.0268050845234877
1168 NaN 1.0119284729867613 1.0206287565938725 1.0272933191975966
1401 NaN 1.014084007889435 1.0238665087846637 1.0310455417256608
1169 NaN 1.0084969309738083 1.0149286266458168 1.0198270150148379
912 NaN 1.0127848482842543 1.0227131368170657 1.0304124317228296
399 NaN 1.0101165293253573 1.01802371093923 1.0240686896162865
662 NaN 1.0228651866999172 1.041032176391139 1.055217421287332
663 NaN 1.0114532956657805 1.020475241981534 1.0274070103077255
1402 NaN 1.0109276305815478 1.017275124248075 1.0211316573710612
1170 NaN 1.017977593624414 1.0333217177299177 1.046268618550482
164 NaN 1.0150581792037554 1.0261601178508697 1.0350906902696455
913 NaN 1.0161502664603042 1.0292220827425982 1.039572817329711
1658 NaN 1.0046401852395972 1.0100127653920499 1.0147981013749583
1171 NaN 1.0121798255793464 1.0209835748139549 1.02757338592599
1403 NaN 1.0062069701138685 1.0105089658469852 1.013251409289087
1172 NaN 1.0063674336006148 1.0104028578956785 1.0130647736012452
400 NaN 1.014262704506694 1.0267331124855876 1.0372411632116252
914 NaN 1.0137834195305713 1.0231570247582433 1.0296710213284095
165 NaN 1.005980714370546 1.0109349430775607 1.0147684336134823
915 NaN 1.011438696608888 1.0202045830635946 1.0269224067509106
664 NaN 1.0114000023088663 1.0194632343206191 1.0251631084478205
1921 NaN 1.0131818037661098 1.0248266014953071 1.0347033270796204
401 NaN 1.011000003938369 1.0187704056917453 1.0243999516736197
1922 NaN 1.0076798531962152 1.0129340093368204 1.0165344284059954
665 NaN 1.0020428763555356 1.0021619062482992 1.0012649091413393
916 NaN 1.0109204554668079 1.0187076512188469 1.0244595151743991
1923 NaN 1.007492315771004 1.0123204547435531 1.0154835600205756
166 NaN 1.0120175772231255 1.0214070908387836 1.0288577120864582
1659 NaN 1.0100318023977954 1.0151706140081702 1.017885794120714
1173 NaN 1.0062747350297667 1.0093843050919855 1.0108090831803525
402 NaN 0.9994976265593138 0.9982841771500182 0.9970104286793054
167 NaN 1.0087971772102922 1.0152624739172784 1.0199783714891792
666 NaN 1.0124636083379723 1.0214575422714798 1.0279779470898467
917 NaN 1.0050918595964653 1.0080581128968706 1.0097477917779074
1404 NaN 1.0170162289061786 1.0298811573810116 1.0402827138314925
1660 NaN 1.0095843946818106 1.016723251454095 1.022092832222849
403 NaN 1.0091224219407033 1.015763279864703 1.0205650929935817
168 NaN 1.011843565154441 1.0216063649207603 1.0295608176273312
1661 NaN 1.0095120412086842 1.0157943672840652 1.0199022738750165
404 NaN 1.012980045411792 1.0225686885564766 1.029657960640281
667 NaN 1.0092388070003941 1.0157632242518237 1.0204494230664458
1924 NaN 1.00619029031709 1.010062931657274 1.0120505642609026
1174 NaN 1.010424040909774 1.018986112136189 1.025921351801107
405 NaN 1.0122772059972103 1.0216020556690286 1.0286454772049016
668 NaN 1.0098945798854726 1.0172561122460138 1.0227547456000867
1405 NaN 1.0024627406776059 1.004924576530013 1.0070071600757926
918 NaN 1.0081484701445569 1.0119105384430909 1.0132881501772872
406 NaN 1.0085727432725298 1.014518387518971 1.0187424924341761
1406 NaN 1.0140144991526001 1.025200187764342 1.0343260777937813
1925 NaN 1.012256485743017 1.0208872766713577 1.0271059844399206
169 NaN 1.0116026532262448 1.0202552457931677 1.0265072873707783
1407 NaN 1.0118401045375272 1.021169984121997 1.028438895020744
1175 NaN 1.0043971571600339 1.0072411426726064 1.0086479442075964
1408 NaN 1.0104757522383512 1.018576299317735 1.0250129024330386
407 NaN 1.0145049467245504 1.025653938656933 1.0341776025373766
1176 NaN 1.0128989108528967 1.0220881261590054 1.0286191293696443
1926 NaN 1.0037479350717882 1.004655794912437 1.003875909989315
170 NaN 1.0102432329513953 1.0183921120141974 1.0247733254344842
1662 NaN 1.0008168872392205 1.0011753094700562 1.0008208726101842
669 NaN 1.0126098678606381 1.0220508912804707 1.029471011186585
1409 NaN 1.0143867993900748 1.0255773233516214 1.0343751643770467
670 NaN 1.0062927509529898 1.010931400146786 1.0141975907286562
1663 NaN 1.0033544418919575 1.0042542979737379 1.00437384303377
1177 NaN 1.010719136705384 1.0179340767504554 1.0229704925375491
1410 NaN 1.0067734275085058 1.010520210708264 1.0124271305085621
671 NaN 1.0156639977227389 1.0279876949978666 1.0375959896626
171 NaN 1.0144192398875245 1.0266802324016164 1.0371073445189467
1927 NaN 1.0112299963057165 1.0207031078486775 1.0285948134466163
1664 NaN 1.0105714884171504 1.0180117124649537 1.0234582948507136
1411 NaN 1.0138826855879288 1.023474598346888 1.0304596336224445
919 NaN 1.027096481065948 1.0479053701642138 1.0641881914258462
1178 NaN 1.007515062323157 1.0125441552187562 1.0158825572445813
172 NaN 1.0128628736833183 1.0228570700313386 1.0307456224846427
1412 NaN 1.0123446530255857 1.021804787728301 1.0290652467068953
1665 NaN 1.0106552412622298 1.0182133305822132 1.023804063242707
408 NaN 1.0036672058325977 1.0092555441594286 1.0147303861403443
1928 NaN 1.016908178777554 1.0304656202582578 1.041928617733795
672 NaN 1.016777034497177 1.0286061843256114 1.0373826962330206
1413 NaN 1.0109128771962705 1.0192210983515149 1.025567454202936
1929 NaN 1.0072596414364996 1.0125297555998436 1.016311042168282
1179 NaN 1.0053492183212052 1.0085448405662913 1.0104351745780324
1414 NaN 1.0130809135996315 1.02331778529786 1.0312496676283256
409 NaN 1.0106915680356456 1.0188535323486367 1.0250517375972812
920 NaN 1.0060123746288456 1.0106938167801727 1.0145895075778835
173 NaN 1.0056746846151192 1.0084519373765382 1.009066012029724
1666 NaN 1.0082543120652214 1.0135385449454277 1.0170424052818097
1415 NaN 1.011929564085053 1.0196613908992107 1.0250039448868757
1930 NaN 1.0074552036381876 1.013153145235038 1.0173168045454322
1667 NaN 1.0102509912058815 1.0178932029824557 1.0234993157031824
174 NaN 1.0120642575404433 1.0218704198378468 1.029638458290534
1180 NaN 1.013011655049869 1.0227823001838758 1.0304705574702475
1668 NaN 1.009464592891159 1.0164224963312958 1.0215923460493928
410 NaN 1.013172771413764 1.0219964784854187 1.0282546583555003
1416 NaN 1.0079469950056028 1.0140216677781828 1.0187775692378687
1181 NaN 1.006283890396366 1.0111620665938335 1.0148042934237969
175 NaN 1.0070254437979822 1.0111612381555957 1.013598775134841
921 NaN 1.0141297313886242 1.0240136726492 1.0311188202507273
1669 NaN 1.0098657266063495 1.0169871683253742 1.0224469726318324
1417 NaN 1.0079835412774079 1.0140033991987694 1.0186078099875893
176 NaN 1.007061983282263 1.0118133386208736 1.0150347521798586
1931 NaN 1.0081588336473781 1.012771215458146 1.0152784293745296
1418 NaN 1.0051161799185409 1.0078571418500526 1.0092197952900674
922 NaN 1.0076281076373863 1.0130773137728095 1.0168642908350642
673 NaN 0.996433571734174 0.9928321536245013 0.9882230592074182
1182 NaN 1.011898967862975 1.020563234402583 1.026793795692456
1670 NaN 1.0122227619562094 1.0215489864699376 1.028787334851393
411 NaN 1.0212085478975976 1.038877380573217 1.0535288668046157
1419 NaN 1.0169690260286104 1.0311711115662918 1.042758757948812
923 NaN 1.0108038397923331 1.0186049358981364 1.0243563095638368
1932 NaN 1.008382462573666 1.0133715020490603 1.0163253854114698
1671 NaN 1.0055207091772154 1.0093744344476328 1.0120028115498991
1420 NaN 1.0076975919736426 1.0135923817006987 1.0181364972911318
924 NaN 1.0099778400250563 1.0171795966072243 1.0224001280055077
1183 NaN 1.0156685694841212 1.0281422667977178 1.0381202424420948
412 NaN 1.0165285974429108 1.028958683810891 1.0385162535789307
1672 NaN 1.0083800726690137 1.0148157897666261 1.0195344160901805
1421 NaN 1.011223587070428 1.0203395249727738 1.0277175794786182
674 NaN 1.0074232567175594 1.0131206671712445 1.0174095481137644
1184 NaN 1.0103326755849067 1.0176639915161168 1.0230265221524664
925 NaN 1.0102886215686853 1.0176759948521277 1.0230824477943503
1933 NaN 1.0104857258884454 1.019342315475655 1.0265092393068977
1673 NaN 1.0080863974012515 1.0140946532124446 1.0185898267181313
1674 NaN 1.0122923954301128 1.0210715237593067 1.0274643964491725
1934 NaN 1.0096885366323738 1.0166098662504504 1.021560994198749
675 NaN 1.0116609563243242 1.0203830583219957 1.0271375523180086
1675 NaN 1.0104916024346384 1.018324808187438 1.024204618816585
1185 NaN 1.016837600874496 1.0303671844395967 1.0412606641831073
413 NaN 1.0145573424627166 1.0265294707364145 1.0365039072581124
676 NaN 1.0114408554452745 1.0208257470739601 1.028544621086663
1422 NaN 1.0157483985581446 1.028497292823295 1.0388824710754743
177 NaN 1.0231163206639147 1.0418075790652588 1.0570806575485427
1935 NaN 1.0197014370054394 1.0361402953296803 1.0500781453324741
1186 NaN 1.0165189700469615 1.0290857581766941 1.0385671767545035
414 NaN 1.0072107898395628 1.0115075886926677 1.0138130339480356
1423 NaN 1.011198338209564 1.0192254689865141 1.0252672127055629
677 NaN 1.0083099283682717 1.014435502978578 1.0189009203427608
1676 NaN 1.011266976576754 1.0202310272215753 1.0274397273985936
678 NaN 1.009872323358767 1.017270444591505 1.0228179956357497
1936 NaN 1.0100513086773553 1.0178544505242975 1.0238137097544018
415 NaN 1.0094548893800452 1.01761793781813 1.0246042046864197
1937 NaN 1.0114803424127774 1.019961455309609 1.026449385001971
1424 NaN 1.0109776666374561 1.0184077546613501 1.0236399908693319
1187 NaN 1.0093482346700484 1.0148634911628858 1.018001911376581
926 NaN 1.0042343160379483 1.0093348192688383 1.0142874572293274
178 NaN 1.0052097253936199 1.0093193857087626 1.0125728763379738
679 NaN 1.0042208249077575 1.0065142979535444 1.0076821120390913
927 NaN 1.0129090536487275 1.0233030693812688 1.0316773390029423
1425 NaN 1.008759137120598 1.0159721851875683 1.021767352896475
179 NaN 1.0118719434235952 1.019998822702996 1.0257806726169891
1188 NaN 1.0081732986430345 1.0143689115617003 1.0190186463430073
680 NaN 1.0164086906369505 1.029965397374639 1.041012623702817
1426 NaN 1.0116732768980805 1.0198037382208707 1.0256402558394448
681 NaN 1.011908495253041 1.0213113003414227 1.0286315565592472
416 NaN 1.0101615935092596 1.0165824418357656 1.0201289881669027
1677 NaN 1.012195134163163 1.0213855913644005 1.028295008126907
682 NaN 1.0083672706613218 1.0144305385442243 1.0187665104170858
180 NaN 1.00691660407968 1.0104562021602805 1.0121487510850318
1427 NaN 1.0107204525359808 1.0185624104927808 1.02437478646786
1189 NaN 1.006988260615689 1.010820561310137 1.0127947133381277
417 NaN 1.0130930542391052 1.0218756067807793 1.0279488063367437
1678 NaN 1.0119714375952382 1.0223308272022376 1.0310111767479964
1428 NaN 1.014362038118294 1.024718596685244 1.0321649696912758
418 NaN 1.0143310102691974 1.0250995955986932 1.0336371516830594
1679 NaN 1.0109630458454233 1.0194600454568992 1.025995578980988
928 NaN 1.0090483296533248 1.016755025602394 1.022992616715127
181 NaN 1.0065521315547594 1.010862551400119 1.0139019828269584
683 NaN 1.011239526163599 1.0194755313187016 1.0254226859627202
1938 NaN 1.0047255064832763 1.0075962743810494 1.009591785346125
1190 NaN 1.0037047462715563 1.0058445912666938 1.0070331993484105
1429 NaN 1.0105155183412058 1.0184831502790639 1.0245292483365362
1680 NaN 1.0116438259642149 1.019901425837665 1.02602222807507
929 NaN 1.009381925106313 1.0159082480342156 1.0205586582197792
684 NaN 1.0136280990453579 1.0241898678355528 1.0324981910789013
1939 NaN 1.0098764621820777 1.0176114714980167 1.023616277679301
1430 NaN 1.0079521046336153 1.0131267723260522 1.0165603932413738
1191 NaN 1.0128290275026826 1.0229940594645657 1.0309663853903555
930 NaN 1.0085359073887366 1.0144303868650593 1.018479823373313
1192 NaN 1.0074392288312246 1.0128289996754776 1.0167078906571576
685 NaN 1.0095045378548173 1.0166611640610854 1.021827923766451
1681 NaN 1.0167720236302964 1.0290272965792533 1.0384760710497538
1940 NaN 1.0112550123402835 1.0206363951964303 1.0285523293834489
419 NaN 1.0130067042662476 1.0241092256359492 1.0335111329618536
931 NaN 1.0150721147874624 1.026389990356704 1.03495559133779
420 NaN 1.011000054727383 1.0190812362686197 1.0251007964836536
1431 NaN 1.0134469152127465 1.0247099642923159 1.0340773957080782
686 NaN 1.0060539351274196 1.0101986508769676 1.0129727739018366
1193 NaN 1.011501378062281 1.0198355410490623 1.02596745909214
1432 NaN 1.0115282017066876 1.0201369466777173 1.02661376054776
1941 NaN 1.0103592463387387 1.0182252671994017 1.024228497195525
182 NaN 1.004569058135582 1.0068111395229447 1.0072973919407533
421 NaN 1.0007859402653558 1.0011502502342928 1.0007832834345467
1194 NaN 1.0062256703503027 1.009947559205317 1.0120977954778
1433 NaN 1.0077505977746393 1.012466775360754 1.015308940129726
1682 NaN 1.019553430248782 1.0330731903403751 1.0429787042370826
183 NaN 1.0112207626089917 1.0192198872791576 1.025026148596857
687 NaN 1.0059394528815857 1.0095524034711136 1.011774857167581
1942 NaN 1.0043216963694934 1.007273551182492 1.0091639187638484
1683 NaN 1.0092476497432423 1.0155097695413586 1.0197761745896576
932 NaN 1.0046615691443768 1.0058055120828704 1.004662351806227
1943 NaN 1.0090847313872648 1.0158545297605879 1.020819934389047
1434 NaN 1.0095772700784493 1.0161932705453547 1.0209519028172025
1684 NaN 1.0082933386659816 1.014508556331035 1.0193571111377424
1195 NaN 1.0155152858699439 1.0277530012810154 1.0374444117250758
1944 NaN 1.0079113516769713 1.0137152753215626 1.0179299671329949
933 NaN 1.0092845718113308 1.0159983246956084 1.0208186807451574
184 NaN 1.0083686478567306 1.0141769065096096 1.0179999363674899
688 NaN 1.007114534718913 1.013493130709538 1.0188340853062352
1196 NaN 1.0073410896430894 1.0125380400320299 1.016237595499553
1685 NaN 1.0143109089503808 1.0243449541813705 1.0315603425402224
1435 NaN 1.0090717455823532 1.0160940157831164 1.0217359135613888
1945 NaN 1.0034179059158315 1.0040471985631503 1.0032986263187675
934 NaN 1.0014646251253208 1.0015359139621551 1.0008908094531725
422 NaN 1.0236440964619822 1.0439354052269696 1.0611253377317436
1686 NaN 1.007291818355416 1.012357399927997 1.0159204038881957
423 NaN 1.0108754745568123 1.0187533937981357 1.024597204243988
185 NaN 1.0100935283115726 1.018630910340274 1.0260103007882335
1197 NaN 1.0167296133178985 1.0304798181967842 1.041421711988875
1436 NaN 1.0059395252284866 1.008166203114934 1.0084750948104437
1946 NaN 1.0170735959996735 1.0308530963707196 1.0421257388273901
935 NaN 1.0073359720943218 1.0116642913301277 1.0139913892460024
1687 NaN 1.0075840106967986 1.0126860780972986 1.0159818314380968
186 NaN 1.0108074892547982 1.0187790749264471 1.0247454597294299
936 NaN 1.0109298165755733 1.018789490397971 1.0244599640803067
187 NaN 1.0123139179759644 1.0211806380675323 1.0275564238225283
1198 NaN 1.0235668416548187 1.044807794563667 1.0633636921109955
689 NaN 1.014180200722268 1.0295359490470926 1.044196659687555
424 NaN 1.0163712987142823 1.03071514832639 1.0431764670534347
1688 NaN 0.999111581753408 0.9976690622509227 0.9955524147782515
1437 NaN 1.0201004851212565 1.0344718002825726 1.0447320698583227
1199 NaN 1.0083369332727807 1.0143589160921138 1.018687838571102
1438 NaN 1.0075380702990842 1.012682864323351 1.0162511074841125
1439 NaN 1.0125235992851054 1.022021987456638 1.029391680129792
1947 NaN 1.010251656241061 1.0178904579321797 1.0243801966571002
937 NaN 1.008482826404553 1.014214833370662 1.0177283542283821
425 NaN 1.009276240428494 1.0175354960386895 1.0246011619169764
188 NaN 1.0125015766995915 1.0216976299264708 1.0290002153533744
1200 NaN 1.0086779408701496 1.0139065001710614 1.0170244914865036
1948 NaN 1.0099433211161366 1.0172398127895823 1.0226121367552417
690 NaN 1.011310616393206 1.0201869700473933 1.0272522694339719
1201 NaN 1.0117534266003576 1.0204731564329268 1.027057292499544
1689 NaN 1.0122226715600724 1.0195105981553068 1.0240931880963828
1440 NaN 1.010669360572687 1.0180739414930402 1.0233407372014294
426 NaN 1.012530304784224 1.0218495005431474 1.0289255084374525
938 NaN 1.0065736823236366 1.0118219529936487 1.01588448010602
1949 NaN 1.0116405059119953 1.0203073532365707 1.027031120787765
1202 NaN 1.00997822145754 1.0174740772034336 1.023004608231336
1441 NaN 1.0131227979548805 1.0231479433103332 1.030854430429276
189 NaN 1.0061573802376023 1.0120629120561404 1.0171338171853956
691 NaN 1.0089265196912096 1.0154463295409484 1.020184448166647
1690 NaN 1.0163750115244672 1.029114368242383 1.0390562221320114
427 NaN 1.010185925654297 1.017562265384733 1.023105280802968
190 NaN 1.011458739186439 1.0201365868882155 1.0268285020095256
1950 NaN 1.0110255790313227 1.0177277873213728 1.0220775731100595
1442 NaN 1.0182677907567712 1.0322097499600051 1.0433028465535743
1691 NaN 1.0115960378174502 1.0203414928091459 1.0270124129215947
939 NaN 1.0117862492624636 1.0205340618488827 1.0273698312561685
1443 NaN 1.0074634434763885 1.012684287236979 1.0164061263319426
428 NaN 1.0135411279867785 1.023348281359762 1.0307455609823148
940 NaN 1.0126527637911047 1.0224846797477924 1.0300933486885857
1692 NaN 1.0156293144958382 1.027632649617945 1.0369408657660957
1444 NaN 1.0137636675628776 1.0242234480191819 1.0324023957172537
1203 NaN 0.9982632657486857 0.9964280315925114 0.9945836307522798
1951 NaN 1.0012159555160205 1.0012465115225206 1.0004652503230753
1445 NaN 1.006563707160892 1.011156021976804 1.0142865842366549
1693 NaN 1.012673242457048 1.0221439518828896 1.029226362844422
692 NaN 1.0265704787987084 1.049758265765717 1.069058327284743
1952 NaN 1.0095179225371624 1.0160973814898826 1.020810359754852
1204 NaN 1.0126298581918685 1.0223657753947155 1.0298162094979546
429 NaN 1.0052634441460246 1.0086751171998214 1.010932973853082
693 NaN 1.011842867950023 1.020852829497004 1.0276178239567708
1205 NaN 1.010813217341176 1.0189235147382334 1.025150858000455
1953 NaN 1.011465246788471 1.0207343792126586 1.0279720556091785
1446 NaN 1.012890173331119 1.0225441096388679 1.0299372739013024
191 NaN 1.015444645205147 1.0266705735892132 1.0356996563649497
1694 NaN 1.0157165021673715 1.0282381431624845 1.0383630219726447
694 NaN 1.005263195733996 1.0092134679674842 1.012091675224929
1206 NaN 1.013390177869473 1.0234106124520486 1.0310406541120112
941 NaN 1.0129002474874607 1.022908473230654 1.0310936042638885
1954 NaN 1.0098366895571511 1.0165458289212308 1.0212383320374725
695 NaN 1.0126038705767935 1.0225463720522778 1.0303503156019114
430 NaN 1.0147595281918642 1.0261148059788414 1.0352050592983002
192 NaN 1.0127775889650306 1.0229402883080367 1.031013058558235
942 NaN 1.013146125259702 1.023275516182222 1.0312111616235269
1695 NaN 1.0112107330949802 1.020300121112355 1.0275196301788154
1447 NaN 1.009162986838262 1.0158923046643833 1.0211319306651552
1207 NaN 1.010147595553789 1.01557344097495 1.018360734692913
1696 NaN 1.018085251326895 1.0332786377334553 1.0458926787640015
1448 NaN 1.0076745697222889 1.0121214046159204 1.0146481881175455
193 NaN 1.0120883344506157 1.0227501870776974 1.031861252820909
696 NaN 1.011369196188702 1.01865998652201 1.023865532001547
431 NaN 0.9973946748800309 0.9942159975438911 0.9910964307645151
1449 NaN 1.0102380008932899 1.0176888940834943 1.0232543390498294
1955 NaN 1.0059118135112382 1.011242000525284 1.0155909982909488
1697 NaN 1.0057382927556524 1.0110106596053468 1.0153713707539442
432 NaN 1.0087384666287496 1.0144478978492388 1.018227568788075
194 NaN 1.0081376921929632 1.014444177849868 1.0194523727838354
1208 NaN 1.0115175172622386 1.0194064716441191 1.0246818359927852
1450 NaN 1.0071095553985352 1.0117768008438235 1.0147791134747457
1956 NaN 1.0121080342289606 1.0205404152969813 1.0265946115899636
1698 NaN 1.0127396624702534 1.022571269515456 1.0302960020748106
1209 NaN 1.0109635648025528 1.019410223175891 1.0258596369616895
943 NaN 1.0107431093758514 1.020061791921987 1.0284313129344749
1451 NaN 1.010007631073817 1.0183679778094026 1.0252734485178043
195 NaN 1.0087448461728683 1.0152734082899668 1.020166804969437
1210 NaN 1.007725108755293 1.0126294727630245 1.0157903996232338
196 NaN 1.0088890759289166 1.0150209247089987 1.0194095661430826
1699 NaN 1.0075911040726941 1.013546392406408 1.0180880636274394
1957 NaN 1.0125120405752999 1.0206292449106182 1.0263844873204782
1452 NaN 1.01526751916252 1.0275126222261197 1.0372001763358831
433 NaN 1.008420926063769 1.0149126010074694 1.0200576656773759
697 NaN 1.0096365368505629 1.016941519501843 1.02234644649424
197 NaN 1.0084363853269065 1.013889165868365 1.0174946568312508
944 NaN 1.0054157457599457 1.0084021654427422 1.0101009153698912
1211 NaN 1.0197239261561601 1.0343446050613156 1.045817707016038
1958 NaN 1.01057269815198 1.0191087467032411 1.0262101981533096
1212 NaN 1.0131317825326787 1.0237600367791162 1.0323487175674586
945 NaN 1.0109776490770293 1.0196845963159344 1.0265975545779662
1700 NaN 1.0119705484691965 1.0216772153429785 1.0295016654350642
698 NaN 1.011231293273069 1.019576747011228 1.0259854490225142
1453 NaN 1.0109667364723862 1.0196026809390328 1.0264907927014435
1959 NaN 1.0098333304992915 1.0170604396241991 1.0225605265447726
198 NaN 1.0151943997728845 1.0259133262851579 1.0334653566280256
946 NaN 1.0156446435969322 1.0278857396154693 1.0376188339168635
699 NaN 1.0120345064254779 1.0213410104686698 1.0286347708072856
1454 NaN 1.0086449516045428 1.0145628809438012 1.0187074619747603
1455 NaN 1.0082013438555038 1.014400328888012 1.0192465197192428
199 NaN 1.0231938992563294 1.0417233770269672 1.0567815463244286
947 NaN 1.0163411938289408 1.028694896888853 1.038650074896875
1701 NaN 1.0173761023977592 1.031662399868062 1.0433394184515468
700 NaN 1.0123619832729633 1.0208602549415189 1.027074027712824
200 NaN 1.012750718942289 1.0222347002390673 1.0294696152028704
1456 NaN 1.0114646933790474 1.019686638567678 1.0256192728918516
1213 NaN 1.0257679351729092 1.0477110236302345 1.065903991581521
948 NaN 1.0132873183375233 1.0227923134632753 1.0299253886631696
434 NaN 0.9961714667746523 0.9934002006301558 0.9908451280803181
1702 NaN 1.0086630015308282 1.0146634079238868 1.018883024497766
201 NaN 1.0100566853410933 1.0180077708923077 1.024166057226963
949 NaN 1.009701084275665 1.0161987360984246 1.0205825992099458
435 NaN 1.0115012346376668 1.0206777387207266 1.0278222149006377
1960 NaN 1.0096657833941782 1.0158771286625996 1.0194688056046979
202 NaN 1.0093938534283398 1.0157967348547328 1.0202974599917687
1214 NaN 1.0103366744655031 1.0166485171800428 1.0204801104778751
701 NaN 1.0110725964526814 1.020563323601522 1.0285261944086261
203 NaN 1.010645319190157 1.01820355781967 1.0235665237644738
1961 NaN 1.0118596308586378 1.0213379089735188 1.0288720677679497
1457 NaN 1.0186667684844606 1.0327111125839807 1.0438695215530642
1703 NaN 1.0130180575450527 1.0247004212521162 1.0344530940860268
436 NaN 1.013862585410689 1.02473732857421 1.0329023159530186
1215 NaN 1.0086678785639966 1.0148749565563169 1.0193211636448425
1962 NaN 1.0129745734665168 1.022363804507863 1.029317600679454
204 NaN 1.0090954196642692 1.0155300334933732 1.020302174803626
702 NaN 1.0121583607134188 1.021237207203487 1.028020816552612
1458 NaN 1.0100403554162611 1.0168219221636494 1.021218201564939
703 NaN 1.0079056032770266 1.013301694964009 1.0170460049885361
1216 NaN 1.0131213352843034 1.0229942327754558 1.0301428786721993
1963 NaN 1.0294388548499378 1.0543436120958312 1.0754003477844405
437 NaN 1.0134875789312003 1.0226734171680532 1.029303831976997
1217 NaN 1.0126521746748394 1.022479802046056 1.030117420524306
205 NaN 1.0140544285011008 1.0239779188667302 1.0319778546630771
206 NaN 1.0101803920491639 1.0170345326287806 1.0216921528662763
1459 NaN 1.0080003115693557 1.0143110056301377 1.0190292804522443
950 NaN 0.9986148370995044 0.993691541840673 0.9870884260087042
1218 NaN 1.0087498255738214 1.0144745346487247 1.0184028210538636
438 NaN 1.0124199493045851 1.0215208731798189 1.0282431026945567
1964 NaN 1.0142211783154633 1.0245821300141071 1.0325667689170923
951 NaN 1.0094742178508347 1.0153958996378596 1.0187858925021722
207 NaN 1.0125989641613422 1.021250038173411 1.0274334902173234
704 NaN 1.0209994995653997 1.0364677391177388 1.047983409320405
1219 NaN 0.9990425250484191 0.9986373226808173 0.9982914171403896
1460 NaN 1.0147343755759641 1.0250413221854402 1.0327743488633445
952 NaN 1.0127910189568468 1.0228317008838705 1.0307505797877505
208 NaN 1.011541335522126 1.0205509374222363 1.0273173130247104
1965 NaN 1.0112546572474075 1.0190349925186046 1.0246346188638542
1704 NaN 1.0175071442735095 1.026779453067579 1.0329229524415522
439 NaN 1.0050552709315073 1.0084028116498858 1.0106005939441307
705 NaN 1.0113935656281257 1.0198697040620763 1.0261269690870936
1966 NaN 1.011907171645919 1.0208870011580247 1.027625830452926
1461 NaN 1.012830269017468 1.022123107780484 1.0289336532196305
1220 NaN 1.0144266129000787 1.0256114475121019 1.0343945259589282
209 NaN 1.0093717465203247 1.0160867933247366 1.020706065829413
1705 NaN 1.010493726198973 1.0184241313067364 1.0244411710223946
440 NaN 1.0101110377642943 1.0176058630826037 1.0231126048139692
1967 NaN 1.0113629670954798 1.020373641141888 1.0274499672748694
953 NaN 1.0110074616933151 1.0181771932272785 1.022969119359711
1706 NaN 1.0124330206007337 1.02156295166507 1.0284574568954958
210 NaN 1.0145584263887795 1.0258183070028952 1.0346480451101843
1968 NaN 1.0144342552312218 1.0254281573479038 1.034103096070963
954 NaN 1.0109170268775949 1.0190463905723008 1.0252986952914116
1969 NaN 1.0107240222648106 1.0187666846076533 1.024858704100377
1707 NaN 1.0107660379277343 1.0191659654345069 1.0257918449583965
1462 NaN 1.013767011042972 1.0235437575058013 1.0306920083132558
1221 NaN 1.006246950544267 1.008637973859705 1.0090846857773665
441 NaN 1.019163489626265 1.034579648128951 1.047077231106444
211 NaN 1.0134483894286785 1.0244249344244658 1.0334587531145718
955 NaN 1.0140473500809983 1.0254563886122898 1.0347299217555488
1970 NaN 1.0128605934284993 1.0221883247700245 1.0289394182504517
1222 NaN 1.0100344430648032 1.0178395759038188 1.0238951002819119
1463 NaN 1.007661247382204 1.0140718339716905 1.0192107597701523
212 NaN 1.0052057829432377 1.0062674265673481 1.0054428338529304
956 NaN 1.0095505766035735 1.0166106166142566 1.0218763420467178
1708 NaN 1.0101430820212451 1.017281447170454 1.022195970663066
442 NaN 1.009358129050823 1.0161624054368752 1.0210571265230195
1971 NaN 1.009035801068847 1.0156281399966849 1.0204928422556552
1223 NaN 1.006724566534695 1.0114567255475413 1.01485721244542
213 NaN 1.011117421508371 1.019531525115149 1.0260002656328027
957 NaN 1.0081670973361627 1.0138514208525329 1.0179310412108449
214 NaN 1.0091814821562992 1.0155998694564388 1.0201464727958856
1464 NaN 1.0057145786553348 1.0094886614946919 1.0119587424235097
1224 NaN 1.013810570448812 1.0243103536134395 1.032381063894348
1972 NaN 1.0102426379706761 1.0174025742324222 1.0225515272544081
706 NaN 1.0229378583887418 1.0407468187267717 1.0539324799897083
1225 NaN 1.0053210663358796 1.0089234688424993 1.011266252566589
1465 NaN 1.0120953430266206 1.0213605781862765 1.027974430647387
215 NaN 1.0070165358685286 1.0126551052123238 1.0170263825302348
958 NaN 1.0120148706808907 1.0208229870819605 1.0271186345431895
216 NaN 1.0113597450601783 1.0200981110847709 1.026851843484393
1226 NaN 1.0101503456836312 1.0195862154416546 1.027836747629066
443 NaN 1.0049384661185716 1.0091964643769673 1.0125965801548755
1973 NaN 1.0109206239569335 1.018616866887792 1.024635309074805
959 NaN 1.004061496344955 1.0068300259971195 1.0083726416904313
1709 NaN 1.0078910264258487 1.0134365348024046 1.0170650711839884
1974 NaN 1.008082706751621 1.0137268640883885 1.0176704386776712
1227 NaN 1.0145326558154608 1.0256594821301717 1.034330901071134
217 NaN 1.0099147217359776 1.016153700120316 1.0199937452851016
707 NaN 1.0287215490775814 1.051699502218433 1.0706909694884044
444 NaN 1.0077771875837576 1.0136111663099914 1.0179081789697566
960 NaN 1.0118547407068468 1.0199964935527497 1.0257515291491421
1710 NaN 1.0082235678519451 1.0143268429983716 1.0187502972842524
1228 NaN 1.0097195820411813 1.0172745579484068 1.0233264538968707
445 NaN 1.0128120731136585 1.022013339304151 1.0289006115838417
961 NaN 1.0143223146206428 1.0258007233509316 1.034838307368125
1711 NaN 1.0128439344265814 1.0224006569978001 1.029632711709973
1466 NaN 1.0191761128633698 1.0353975729857339 1.048826983465039
1712 NaN 1.011691226187737 1.0207577978085773 1.0278083664684659
708 NaN 1.0063394559724494 1.0096306053515747 1.0112219917604812
218 NaN 1.0173512653791734 1.0300337749486317 1.0399086202909835
1467 NaN 1.0109968737377872 1.0196897942217167 1.026525274411914
709 NaN 1.01000021635536 1.0169518334195415 1.0219358547542348
1713 NaN 1.0109597356656563 1.0191240550474412 1.025360276757921
446 NaN 1.0046085906294522 1.0094630360664634 1.0137013499231822
962 NaN 1.0180198426929825 1.0323117772444586 1.0436608567401542
219 NaN 1.0140192545713977 1.0241542355126318 1.0315681937974603
1714 NaN 1.0117372560867492 1.0201871385989223 1.0264101798362506
1468 NaN 1.0130343298113795 1.0221882789254624 1.0285457148344817
1229 NaN 1.013929960703111 1.026263428812846 1.0361453796591553
963 NaN 1.0110094968102064 1.020014192855611 1.0271950851493403
220 NaN 1.013742540831878 1.0242593220486154 1.032237262934254
1230 NaN 1.0103221804947358 1.0175892377475244 1.0228933142372367
710 NaN 1.0196043129508348 1.0331113257017643 1.0423427632412414
1715 NaN 1.0164907703467216 1.0294378059782692 1.0394296244884416
1469 NaN 1.015724896868938 1.0261469249611554 1.033620533124816
1231 NaN 1.0041673955771329 1.0065606963559135 1.0077641655652207
221 NaN 1.0137172323936938 1.0236255306817945 1.0310798883769492
964 NaN 1.0120042752229772 1.0213477218694973 1.0285518193256638
711 NaN 1.0119469704049993 1.0199622684723901 1.0256480578882363
712 NaN 1.0112703650067323 1.0200272430207737 1.0269413401450715
965 NaN 1.014354818658662 1.0257865356970248 1.0348925235754955
222 NaN 1.0137121612915316 1.0245329420302864 1.0332105957748463
1470 NaN 1.003629505507137 1.0044315292880253 1.0036777409759332
447 NaN 1.0071109826236426 1.014398812681844 1.0210660872513957
1716 NaN 1.013168799836224 1.0248118736936462 1.0347824667178895
1232 NaN 1.0053125062391728 1.0088035134087292 1.0109260773940631
966 NaN 1.0101084381365426 1.0174979197368428 1.022805923930897
1717 NaN 1.0106025621049841 1.0181624543815193 1.0237027001697958
1233 NaN 1.0114573151367343 1.0202831432445376 1.0270802769456129
1471 NaN 1.0054663794947547 1.0095818935725986 1.012584230858548
448 NaN 1.0089424827556512 1.0152861534312825 1.0198053920761778
967 NaN 1.0052133040084932 1.0079005267283896 1.0090889625245532
1718 NaN 1.0100072700877714 1.0176816311168644 1.0234920776681977
223 NaN 1.019808882892973 1.03515803365322 1.0473914382277805
1472 NaN 1.0122616988696131 1.021329639484545 1.0281965260357038
449 NaN 1.0118553601218485 1.0206307793320861 1.0272146047670918
968 NaN 1.0110760269063572 1.0187570618257238 1.0240219993145907
713 NaN 1.0161137894033527 1.02796362175853 1.0369476462477782
224 NaN 1.01266771915792 1.0228193210288137 1.0310664259131193
1473 NaN 1.0070387623605104 1.0118276661252115 1.014915703600163
1719 NaN 1.0081812824161331 1.0132328095197616 1.0161318371770565
714 NaN 1.0125677453390713 1.0221563788871 1.029511517428998
450 NaN 1.014111513005643 1.0253631846143072 1.0341715725686644
969 NaN 1.0074600075776503 1.0128116795902298 1.0165812677631774
1234 NaN 1.0166171239886084 1.0304130328912853 1.041551273298819
1474 NaN 1.0150599971900123 1.0267817627335938 1.0357627818658612
970 NaN 1.0153565714382016 1.0263190765009136 1.0345479348151665
225 NaN 1.0072386570592284 1.0110087481795806 1.0129851730434032
451 NaN 0.9977966859141955 0.9932138947251373 0.9878176350947883
1975 NaN 1.0213338089434367 1.0403139726145807 1.0563257213699904
226 NaN 1.0082699085547635 1.0149504943435792 1.020038399860839
452 NaN 1.0108157419051682 1.0187147128442056 1.0245529027237525
971 NaN 1.0039641961310868 1.0038150706268791 1.0013594454268124
1720 NaN 1.0149414501930172 1.0244368945992195 1.0305352188080719
1976 NaN 1.0069646343227667 1.0118658171594364 1.0152368495001771
715 NaN 1.0111296027155174 1.0193852630770714 1.025946704040157
227 NaN 1.0135722923085073 1.024158602990096 1.0325228082939033
1475 NaN 1.0094524731685741 1.0164540612756592 1.0220004711883601
1235 NaN 1.016045622342536 1.0271658676414175 1.0348447040646673
453 NaN 1.0068363336468777 1.010001379826793 1.011214648182181
1977 NaN 1.0103300872592957 1.017074438000984 1.0216639327409207
1721 NaN 1.008831651937564 1.0161433194431746 1.0218375035755558
716 NaN 1.0128248970598352 1.022269086847656 1.0294080717704854
454 NaN 1.014418520409516 1.0253169673474514 1.0337347495831049
1476 NaN 1.0096690110629538 1.0165593134468702 1.0215210397563224
1722 NaN 1.0111884744532995 1.0196005035240159 1.0260580949290283
972 NaN 1.021079580219891 1.0383978925947535 1.0525346473056245
1978 NaN 1.010913048009927 1.0181308278291643 1.0232163663570975
1236 NaN 1.0096461823419445 1.0161577997878584 1.020595025044163
717 NaN 0.9976401726739864 0.9932277105347637 0.9883836998443093
1237 NaN 1.011693832887036 1.0207111972356797 1.0275697112030326
973 NaN 1.0111728220292409 1.019544658026518 1.0258287110385644
1723 NaN 1.0155797463782823 1.028906210207987 1.039943449834107
1477 NaN 1.0135634052034448 1.0217664889457252 1.0272117467667035
1724 NaN 1.009374005764851 1.0169932206562322 1.0228973251440427
228 NaN 1.014982378281037 1.0274363936626656 1.0372552931401837
1238 NaN 1.0099561705981057 1.0167075888998034 1.021460912334425
455 NaN 1.0153876336229393 1.0265221456631637 1.0348926311766007
718 NaN 1.002644949476207 1.004316251449112 1.0049050737967364
229 NaN 1.0074999588183755 1.0124314987447245 1.0158070537754196
1478 NaN 1.0068232543285411 1.0115525233741387 1.0146811993425842
1239 NaN 1.0088206994440527 1.0155437806778036 1.0207753919637088
1979 NaN 1.008796635506828 1.0135296523587547 1.0158167550559767
1479 NaN 1.0155917680661122 1.027970885081213 1.0378447040339407
1725 NaN 1.0094735896106937 1.0159097763971974 1.0206072072669279
974 NaN 1.0211421388240136 1.0377456610213764 1.0509936794998052
1240 NaN 1.0117163469108206 1.020180733917471 1.0264161215157128
456 NaN 1.0106103745580401 1.0188488452326396 1.0256231946043088
1726 NaN 1.0095051629346772 1.0163230221418276 1.0213126744211805
975 NaN 1.008897984822679 1.0149865347473785 1.0191265185775038
1480 NaN 1.0132620812661322 1.0234658687725855 1.0314954435509756
1241 NaN 1.009312460077246 1.016441073072998 1.0218515713571947
976 NaN 1.0111462439877954 1.0193092032257567 1.0252800573346816
1481 NaN 1.0119871228277966 1.021227530534418 1.0283574085361766
457 NaN 1.0074154211250745 1.011438784959909 1.0135362990291972
719 NaN 1.0084849151312325 1.01384544516961 1.0172706795648099
1980 NaN 1.0131559485026742 1.0231005953749919 1.0309448746325716
458 NaN 1.0121715263607112 1.0212739844783185 1.0282463167070595
1727 NaN 1.0087995150424829 1.014652476199831 1.0185012663239579
977 NaN 1.0167560050641917 1.0295901467489073 1.0396097416636825
230 NaN 1.018315780118474 1.0325178461186628 1.043617926251907
1242 NaN 1.0154595908104096 1.0282111092295618 1.0388484166990597
1981 NaN 1.0104903366779059 1.018770231197033 1.0252593516895203
978 NaN 1.011143716958296 1.0191429330228914 1.0251337644103153
459 NaN 1.0102822950810488 1.017767670461464 1.0232004230758127
1728 NaN 1.0178699712739676 1.0314050256409542 1.0419811942846722
1482 NaN 1.0109346877189846 1.0184496460936967 1.0239679404816007
979 NaN 1.0075799573966557 1.012726541099323 1.0161577705837574
231 NaN 1.0077609485918022 1.0137567065315827 1.0182098515552016
1243 NaN 1.0113343723311328 1.0196633719955728 1.026004376630409
460 NaN 1.0136104821539147 1.0242317397355167 1.0324096059982306
1729 NaN 1.0174894101704524 1.0313988078112137 1.042697722446265
1483 NaN 1.0078180438164233 1.0133314516978025 1.0173009141098472
1982 NaN 1.0002478754459285 0.9993557135720759 0.9971653851596821
232 NaN 1.0115828070093167 1.02053229522729 1.0276226331489209
980 NaN 1.0094971061830653 1.0159806776095706 1.0208723194111913
461 NaN 1.0100834525131293 1.018400017874558 1.0249835657501232
1244 NaN 1.0055950309010622 1.0097175364755129 1.0127797697478509
233 NaN 1.0082984109734345 1.014146328848212 1.0182103141113403
1730 NaN 1.0117939775070595 1.0202992013968224 1.026542518339459
1484 NaN 0.9975624337087954 0.9943706279481007 0.9909671265632838
1245 NaN 1.0088608987833305 1.014925866387555 1.0190618577125397
720 NaN 1.0203059749955894 1.0389409908826717 1.05516408921014
1983 NaN 1.0067428091778718 1.010483511249592 1.01256048867791
1485 NaN 1.0119325134344554 1.020649134276299 1.0271204416642659
981 NaN 1.000569474877951 1.0020342112615648 1.0032145850510503
1731 NaN 1.0121792082292185 1.0217099117165103 1.0292045963010585
721 NaN 1.0096863205679254 1.017244341666063 1.023218735223573
234 NaN 1.0094902816204523 1.0165714509525494 1.0216552491470778
1486 NaN 1.0133027278771247 1.0233986239425295 1.0311795435005564
1246 NaN 1.0082925946347194 1.0138063383587292 1.0177428894184937
1732 NaN 1.006404242832078 1.0103870714699694 1.012730576007306
1984 NaN 1.0135694924540646 1.0232846141135372 1.0304228748934277
982 NaN 1.0145436750827355 1.0260300044337716 1.0350132749342136
1487 NaN 1.010238862465054 1.0171009002663407 1.021672803668761
1247 NaN 1.0104253761794013 1.01832795468447 1.0241324847196638
1733 NaN 1.0094262686610826 1.016164931786004 1.0210516042975113
983 NaN 1.0097297851987466 1.0168521566512203 1.0221277990408217
235 NaN 1.0131007934109826 1.023375722024946 1.0315725619368887
722 NaN 1.0123875780622127 1.0209083654529203 1.027162564919243
984 NaN 1.0104801399577703 1.017870753562864 1.0232911066436985
1488 NaN 1.0152674473580194 1.02781663420829 1.0377115110028727
236 NaN 1.0131963467485512 1.02347410230653 1.0316940682919884
1248 NaN 1.0088574818350122 1.0161313479396972 1.0220945165467552
1734 NaN 1.010803788999637 1.0184122612755622 1.0241511747956984
723 NaN 1.0133271578219223 1.02365752993235 1.031715132095811
1985 NaN 1.0055449206224947 1.007477238988298 1.0079282714443867
1249 NaN 1.008127314307917 1.0141710357281897 1.0190620378756365
985 NaN 1.0076200263743296 1.012913940758674 1.0165461272081706
237 NaN 1.0070543285839202 1.0113961347434277 1.0138302400460666
1986 NaN 1.0103992634892751 1.0179846224194828 1.0236289923348532
1489 NaN 1.0114562706855967 1.0199203257529317 1.0265279765520283
724 NaN 1.0102611761131624 1.018502451617661 1.024975783056047
1250 NaN 1.0116590674330204 1.0199992655936663 1.0262192249052196
1987 NaN 1.0098538323290778 1.0171431543974556 1.022801298475583
462 NaN 1.0443061333573567 1.080413516917671 1.110441956629441
986 NaN 1.0126765275486802 1.021594748796675 1.0279673446976714
725 NaN 1.0120381202653284 1.0223270647250082 1.0307045460889526
1735 NaN 1.0170278761383094 1.0280454855887968 1.0357300919206915
238 NaN 1.0115552687699652 1.0195487478378706 1.0253162971041296
463 NaN 1.0072573940057756 1.0123395354390805 1.015872807520457
987 NaN 1.0101436906814911 1.0174930414271803 1.0229863933034935
464 NaN 1.0109689315278803 1.0188097842335575 1.0244779209126347
1988 NaN 1.0122787450969943 1.0214580799956927 1.028315140362461
1736 NaN 1.012140156233781 1.0212593870956201 1.0281282220278578
726 NaN 1.0137554647587161 1.0240482748303517 1.0318472422070608
239 NaN 1.0128824546911275 1.0229622622166712 1.0309478849328146
1737 NaN 1.0130920710052334 1.0227746529652741 1.030040171240835
465 NaN 1.0086085089003904 1.015030487813744 1.019973258069409
1490 NaN 1.0097195669185604 1.0158660848433274 1.0199673161393956
1738 NaN 1.0102818874710269 1.0181640930834046 1.0242514001585874
727 NaN 1.0073784088787516 1.01221018777646 1.0152556995521946
988 NaN 1.0065363734629633 1.0111664047584885 1.0144929390667694
1989 NaN 1.0160493612244332 1.0278187463985367 1.036897746252265
466 NaN 1.0162546530892866 1.0279012718969656 1.0364899113787094
728 NaN 1.0069772166758955 1.0116216224641983 1.014891077947798
1739 NaN 1.0107497425120404 1.0190224730842625 1.025337660287665
240 NaN 1.0125855639890389 1.022783266324784 1.0313218486109184
989 NaN 1.0112462890605889 1.0196053247396386 1.0258447380551954
1740 NaN 1.0108162816298232 1.0187364648505748 1.0246248066943637
1491 NaN 1.0122734860070879 1.0213143198564922 1.0281786730386846
241 NaN 1.0097192756573163 1.0165263768646866 1.0213758695924808
1990 NaN 1.010687820478993 1.0185593281860634 1.024553163692787
467 NaN 1.0156551794661746 1.0267025717523386 1.0350008016026186
729 NaN 1.0053620249126516 1.008456818172856 1.0101742035524577
990 NaN 1.0145712591924068 1.0256255041489568 1.0342901889193514
468 NaN 1.0091061065418792 1.0162673792977839 1.021920139518453
1492 NaN 1.0120352317915577 1.0194519067346786 1.0239134037753423
730 NaN 1.0149678985310444 1.0264128541183226 1.0350368864784494
242 NaN 1.0182540258297368 1.0320593227560002 1.0429206968857863
1741 NaN 1.0204238562028423 1.0379250705515772 1.0524347036772648
1493 NaN 1.0086704262547905 1.01287037091827 1.0147331145243674
243 NaN 1.0091684137422043 1.0158099297339662 1.0207326917307344
469 NaN 1.012778384791782 1.0221358572219779 1.0292292924587412
991 NaN 1.0176607467293635 1.0307143042470157 1.040638176235323
731 NaN 1.0137979908096355 1.0235747147621819 1.0309097002704328
1742 NaN 1.0119237249549404 1.0211282533830037 1.0281989398728029
1991 NaN 0.9981619101956222 0.9965338097632994 0.9942910729018366
992 NaN 1.008849808217382 1.0153278512773827 1.0202453562866292
1743 NaN 1.0068118407568214 1.0107511159775553 1.0128756772758822
244 NaN 1.0074159839512904 1.0125775004642579 1.015986424907589
732 NaN 1.0141074151648302 1.0243003671441882 1.0319017364719314
1494 NaN 1.0063435524057167 1.0112424153519193 1.0147655703886256
1992 NaN 1.0071879404128885 1.0121784602872699 1.0155111517447033
993 NaN 1.0097858628120993 1.016987092564261 1.0223022220658147
1993 NaN 1.0120293028603164 1.0214449594771406 1.0287799282010874
733 NaN 1.0147497779319037 1.025938330988933 1.034693734751826
1994 NaN 1.0067834347594424 1.0115476642473324 1.0147332481444173
245 NaN 1.020226562838995 1.0358843474928467 1.0478397619704078
1744 NaN 1.008397471457357 1.0163730660249104 1.0224524872211933
734 NaN 1.0139917362364768 1.0247601184877502 1.0332195411306837
1745 NaN 1.010826278899139 1.0188756231987492 1.0248540182040249
1495 NaN 1.0112667498538828 1.0184910956683593 1.0233261913925993
470 NaN 1.0154405171975518 1.0291994537749503 1.0411149300317888
735 NaN 1.0069838458823999 1.0119563744846796 1.01531896466429
994 NaN 1.0129461505486748 1.0235421841115595 1.0321163271263596
246 NaN 1.0156087811530996 1.0295098290571576 1.0415835643004354
247 NaN 1.0112188913463371 1.017942387221221 1.0222689727449679
1995 NaN 1.005269118837572 1.0083104538088157 1.0099362077956708
471 NaN 1.0104463754535227 1.0181837210090603 1.023916440835534
995 NaN 1.0121630325361877 1.0219367396008452 1.0296819839363986
1496 NaN 1.0212114604435973 1.038370315527634 1.052045996400777
472 NaN 1.0153228697023493 1.0271698784587828 1.0365033768117895
736 NaN 1.0092077218022184 1.0161062031783945 1.0211668962394307
248 NaN 1.0086235269302763 1.0151323051061856 1.0202588378347264
996 NaN 1.0087561267261802 1.0148712842767156 1.0190799296930522
1497 NaN 1.0100977224515495 1.0172491154606857 1.0221808975644058
1746 NaN 1.0021969929224037 1.0038751881388233 1.0049001645641815
1996 NaN 1.0180977800718183 1.0317850639956705 1.042399008342088
473 NaN 1.0145833346543174 1.0247245921671622 1.032177422320319
737 NaN 1.0103309811202597 1.017942686687711 1.0236677524854283
249 NaN 1.014961081128286 1.0271632906206116 1.0371236919361795
1997 NaN 1.0066413173632782 1.0117225691965142 1.015459769433157
1498 NaN 1.0101505729028988 1.0162506084542855 1.0200728816422557
738 NaN 1.011494120122923 1.0206002178677658 1.027790436957791
474 NaN 1.0100608453215973 1.0177744986085138 1.0236952470716008
250 NaN 1.009554233503144 1.0162458699825738 1.0208505365184237
997 NaN 1.0175881389894939 1.0291385749176059 1.0369549255495625
1747 NaN 1.0086557767266517 1.0144947912560747 1.0184095267120223
739 NaN 1.0169542315206819 1.0303061635549617 1.0409276495294264
1499 NaN 1.0113950317241558 1.0200590940815804 1.0266990797177529
1998 NaN 1.0003240810192457 0.9984478234769805 0.9955315564995626
998 NaN 1.006012117248459 1.0090559498724485 1.0103228852594228
1748 NaN 1.0110158761234191 1.0193102762070865 1.02567984009095
1999 NaN 1.0076308812117116 1.012932970998096 1.0166863407327629
999 NaN 1.0065045672087474 1.0111107184499657 1.014280119762052
475 NaN 1.0204184488010668 1.0375114082562509 1.0514619785300054
1500 NaN 1.017023957550646 1.029423006490991 1.0384897451713313
740 NaN 1.0152133939072463 1.0303952288019826 1.0445600541089588
1000 NaN 1.0116906989315515 1.0208806525796035 1.0281283228415214
741 NaN 1.0113199460393127 1.019849263954742 1.026400257559231
1749 NaN 1.0138315099163713 1.0225230574666582 1.0286993254823904
1750 NaN 1.011156865741471 1.019388900141994 1.0256396082371773
742 NaN 1.0070283157172828 1.0119796791785396 1.0155174486499092
476 NaN 1.0100624948194383 1.0175700161240553 1.0233285188530763
743 NaN 1.0106619823135445 1.0180359524050098 1.0232770544530394
744 NaN 1.0132682487336269 1.0234628653374716 1.031394038683426
745 NaN 1.0103234935751078 1.0181262495764627 1.0240406704583687
477 NaN 1.0158639711132609 1.0295634924761456 1.041104431417171
746 NaN 1.0058183805621521 1.0096294855888581 1.011975194966366
478 NaN 1.010463297402268 1.0181344324836377 1.0238262403680858
747 NaN 1.0071244367354375 1.0120127428502212 1.0152453183940866
479 NaN 1.0091615844505717 1.015376380507939 1.019646775377028
748 NaN 1.0180562590552562 1.0323068148240904 1.0437243085248102
749 NaN 1.0162329460616462 1.0286840972092086 1.0386329782888992
750 NaN 1.0083412413379682 1.014421802399736 1.0187360116509492
480 NaN 1.0183215172688664 1.0289451193800834 1.0351148282287763
481 NaN 1.0114899326979632 1.0205030467992404 1.0275639081313117
482 NaN 1.0101590318623972 1.0172979785206424 1.0223604633661507
483 NaN 1.010763345063167 1.0181057047709396 1.0232634999786376
484 NaN 1.0202667852387715 1.0362152317706634 1.0488109934986807
485 NaN 1.0095585295809215 1.0164161358100037 1.0214243824829032
486 NaN 1.0106856974666647 1.0183624849334352 1.0241083520310565
487 NaN 1.0200997207738085 1.0358678382049837 1.0483746290343552
488 NaN 1.0205258031153572 1.0380988566019784 1.0528557194821953
489 NaN 1.0069061441253806 1.0119457374901857 1.0156092475821255
490 NaN 1.0207961978416067 1.0357393469350542 1.0469522449837263
491 NaN 1.0145320757868908 1.0254561644439042 1.03367767828311
492 NaN 1.0112760583716667 1.0203549067995248 1.0274919388682788
493 NaN 1.0205090092447417 1.0372897789257682 1.050591327133464
494 NaN 1.0126342320849067 1.021658336111932 1.0282337820142395
495 NaN 1.000630891698091 0.9999553902714854 0.9984156762625906
496 NaN 1.0075765509305283 1.0124665867747915 1.0155219918423952
497 NaN 1.0125555217356892 1.022886720623437 1.0312303834645105
498 NaN 1.0178663405969377 1.0304407268552598 1.0395395102811313
499 NaN 1.0106672720947367 1.018073408515786 1.0233886811637665
500 NaN 1.016520948451565 1.0296812765991945 1.0403885713126053
