1251 NaN 1.003022749499219 1.0053669238212342 1.0072801098195199
751 NaN 1.0038750423323706 1.0059089604064184 1.0071269396992175
1001 NaN 1.0045261544797104 1.0080807512181529 1.010825587212663
1252 NaN 1.0061000472533306 1.0101182250894312 1.0128977099463985
1751 NaN 1.0101717731968005 1.0179688082876324 1.0241568140760309
1 NaN 1.0058698210501131 1.0092854248488703 1.011448747926474
752 NaN 1.0062268138782628 1.0101114335667578 1.0126147438746214
501 NaN 1.0073859648309125 1.0120358535165606 1.014942751119641
1253 NaN 1.0066470363655378 1.010857985330754 1.0133926545370402
753 NaN 1.0033333920451504 1.005723122768523 1.0075199959344385
1752 NaN 1.0110989915290083 1.0196431997746895 1.0263643893309022
754 NaN 1.004638514632278 1.0081572130619314 1.010730291280969
502 NaN 1.0054073353113078 1.0087169011908461 1.0107218181253077
755 NaN 1.0064712638522726 1.0110694089890873 1.0144943376040783
503 NaN 1.0018704081703447 1.0028380266430423 1.0032851198506536
1254 NaN 0.9999343281887648 0.999529425939585 0.9991636053803712
251 NaN 0.9936968075995006 0.9877768921764125 0.9825387245736685
1002 NaN 1.0017582560130593 1.0012315084728203 0.9993337883328649
504 NaN 1.0062387002464404 1.010743059771292 1.0140518679811656
1255 NaN 1.0043377649850171 1.006904449595203 1.008477128979179
1501 NaN 0.9964691476737834 0.9936141605046211 0.99100883194036
2 NaN 1.0138230312967305 1.0250471949787794 1.0347479465080995
252 NaN 1.0045811701390248 1.0081934874983112 1.0114565609000397
1003 NaN 1.004791426202969 1.0088307106952268 1.0120683078310881
1753 NaN 1.0124398086172068 1.0255939233026885 1.038170564561866
756 NaN 1.0038374586650092 1.0067495360724885 1.008808568444675
1502 NaN 1.0045361752891344 1.0077064261090278 1.0099087000006712
1004 NaN 1.002157131768104 1.0032604592874403 1.0037908725178966
1754 NaN 1.0056124075416772 1.0089944718870565 1.0110865118276373
757 NaN 1.0053109073478859 1.0089127582178583 1.0114244784843178
1256 NaN 1.0044678673850127 1.0061796046300904 1.006362318441907
505 NaN 1.0131675554276247 1.0230168597435298 1.03083107869608
1503 NaN 0.9997892806435515 0.9984242703106576 0.9964673882792192
1755 NaN 1.0009765778727395 1.001978536905221 1.0027324975574483
253 NaN 1.0086890867134188 1.0138635160904594 1.016819826074632
506 NaN 1.0031092241094095 1.0043446709149058 1.0046664889593244
1005 NaN 0.993255147826091 0.9868522673569146 0.980928775682964
1756 NaN 1.0035300539445005 1.004932889663328 1.0052750350079713
254 NaN 1.0043967661412059 1.0077837935196727 1.0104057420854298
3 NaN 0.9999711493179236 0.9988603132824799 0.99765033183718
1257 NaN 1.0066277996810713 1.0112695356940407 1.0150285539663437
758 NaN 1.0015386995048554 1.0011965541091465 1.0005387746443057
1757 NaN 1.0011694498216335 1.0006761426867175 0.9992820858996375
1006 NaN 1.00086554748589 1.0000913714492552 0.9984880179348875
1758 NaN 1.0064521398682549 1.0111301326376132 1.0145659031790433
255 NaN 1.0042875284149637 1.0076271086790425 1.0100595127053915
1759 NaN 1.0068224043746492 1.011518706277944 1.014860159252374
507 NaN 1.0053404640942447 1.0089251390759923 1.0113186346031402
1258 NaN 1.006203261905111 1.0106819907939937 1.013909508851567
256 NaN 1.0040267695941243 1.0065537432092104 1.0081546085396407
759 NaN 1.004032956292079 1.0071230088532543 1.009655069282777
1007 NaN 1.0037199514626867 1.006907448709141 1.0095721563118965
4 NaN 1.0041104760062602 1.0069891227198593 1.0091536843324114
1504 NaN 1.0020530479366725 1.0014655515789432 0.9993430274914583
1259 NaN 1.0026177254573152 1.004171483632399 1.0048514835172142
508 NaN 1.0087424625682893 1.0151957455248788 1.0201314517821756
257 NaN 1.0025819737806478 1.0032103255376177 1.002642401620845
1505 NaN 1.0069679912106306 1.0124869903362372 1.0165552510460556
1260 NaN 1.006679849428323 1.0108872046420334 1.0135968867585345
760 NaN 1.0016281338476352 1.0024383090320792 1.0027256261643125
1760 NaN 1.0002411063187253 0.9993901121362029 0.9978004074299273
5 NaN 1.0007310735273587 1.0011673664917957 1.0018329805599988
1506 NaN 0.9994728611344157 0.9990698574104269 0.9988433544727265
1507 NaN 1.0010756387672215 0.9999129913653474 0.9980520030430442
6 NaN 1.0013488643480986 1.0030171849906904 1.0048675449348066
509 NaN 1.0086627903558345 1.0140889814054044 1.017450984228569
1761 NaN 1.0077039795945755 1.0134109950113517 1.0178639252249175
1508 NaN 1.0077057565600946 1.0130440509973508 1.016902838831764
7 NaN 1.0028338466314606 1.0041793190568025 1.0045933014587385
1762 NaN 0.9996708301297784 0.999084556196411 0.998495681414194
1008 NaN 0.9956574535093953 0.989596829448958 0.9828835822778679
1763 NaN 1.0029089883895024 1.0045013324369365 1.0052217883576113
258 NaN 0.9929862596356562 0.9860165212367193 0.9792791617712073
510 NaN 1.0062806697870363 1.010313416869233 1.0127650299151127
1261 NaN 0.9866424890748993 0.9762514533195105 0.9676816786340897
1764 NaN 1.0038037971414662 1.0056265766281174 1.0063354626632997
1765 NaN 1.0064138838530738 1.0113460611236662 1.0151242270982526
1262 NaN 0.9986700163279845 0.9971766928087689 0.9956490516342507
1509 NaN 1.0050208018268303 1.0090817201931637 1.0123619406504012
1766 NaN 1.004315984924195 1.007194435037504 1.0091035320081398
761 NaN 1.0091687503564235 1.0160866533991322 1.020918909370443
1009 NaN 0.9917005345017093 0.9856025733217877 0.9809170275111065
8 NaN 1.0129395759886937 1.0240712485141374 1.0335019843844089
1510 NaN 1.0026912271889883 1.0042580416635492 1.005062001940052
762 NaN 1.005490345521271 1.0088463998425814 1.0107946661502205
1263 NaN 1.0040532064758174 1.0065694407666859 1.00824505484878
259 NaN 1.0075526592500386 1.0127017040204813 1.016429801878625
1767 NaN 1.0101630255079352 1.019521076133694 1.0278260287664023
511 NaN 1.0149820481794765 1.0275345295873453 1.0384311164652318
763 NaN 1.0036803288057485 1.0060420335591047 1.0074926904503312
1010 NaN 1.0157520713491823 1.027999958442917 1.0381150011357412
1511 NaN 1.0023418520261922 1.0046881979150535 1.0070548410214697
9 NaN 1.0125024357294734 1.021799383405769 1.0289950877429008
1264 NaN 1.0030702145822437 1.0055862885776758 1.0075981454469074
1512 NaN 1.0077858958833006 1.0135999570573027 1.0180639648420058
10 NaN 1.0038048598725655 1.0055525196033004 1.0063139395944651
11 NaN 1.0061434282476494 1.010087029415536 1.0126776310278514
1011 NaN 1.0064426066720196 1.0108381451867483 1.0138706214765911
1768 NaN 1.0047412719231101 1.0085706412339328 1.011653390109729
260 NaN 1.0159843645451818 1.0284764150933148 1.0382504764051734
512 NaN 1.0036887721040544 1.0062888770302034 1.0083280200073317
1265 NaN 1.0070709912449805 1.0123355551738753 1.0162606620275347
1513 NaN 1.0045399261637589 1.007454617694703 1.009359160381558
1266 NaN 1.0048848902603027 1.0082282416431068 1.0104805200950318
261 NaN 1.0084787632135859 1.0146951054463844 1.01950760237008
12 NaN 1.000767382739466 1.000172137869388 0.9988272026097477
1012 NaN 1.005876530994264 1.0102438534962315 1.0134871501441718
1267 NaN 1.0021497997628017 1.0034140044437874 1.0041765589038572
1769 NaN 1.001260634608894 1.0022039004567642 1.0023767795735228
13 NaN 1.0017162727308444 1.0023940600068342 1.0024917755941394
1013 NaN 1.005963215333212 1.0096495806543577 1.0118496541412565
764 NaN 1.0058613731842942 1.008463234961611 1.0096227223612908
1268 NaN 1.0064150728111514 1.0104197166380824 1.013092937897846
14 NaN 1.0045827449162994 1.0077934074784112 1.0102281962730217
1770 NaN 1.0081576098687814 1.0145139790314943 1.0194401445041368
1014 NaN 1.0053109424700537 1.0090924474340663 1.0119841138546513
513 NaN 0.9993607348397466 0.9981389452233611 0.996647024475113
765 NaN 1.0052667169767835 1.0089270232825933 1.0115342914359788
1269 NaN 1.003265615361869 1.0041313396886549 1.0036262503351563
514 NaN 1.005256044716776 1.008979516519099 1.0116864483675345
1015 NaN 1.0045112295797212 1.0073100220591473 1.0090461005703688
1514 NaN 0.9972444791471428 0.9946236433167321 0.9921145286167671
1771 NaN 1.0063525756210403 1.0114916522342574 1.0155687256380221
766 NaN 1.0050830198046348 1.008405456149684 1.0105256905797335
1270 NaN 1.0077406412916254 1.0136187441605524 1.0182262095538581
15 NaN 1.000819894968447 1.0002135148333144 0.9989382405422528
262 NaN 1.0007433616596328 1.0022004581259598 1.0038624728895211
1515 NaN 1.0032257855714684 1.0052431631656562 1.0066535235640655
1271 NaN 1.00729011443728 1.0123634973024769 1.0159864779026497
767 NaN 1.0048490812546056 1.0084059489597421 1.0108206676674756
1772 NaN 1.0040899188987755 1.0069547165646555 1.0090077374190385
515 NaN 1.0008887928560735 1.000899934779675 1.0005735227671428
16 NaN 1.0047692868352878 1.0078744243270317 1.0098382772978027
17 NaN 1.0098196339101402 1.017726224324588 1.0240500348154542
1016 NaN 1.0054951310008213 1.0054599818330365 1.0019418449645117
768 NaN 1.0053561489951708 1.008849292419754 1.0112039236640822
263 NaN 0.9998416795627723 0.9989104021471213 0.9975039271102799
1773 NaN 1.0018145995812902 1.0025209802000155 1.0026572908688152
1272 NaN 0.9978383507765354 0.9957541768287911 0.9936047350401649
264 NaN 1.0054334477302729 1.0092425569504058 1.0120220526301105
1273 NaN 1.0060309894064372 1.0105420728678252 1.0140009399964285
1774 NaN 0.9977153607348075 0.9944528651112443 0.9910375134731882
1516 NaN 0.9981272862495628 0.995043589769195 0.9915619201119937
265 NaN 1.0017925257953966 1.0033005481075423 1.0045402142796451
1017 NaN 1.0007291942733656 1.0008110527293024 1.0004106665828725
1274 NaN 1.005014588599242 1.008989716231487 1.0121589069331292
769 NaN 1.0048044723476979 1.0079752373370652 1.0101357061569183
18 NaN 1.000958414708338 1.0001392573329528 0.9985576626264042
266 NaN 0.9942508438281843 0.9879554639586032 0.9817417227639096
1018 NaN 1.0086873768814633 1.0147741872474823 1.0190256431242612
1275 NaN 1.0017242667816149 1.0018178016039574 1.001032100941514
19 NaN 1.0024655521415577 1.0031041941278744 1.0026865634782856
1775 NaN 1.0005485888750185 0.9992110541792745 0.9967164379030058
770 NaN 1.011737853933295 1.0208622443317126 1.0282047459464663
516 NaN 0.9993685392881053 1.000821442228327 1.0030108352761702
771 NaN 1.0044426683635874 1.00647193598498 1.0071825434098371
1776 NaN 1.0031119872565772 1.0050454535271722 1.006228464445305
20 NaN 1.007657409436359 1.012813775006611 1.0162209036946857
267 NaN 1.0027110136982287 1.0050155540725076 1.0067154940427303
517 NaN 1.0023158487349282 1.0036864431992696 1.0045239129029635
1019 NaN 0.9953080226423914 0.9914799704242566 0.9884573372191314
518 NaN 1.0024106314414303 1.0039207028073223 1.004822988395504
1777 NaN 1.0017341008150094 1.0029499749198194 1.0037187394714497
1276 NaN 1.0106142389995036 1.019307153219333 1.0263581812303342
1517 NaN 0.9986086123096716 1.000289114024398 1.0037825987829274
1778 NaN 1.0036291766758825 1.0059368928457297 1.0073372332987074
1020 NaN 1.0021900652409252 1.0030572827596744 1.0030576532882671
772 NaN 1.0009155714848834 1.0012305659550047 1.0013806186993257
21 NaN 1.008107848454411 1.014118668536091 1.0185993011670569
1277 NaN 1.0063475518393725 1.0112144555874851 1.0150760504271963
773 NaN 1.0017999132981634 1.0027810994103887 1.0030565269014156
1021 NaN 0.9984146454060255 0.9951259740856397 0.9912573113585701
1518 NaN 1.0018219756009799 1.0023545918937107 1.002801419663293
519 NaN 1.0093246122995483 1.0171199481152455 1.023410384752949
22 NaN 1.0070204606455793 1.0118714090914387 1.0151559269041963
774 NaN 1.002372653413909 1.0038271542103028 1.0042992862849507
268 NaN 1.017778320893813 1.0309919210613014 1.041644710663504
1519 NaN 1.0034340576783731 1.0055091765657527 1.0069173339434152
775 NaN 1.0053540247686377 1.009206620117732 1.0121437087957477
520 NaN 1.007265156448916 1.0120864539863945 1.015244628687479
269 NaN 1.0051621479372894 1.0084777764265158 1.0105956428154619
1022 NaN 1.003311054713654 1.0054008224184197 1.0066317281303228
1779 NaN 1.0126366601991201 1.022852338208256 1.0316261613324025
1520 NaN 1.0057401892954592 1.0090411296387274 1.010828713132672
270 NaN 1.0035356783862872 1.0060836175092924 1.0078127443577087
1023 NaN 0.9976661370974619 0.994555624217197 0.9910512154982513
1521 NaN 1.0049759487868657 1.0082942463602982 1.0105505118602922
23 NaN 1.0095642656911061 1.0166310987308933 1.0218999779735354
1278 NaN 1.0175500615577397 1.0298931325344178 1.038926767651371
1780 NaN 1.0048373382020024 1.008017357716968 1.01013729244107
776 NaN 1.0057108043619916 1.0105531834989223 1.0142043516296033
1279 NaN 1.0052984781824785 1.009004554831635 1.0117534270698612
521 NaN 0.9974776643534873 0.9939637718232386 0.9900412349480197
1522 NaN 1.002138433371224 1.002645227746045 1.0021400818018704
24 NaN 0.9969549370443325 0.9941412863470792 0.9918243599958293
1024 NaN 1.0064212109775894 1.0122133984291706 1.0173418618908077
271 NaN 1.0021247384979435 1.0049433588960999 1.0077939861576688
25 NaN 1.0055315084674676 1.0092092337663165 1.0116924194225112
1280 NaN 1.0027563279206464 1.003417568614322 1.0029863817983828
272 NaN 1.0043555629320464 1.0074536330185944 1.0098100821717786
777 NaN 1.0064834999752077 1.011611550523842 1.0155726404518148
1781 NaN 0.9927287047619409 0.9875081976311729 0.9835527014631714
1523 NaN 1.0002825605460834 0.9990324582104263 0.9970598380686108
522 NaN 1.008462272532762 1.0155487634397673 1.0214810747944394
1524 NaN 1.0029011362799019 1.0046536807935538 1.0056573213910982
778 NaN 1.0042897321377557 1.007817049585018 1.0106045884535728
1281 NaN 1.0056791375049585 1.009532056457886 1.0120919414784373
1782 NaN 1.0033462608951411 1.0050720983287618 1.0059927340227017
779 NaN 1.0046996317306491 1.0085743553480895 1.0117545711290459
1525 NaN 1.003589656683335 1.0055751456293738 1.0065416282691406
1025 NaN 1.0144802028105087 1.027732368935307 1.0398024040675653
1282 NaN 1.0033886533924674 1.0057118549281168 1.0073034823656586
26 NaN 0.9956032669558396 0.9909148498875416 0.985998992829211
1783 NaN 1.009152014311248 1.016435749708974 1.0224885788300622
273 NaN 1.004352182952177 1.0081377334395185 1.01123973041369
780 NaN 1.0047697944220917 1.007464961499818 1.0088793770385749
1283 NaN 1.0002254158862016 1.0004564834598493 1.0008310551321284
1026 NaN 1.0068706782169488 1.0114857559047175 1.014642142179679
274 NaN 1.0059725278326372 1.0102670354697632 1.0135020458236614
1784 NaN 1.0046782723306045 1.008114289862286 1.010715884456194
27 NaN 1.0039457255143098 1.0068007818620277 1.008942325114553
1526 NaN 1.0070516203099722 1.0119075301188223 1.015371416854022
1284 NaN 1.0032520130475941 1.0049710876455267 1.0057891464043958
1027 NaN 1.0058538517107267 1.010139162783959 1.0133048795426762
1785 NaN 1.002144211475256 1.0030928616670052 1.0032960290842343
1527 NaN 1.0055955785636965 1.0093752675814467 1.0119129268870717
1285 NaN 1.001210177735324 1.0015533679099384 1.0013442191056225
523 NaN 1.0070712874444185 1.012894809936979 1.0179009181726717
781 NaN 0.9993790465077845 0.9980310096541317 0.9962535228782258
28 NaN 1.0007672114924762 1.0005295944022676 0.9998482727822018
1028 NaN 1.0110983139331098 1.019897577292469 1.027099971975195
1286 NaN 1.0054409957252426 1.0092924031085453 1.0121131719913192
782 NaN 1.0068858317144325 1.0120488352620154 1.0160260749568382
275 NaN 1.0052704601417017 1.008936481757429 1.0116764768129964
1029 NaN 1.0056708225483848 1.0103119491061565 1.0140848423810098
1786 NaN 1.006536378780133 1.011775847263875 1.0160063403446886
29 NaN 0.9974398485753342 0.9952409979700755 0.9932449713225907
276 NaN 1.0069910555838384 1.012510069959447 1.0168948840492038
783 NaN 1.00525825132413 1.0085372011638247 1.0105847882786132
524 NaN 1.0022803367683035 1.003777863761473 1.0047433901014136
1528 NaN 1.000679412726554 1.0009329336917006 1.0007469390752854
1787 NaN 1.0034955186599523 1.005303352928396 1.0060276096731646
30 NaN 1.0020283472104057 1.002779830419968 1.002842232335533
277 NaN 1.0047302208217814 1.0083259300807539 1.0109710083765486
1287 NaN 1.0098862205647376 1.0183438771944324 1.0253191880157484
525 NaN 1.004275488350615 1.0066208349047925 1.007758674165756
784 NaN 0.9984849899559154 0.9972768797252105 0.9960035699349372
1788 NaN 0.999660546178102 0.998811446268062 0.9976265017723268
1030 NaN 1.00638240369365 1.0110881672535161 1.0149030772307437
31 NaN 1.005385016208376 1.0085958017950447 1.0103381813163965
1288 NaN 1.000146801324772 0.9989833572438132 0.9970166200515047
1529 NaN 0.997650422596892 0.9950870327508429 0.9926115278667493
32 NaN 1.0020450793344788 1.003219152967411 1.0038795556397584
1031 NaN 1.0072825050224947 1.0117861848057685 1.014535844736905
1289 NaN 1.0063262580530208 1.0106698334059192 1.0138242535740887
1530 NaN 1.0045793463323356 1.0075525383132604 1.0093799973296298
785 NaN 1.0045627867443325 1.0079803522975206 1.010464722445545
33 NaN 1.005423591302281 1.0088353502082326 1.010930348072285
526 NaN 1.0077004042012585 1.0151742257942415 1.0219651166129422
786 NaN 1.0029120808762755 1.0045848898802117 1.0055703097194495
34 NaN 1.0024165573043422 1.0039311065457417 1.0048944136721578
1789 NaN 0.9987822784737675 0.9976921507502344 0.9968776772444826
1032 NaN 1.0097154380823319 1.0167582536851536 1.0218424570231284
527 NaN 1.005348245716456 1.008827193116533 1.0110913587709132
787 NaN 1.0055374932061205 1.0078473186259438 1.0082752325870061
35 NaN 1.0098601619568368 1.018838409470432 1.027084881340562
788 NaN 1.0046615893055653 1.007793289541154 1.0098789180556214
1290 NaN 1.0074397482184851 1.012133549568514 1.0149553805693983
528 NaN 1.0055952148175151 1.0101218711023823 1.0138710862109117
278 NaN 1.0058274514998187 1.011888828645466 1.0178193018023305
36 NaN 1.0032614417015484 1.0051496786394223 1.0061512551082281
1033 NaN 1.01295693164708 1.024337747541899 1.0341722654667267
1531 NaN 1.0250446026030557 1.0447896017610177 1.0603019242472052
279 NaN 1.0061412085640993 1.010163419973637 1.0128115280497512
1291 NaN 1.007925798712028 1.014196653043532 1.019347010203901
1034 NaN 1.0034115092623708 1.0058874724086184 1.0076254002748526
529 NaN 1.0016046948826989 1.0028259780514135 1.003615684014608
37 NaN 0.9983695380909108 0.9964585648030719 0.9943856501819115
1532 NaN 0.9995424354742788 0.9980801369972058 0.9961157737023044
789 NaN 1.0059815456965457 1.0103227745345802 1.013511250521516
1790 NaN 0.9955369829949948 0.9905751563524703 0.9860645224500451
280 NaN 1.0025029583906717 1.0042564128360099 1.0053189627647332
790 NaN 1.0062345494291538 1.010053678580199 1.0123676553548995
1533 NaN 1.0061572927318867 1.0105382937090832 1.0136437491080175
530 NaN 1.0022813860030242 1.0031671558548934 1.0030213464880608
281 NaN 1.0037244481330587 1.0064306748458534 1.008443424199053
1534 NaN 1.0056103633039428 1.009529239095566 1.012351765282533
38 NaN 0.999239364274164 0.9973513936201807 0.9950002311174837
1035 NaN 1.0055474815686911 1.0103547284687198 1.0142387243779334
531 NaN 1.004665104268273 1.0072169390345669 1.0086552914931406
791 NaN 1.0026540769226138 1.0050878797192426 1.0072709200279217
39 NaN 1.0058301104826124 1.010354604812097 1.0138052453122128
1791 NaN 1.000571071092778 1.000270551930799 0.9995636047182814
792 NaN 1.002152916227398 1.0033747351176432 1.0040723450890858
1535 NaN 1.0057813445703503 1.0094845185353916 1.0121300443147492
282 NaN 1.0025331247630087 1.0046877755005654 1.0064379126405374
1292 NaN 0.9997630805031485 0.9998467709115357 1.000372262699868
1792 NaN 1.0081962550286299 1.0142380791112244 1.0188454823159308
793 NaN 1.008373871953648 1.0153791291175456 1.0210467201384106
532 NaN 1.0047458107924454 1.0087533136483744 1.0120555662789894
533 NaN 1.0051067353370864 1.0081793868527196 1.010138510153118
794 NaN 1.0038746863225272 1.0060716466201873 1.0073681922746716
40 NaN 1.007619835004878 1.0129515852133317 1.0167364154559604
1793 NaN 1.0044853818745083 1.008063929580441 1.0110054280338097
1536 NaN 1.006687659766144 1.01226362468095 1.016748403424354
41 NaN 1.0003629301300845 0.999935254009212 0.9991684128423423
283 NaN 1.006497240065818 1.0116956641460273 1.0160713591512545
1293 NaN 1.00939948272027 1.0172942751826672 1.0239242859983233
1036 NaN 0.9973257508234364 0.9909783474487404 0.982929704673388
1294 NaN 1.0012853422361856 1.0018610801623535 1.0019346903869417
1794 NaN 1.0044052325046802 1.007530335624014 1.0100877781748943
42 NaN 1.002199086215802 1.0026611647333419 1.0021540895638579
284 NaN 1.0007963027284006 1.0004502221714444 0.9996650493964141
43 NaN 1.0052028495808385 1.0098218759629485 1.0137490494288075
1537 NaN 1.011266168782207 1.0200751301784041 1.0271826750868591
1795 NaN 1.006980816567929 1.0126041575040468 1.017078326658192
534 NaN 1.008160994817625 1.014094710707045 1.019009558325177
1037 NaN 0.9986430472444275 0.9970762016755202 0.9958299282831645
285 NaN 1.0022877948803377 1.0028309786299718 1.0023111834446181
44 NaN 1.0038096543988713 1.0062761766282589 1.00778976294795
1538 NaN 1.0049385056612135 1.0087689446837718 1.011681103647579
1796 NaN 1.0072644936186046 1.0121712116703132 1.0155855412817054
535 NaN 0.9945527284813702 0.9902418242177153 0.9867105363575422
1539 NaN 1.009896095611379 1.0174956173889536 1.0235926766727346
286 NaN 0.9992525096687316 0.9981414250878475 0.9970125372877439
1038 NaN 1.002621434625874 1.0038328427111702 1.004412336772107
1797 NaN 1.0049237130479742 1.008337304318559 1.0107587061848138
45 NaN 1.0020734739402029 1.0035791105951557 1.0045812696475045
1295 NaN 1.010419700865631 1.0195420988332684 1.027424065135284
1798 NaN 1.0063463241579005 1.011565501405108 1.015831561791937
1039 NaN 1.0068758253710466 1.0119629083791415 1.015871700777028
1799 NaN 1.0041854452684258 1.0067922527967073 1.0084310230862306
536 NaN 1.0079424742603156 1.0151927198225452 1.0218612147793913
46 NaN 1.009570163710844 1.0173931447661584 1.0237910414975502
1040 NaN 1.000765864045749 1.001177603973535 1.0012669611186513
1540 NaN 1.0005544768842856 0.9981390703269473 0.9943664422941311
1800 NaN 1.0024974017958501 1.0041362224459263 1.005268291014912
287 NaN 1.001713419003902 1.0017735710473794 1.0007140051996752
1541 NaN 1.0059793812376723 1.0105632194786285 1.0142326710113432
1296 NaN 1.0066864619941867 1.0106832874688219 1.0130888515539054
1801 NaN 1.0019622130949164 1.003057064462368 1.003627484028762
537 NaN 0.9993221500063029 0.9990109885031994 0.9990874228926715
47 NaN 0.9978377272953041 0.9961112558872709 0.9945351469399909
288 NaN 1.0040654683730081 1.006106790160433 1.0070829166323223
1297 NaN 1.0049030910656278 1.008434152255028 1.0111353485785377
1802 NaN 1.0049137662763445 1.009006522525572 1.0123187329174799
48 NaN 1.006034967933142 1.010493766400391 1.013842650168864
538 NaN 1.0045702064592732 1.00775148750006 1.010000299285912
795 NaN 1.0263655379352838 1.0478275526607967 1.065324863228255
289 NaN 1.0090609503307475 1.016021574959463 1.0214919163905978
539 NaN 1.0066615313722762 1.0120600524159278 1.0165007807234463
796 NaN 1.0003219632510063 1.0005882106700215 1.0005595501106597
49 NaN 1.0042479951685588 1.0069063361116426 1.0086849199181946
1041 NaN 1.0077693772423917 1.0120907107721917 1.0140147690779193
290 NaN 1.0053723796243539 1.0098773692124412 1.013571810847996
1542 NaN 1.0118992470492243 1.022741734812899 1.0324468962404625
797 NaN 1.004998628638424 1.0087122294638742 1.0114380563936314
1803 NaN 1.0013492395338275 1.0023694111373367 1.002898351880154
1042 NaN 1.006953102791479 1.0106342843080764 1.0125346122840384
50 NaN 1.0070075646903112 1.0121181255782732 1.0160147433643598
1298 NaN 1.006714775182901 1.0116333511687399 1.014938789626511
798 NaN 1.006779624070499 1.0117159395934947 1.0152639982549767
540 NaN 0.9940459920034083 0.989006081215314 0.9843853840864606
51 NaN 1.0019444801384672 1.002864657193161 1.00312124418577
1543 NaN 1.0049119118861172 1.0087181056334813 1.011859764671768
1804 NaN 1.0043786993576143 1.0072429000247984 1.00916457012861
291 NaN 1.006410759869415 1.011681755315624 1.016132322748613
799 NaN 1.0029643547811895 1.0048643745401002 1.0060859895147793
1299 NaN 1.0092816755481562 1.0168477366256838 1.0231436582209166
52 NaN 1.0060689910771123 1.010087432173199 1.0128187315450015
1805 NaN 1.0017929933334706 1.0023546244519483 1.0022095651007985
292 NaN 0.995287343139474 0.9912604658449762 0.9876917803033265
800 NaN 1.0076226602673524 1.0131992368233558 1.0172536742279767
1043 NaN 1.003601218706978 1.0051417997958205 1.0056784862835315
1544 NaN 1.0056914751964305 1.010433132963494 1.0142104099086224
541 NaN 1.0053781480880952 1.00865587341579 1.0109070657767012
1300 NaN 0.9982845827081006 0.9958497511894908 0.9932083339187221
1044 NaN 1.0078050207012748 1.0132887484673558 1.0171907707457009
1806 NaN 1.0008483449995658 1.000608275815747 0.9995750460399256
801 NaN 0.9998121073666403 0.9983205877980201 0.9962456354429363
542 NaN 1.0051603264204236 1.0086730531761 1.011042251573063
1545 NaN 1.0081324980654878 1.0147313364703805 1.020049204287925
1546 NaN 1.003798352737582 1.0060532222700003 1.0073666460454698
293 NaN 1.0062458858076129 1.0103425343349812 1.0131183190724946
802 NaN 1.0034921705551503 1.0057189412107161 1.0069959640724286
294 NaN 1.0053536079646934 1.0088815675435017 1.0111655565937745
53 NaN 1.0068177120135549 1.0122357226585963 1.0164262908092863
1045 NaN 1.0075434579283638 1.0127496533104272 1.0164753687423929
803 NaN 1.0014940786529836 1.002755570442246 1.0039918886433568
1046 NaN 1.003691220641352 1.0056706131042847 1.0064922109560008
1301 NaN 1.0099961386018765 1.017345091329598 1.0227509169309228
543 NaN 1.0094352222919982 1.0163532617023583 1.0214679704755707
1547 NaN 1.0049465827211475 1.008554169344987 1.011318522884742
54 NaN 1.0094165873741503 1.0158984164708889 1.020659835338635
1807 NaN 1.003806762053888 1.0043578803878725 1.0027425467668203
1047 NaN 1.0026155501687157 1.0037968492316238 1.0040217144680585
1548 NaN 1.0017978356353994 1.0032179611610892 1.0042894040411585
55 NaN 1.004933993588628 1.0088946421925447 1.0118756966628346
295 NaN 1.012651055469693 1.0237429950044776 1.0332088529803756
1302 NaN 1.0052436388716608 1.0089849635303652 1.0114880974933973
544 NaN 1.0086433023824242 1.015366707089929 1.0204282330158243
1048 NaN 1.0036394858706914 1.0064979734453972 1.0087438152890302
1808 NaN 1.0021434918058918 1.0041752911905673 1.0057888713500793
296 NaN 1.0033773446884495 1.0056308069424524 1.0072204872614077
56 NaN 1.0082289922914869 1.013716551744324 1.01702181705314
545 NaN 1.0040229348991128 1.0062638167063265 1.0074018527937647
1303 NaN 1.0133437803610181 1.0237861150106435 1.0322529867636472
1809 NaN 1.0078053359777617 1.013213101621146 1.0171222969758602
57 NaN 1.0034843008400494 1.0055749154655842 1.0067481821063828
546 NaN 1.0046267634297925 1.0076489063174798 1.0097825645772118
1810 NaN 1.0042303156964698 1.0069151344783898 1.0086473160421054
547 NaN 1.0093623647671761 1.01633070964145 1.0217460899462172
1304 NaN 1.0057614862613176 1.0093971614951978 1.0116979406566524
804 NaN 1.010648029374129 1.017599140634274 1.0222915847901572
58 NaN 1.0108398674706547 1.019015198918195 1.0252709871887413
1811 NaN 1.00629600876895 1.0115262023049751 1.0160407263348878
548 NaN 1.008724184869146 1.0152892916730758 1.0202898120122699
805 NaN 1.0025897268885444 1.0034524467227424 1.0033970386015172
806 NaN 1.0006655478646924 1.0003721026218702 0.9996583204159672
1049 NaN 1.0016944838747683 1.0048302743288773 1.008230803385896
59 NaN 1.010201954468801 1.0185553994471532 1.025474106332247
807 NaN 1.00183717129083 1.0024989060307086 1.0023229765265975
297 NaN 0.9941357540485315 0.9886710401858455 0.9840580906261687
1812 NaN 1.003479307737447 1.006685395062656 1.0091185400662406
1050 NaN 0.9984456712337944 0.996465003344831 0.9942686726653318
549 NaN 1.0142235145574914 1.0250653282124298 1.0332342055258412
298 NaN 0.9997000471570537 0.9999240746983041 1.0002803511228866
1051 NaN 1.0030055513058775 1.004837137072818 1.0058443184853414
1813 NaN 1.0014765759695095 1.0025754329943464 1.0033312205087848
808 NaN 1.0080116356579207 1.0137723468858852 1.0179715535382123
1549 NaN 1.0254075622452477 1.0432281215807664 1.056524099279455
60 NaN 0.9914576188965094 0.9833077013575252 0.9759238813759231
809 NaN 1.0008084715737373 1.0013134495789413 1.001582471813099
550 NaN 1.0041173144098308 1.0075372617553198 1.0102574057899258
1052 NaN 1.0071094626110815 1.0121932410987866 1.0158998268493844
810 NaN 1.0067225481768947 1.0113645388134487 1.0147429458408035
299 NaN 1.0082823370417857 1.0146256758502195 1.0195596123009032
1305 NaN 1.0117208300933973 1.020673925474508 1.0273177047044628
551 NaN 1.005717564016462 1.0098684761210188 1.012994789007366
1814 NaN 1.0132200269167688 1.023387726146963 1.0312858129475624
811 NaN 1.0015439695568038 1.0021946869031564 1.0023548235632485
61 NaN 1.0081955099359992 1.0142536515699034 1.0187712621923168
1053 NaN 1.008255833334844 1.0135485955364016 1.017023152694072
1550 NaN 1.010262641503108 1.0201362132114264 1.0288926906886229
1306 NaN 1.0051098666238032 1.0078151905007935 1.0090665859797041
552 NaN 1.00701218645013 1.011178162049023 1.013624307960693
300 NaN 1.0025426106409874 1.0030979258659498 1.002624749265301
62 NaN 1.0034572290736181 1.0056214121375797 1.0070007197490425
1307 NaN 1.00361090731821 1.0061865822326426 1.008033101491957
1551 NaN 1.000287942284042 0.9994891788523205 0.9982249624544997
1054 NaN 1.0086914374728408 1.0152208863068075 1.0202776313654167
1552 NaN 1.0040462102099716 1.0069119326525042 1.0087896484079302
1308 NaN 1.009141055324628 1.0161690873506384 1.0216189745809092
812 NaN 0.9962969498035976 0.9930329869679632 0.9902697530854404
553 NaN 1.004507842956641 1.007706532220388 1.01006507101678
1815 NaN 1.0042831512694477 1.0066335452626156 1.0079725985543946
1553 NaN 1.0059614866813242 1.0101872216552101 1.0133724099011998
301 NaN 0.9983491737848241 0.9964128222547928 0.9944527319733233
1055 NaN 1.0076312215415688 1.0136712356093527 1.0185589283870915
1309 NaN 1.0021628365121558 1.0030457041294267 1.0030647556693288
1816 NaN 1.0003292253262421 0.9997970802712014 0.9988694431463419
1056 NaN 1.001693380343385 1.0020168407271937 1.001404648886637
63 NaN 1.0055410789920798 1.010348599997553 1.0143600033801818
1310 NaN 1.004276254055178 1.0072336700022775 1.0092171986659664
1817 NaN 1.0015221922363065 1.0020416269243966 1.001952838295216
1057 NaN 1.007713317721561 1.0136006210996054 1.0182578115570884
64 NaN 1.0065107848605066 1.011881921100727 1.0162028438519075
302 NaN 1.007745641881354 1.0123034344419255 1.0151355250579452
1311 NaN 1.0025681507407447 1.0042970381547747 1.005508476856219
554 NaN 1.008089362542152 1.0132269699279641 1.0165115002093628
1554 NaN 1.0006716947027963 0.9996333447568136 0.9975770288746977
813 NaN 1.023116694155629 1.0414561769647157 1.0561364677872587
65 NaN 1.0050467562706369 1.0085288763101001 1.0109566070387057
1312 NaN 1.003149892173496 1.005197737384499 1.0065659928780621
303 NaN 1.0013896607642878 1.001909500030591 1.0019653747780437
555 NaN 1.0036992995732361 1.006190543615602 1.0076292340992266
814 NaN 1.0056752334772237 1.0099321842046372 1.0131507133600322
1555 NaN 1.0053417898479293 1.0085377741763004 1.0106463789336482
1818 NaN 1.0071480691257275 1.0113645056210256 1.0137364587129045
66 NaN 1.0067609057122553 1.010499878953738 1.0127522528102098
556 NaN 0.9964772707948373 0.9923485731112044 0.9880958507084028
1819 NaN 1.0039039491258441 1.0063977358992557 1.0079349683769099
1313 NaN 1.0014467640632767 1.0021394321169708 1.00255792624665
67 NaN 1.005044031870835 1.0083982021731186 1.0106915351177954
815 NaN 0.9996984209853945 0.9989971099897064 0.9983718752329188
1820 NaN 1.0011719947859836 1.0013761333038573 1.0010266439354922
557 NaN 1.0098553307280271 1.0176912180039592 1.0235963959106058
816 NaN 1.0006026968569288 1.0007719872675698 1.000702851541193
1314 NaN 1.0005366261920376 0.999669762258209 0.9980235089557216
304 NaN 1.0096458960045134 1.0183202800924787 1.0258384564234777
1821 NaN 1.0032390083643339 1.0055166355998784 1.0072001307225096
1058 NaN 1.0010543164658892 1.003147866990352 1.0055778831020625
305 NaN 1.0035677950481825 1.0058941576284777 1.0073863475802325
1059 NaN 1.0002209883252748 0.9994419519417016 0.9981907844007057
1556 NaN 1.0191120167365266 1.0354436623518055 1.0489064501334302
68 NaN 1.004318504334916 1.0086957524691598 1.0124220717624437
1822 NaN 1.0020093426812142 1.0034448131052465 1.0043171268425914
1315 NaN 0.9969713878066576 0.9945909655916261 0.9925819522243977
1557 NaN 1.0027038165982525 1.0043883112175185 1.0055109689509711
558 NaN 0.9976724917668172 0.9951317218901795 0.9929810786737325
306 NaN 1.001886676560439 1.002886328279106 1.0034351632555372
1060 NaN 0.9986402145353162 0.9974894858414391 0.9967277846575768
1823 NaN 1.0038949039167004 1.0062641023288255 1.0076895701747257
817 NaN 1.0056087427671223 1.0102736828784837 1.0139072368166386
1061 NaN 1.0007796613524897 1.000745420382959 1.0003913573468048
69 NaN 0.9975575015792417 0.9963742226771163 0.9957212801233359
559 NaN 1.0064266768610313 1.0105283186191585 1.0130545317051696
1062 NaN 1.0049759432533178 1.0085549999880412 1.011182187913195
1316 NaN 1.0026626237729466 1.005316722052395 1.0074997336067937
818 NaN 1.0036886165284595 1.0067298962367697 1.009161166483448
1063 NaN 1.0077376981669977 1.0144977714835208 1.0203838196442423
307 NaN 1.0061025076420163 1.0106266139655409 1.0142777557794553
1824 NaN 0.9948483477543819 0.9901634722513675 0.9858402810138852
1317 NaN 1.0053044226387617 1.0092735796436239 1.0123986864449697
1064 NaN 1.0001076105866427 0.9996776089123652 0.9990752004752435
1558 NaN 1.0092580964524902 1.014935183161229 1.018505083954354
819 NaN 1.004538177147823 1.007682464659319 1.010004305097678
1825 NaN 1.00284540041588 1.0051274295092807 1.0068009216419036
560 NaN 1.0057063469942968 1.0100728445612313 1.0133892439570964
308 NaN 0.9982249363388289 0.9964257419002708 0.9948383791910963
1065 NaN 1.002658062915931 1.0044571887156244 1.0059028509866104
70 NaN 0.9991542279253748 0.9985951750908326 0.9990308451522769
309 NaN 1.0051278648296407 1.0082726838200002 1.0101749033612826
310 NaN 1.0021181303911322 1.00325715639397 1.0038119886235277
1318 NaN 0.9926367926319933 0.98605582841348 0.9801972596590328
71 NaN 1.0028143351580747 1.004586591441899 1.0058769763692943
1319 NaN 1.004494664845804 1.0077930292754322 1.0103820347754027
561 NaN 0.9964187177649576 0.9949486343211783 0.9942418654833353
311 NaN 1.004858787172564 1.009089963616944 1.0129170076640452
820 NaN 1.0146004344418418 1.0256710336465753 1.034618627378941
72 NaN 1.0039981427151636 1.00654130512062 1.008018084963444
1826 NaN 1.0096015179537636 1.0170652471300203 1.0231474095866038
1827 NaN 1.003692861506919 1.0060189192681637 1.0074953603984753
1066 NaN 1.0108096255659722 1.0220105048055446 1.0322546712533331
821 NaN 1.0115073781335744 1.0206740026381103 1.0280362275818866
562 NaN 1.010870672049854 1.0198380062212897 1.0272071473403777
1067 NaN 1.0011244638771384 1.0014794664889344 1.0014452550560147
312 NaN 1.002344270576957 1.0037574406226932 1.0039551334913517
1320 NaN 1.01156835050803 1.0199223363877323 1.0261664337312097
1068 NaN 1.0044408470557575 1.0075048448606645 1.0096729420401676
822 NaN 0.9998283751429757 0.9997711163770471 0.999817326695997
1321 NaN 1.0068435007844934 1.011905110801275 1.015758283334713
73 NaN 1.012511532918271 1.0214522216601345 1.0277934319421846
1828 NaN 1.002383400246184 1.003924953868712 1.0049301059554694
1559 NaN 1.0309554470989224 1.0590028594408691 1.0839438625564801
1322 NaN 1.0067334431208839 1.0122308671014175 1.0165474613941619
563 NaN 0.9976666690060976 0.9945247959457907 0.991071217072933
823 NaN 1.0011962724145549 1.0002284743662908 0.9979902467794
1323 NaN 1.0031298872175558 1.0050027387930462 1.0061357020404225
313 NaN 1.0038704442051851 1.005915799930767 1.0068360671228662
1069 NaN 1.006322952310093 1.0104834769784943 1.013560854373962
74 NaN 1.0088517678489382 1.0158864730892283 1.0211516085691468
314 NaN 1.0048585161893973 1.007897380322422 1.009758158398213
1829 NaN 1.004411555516371 1.0074530492776543 1.009459786899527
564 NaN 1.0060461911653578 1.010385932312915 1.0134647213505061
75 NaN 0.9999491677569518 0.9990989995106998 0.9979639039404629
315 NaN 1.0062475720505424 1.0111966064223663 1.0150242797968438
1070 NaN 1.0004774081658043 0.9997667928335287 0.9984735446797296
1324 NaN 1.0097917478079876 1.0172074409737177 1.022986139917127
76 NaN 1.0054040016425623 1.0094290669060348 1.0125917148852648
824 NaN 1.001989266321337 1.0049400840781062 1.007810696764554
1830 NaN 1.003659707905469 1.0067506447802588 1.0091994252903769
1560 NaN 1.0167194036902907 1.0275783794423392 1.0349057447801089
77 NaN 1.0018262055913114 1.0031105786650942 1.0040702012276288
1831 NaN 1.0028435990428566 1.0046664015194082 1.005885430755373
1325 NaN 1.006235407172314 1.0107435640773845 1.0142736511516846
1561 NaN 1.0025701601955053 1.004123601299917 1.0049631565708728
78 NaN 1.0032635088797999 1.0054582503462628 1.0070800196592324
1832 NaN 1.0033020813026152 1.005774233251824 1.0077314152247239
825 NaN 0.9922902219201782 0.9846501194740531 0.9777267068933756
1071 NaN 0.9954897635261819 0.992968998910507 0.9915304237308143
316 NaN 1.0073531472480202 1.0123127607717561 1.0158511861379234
79 NaN 1.004088059112785 1.0076232479253342 1.0104707813088105
317 NaN 1.005075464858454 1.0086991575600104 1.011202507618623
1562 NaN 1.0004613911532332 1.0000692406456324 0.9992581693870795
1326 NaN 1.0057785799850218 1.0096761594728259 1.012280703165446
565 NaN 1.0084040563179135 1.0162034352925005 1.0228063541291688
1072 NaN 1.0018265419527264 1.0017018422180473 1.0004808260629545
826 NaN 1.0056649270515308 1.0104395664368993 1.0145871738961372
566 NaN 1.0049108892465684 1.008581283165579 1.0112867676885828
1563 NaN 1.0035944805648673 1.0061248152571616 1.008009626542594
1833 NaN 1.0049556102899377 1.0081795955493198 1.0103944346322573
1327 NaN 1.0038902712623403 1.0069661899540077 1.0094199089764593
567 NaN 1.0022615116757365 1.003211988615427 1.0032715696379415
827 NaN 1.001913212607788 1.003413983795334 1.0045552412220577
1073 NaN 1.0022927562917288 1.0035422683571555 1.0040636347874585
318 NaN 1.0029027555918226 1.003922925786763 1.0041174247706919
1834 NaN 1.0026538601046007 1.0041375766321798 1.005011346261641
1074 NaN 1.008955749880858 1.0152484268936073 1.0196437236354667
80 NaN 1.020323986797571 1.0339468320333949 1.0434043782388427
1564 NaN 1.008262432058552 1.0143147561401282 1.0189219595741956
319 NaN 1.0049987374594183 1.008624069854884 1.0113743470847645
81 NaN 1.0057693185422534 1.0093669900993012 1.0116585818105877
1835 NaN 1.0094972543472303 1.0162240541120544 1.0210826048035855
1565 NaN 1.0050337459621241 1.0089770867786014 1.0120993824729987
1328 NaN 1.0041767444425975 1.0061433742022199 1.006184002452997
82 NaN 1.0077033896911443 1.0135463603450552 1.0180409153768535
1075 NaN 1.0069098244028274 1.0099984208929689 1.0111105685004194
320 NaN 1.0039457476436844 1.006768881291039 1.0088963919298644
568 NaN 1.0052710636245648 1.0080873860302058 1.0093420851555581
1566 NaN 1.0007781520372665 1.0019066074330676 1.0030459191737733
1076 NaN 1.0040802069983885 1.0062353145425835 1.0073262043829891
828 NaN 1.0068295197592312 1.012119905922285 1.0157788833456747
1836 NaN 1.008045068770706 1.0141576393469023 1.0187691977705973
321 NaN 1.0041816954744955 1.0068483101760997 1.0086729952485405
83 NaN 1.0062542745537923 1.0099470631558862 1.0121901785830785
1329 NaN 1.004970122532204 1.0089525095453018 1.0119381291775231
1077 NaN 1.004960619605424 1.008644699059763 1.011488266800643
1837 NaN 1.0026480357498075 1.0041172498324171 1.0047502173344292
1567 NaN 0.9987125743046543 0.9969827697797213 0.9948684260640953
1330 NaN 1.0049169108292453 1.0084924234815127 1.0112241479494837
84 NaN 1.0039130168501456 1.00633852233101 1.007928915939109
569 NaN 1.0120067018748622 1.0178627632346218 1.0201270116763452
322 NaN 1.0064609843050898 1.009589192225027 1.0110462320716926
1568 NaN 0.9965214248774514 0.9929197927098112 0.9894766405355948
570 NaN 1.005723885994462 1.00968974882675 1.0124068554162367
85 NaN 1.0022812460494026 1.00337176563245 1.003448618912155
323 NaN 0.9965205479964341 0.9934115828086262 0.9908320542104102
86 NaN 1.0033141728268467 1.0055741141041368 1.0070952545755545
1331 NaN 1.0085935337749468 1.015867647144296 1.0224182241044124
1078 NaN 0.9982863461086445 0.9972945155452841 0.9968609858721024
571 NaN 1.0032605325423645 1.0047536488594404 1.0053533635341605
1569 NaN 1.009503095732077 1.0165564075820064 1.0220370993259658
324 NaN 1.003505787625505 1.0052454570109637 1.0061411223921475
87 NaN 1.0048392669604722 1.0085440172487992 1.0114894221548119
1079 NaN 1.003472369713848 1.0056631415019563 1.0069554221790815
1570 NaN 1.0015079417101114 1.0023215543744566 1.0027009424978641
1838 NaN 1.0055934083846596 1.0119559881422076 1.0178538306433125
572 NaN 1.0069688223305016 1.0119781221205353 1.0156908109128948
1080 NaN 1.0045977769985903 1.0080416277249147 1.0105768045910557
325 NaN 1.004341158389072 1.007362158884089 1.0094429979588981
1332 NaN 1.00160941508471 1.002854237322034 1.0035511006427196
1081 NaN 1.0028823740623676 1.0048138756523664 1.0058145435433008
1571 NaN 1.0003183302119265 1.0000284771805326 0.9993994102549547
326 NaN 1.0001920736701717 1.001201219812894 1.0023927006590527
573 NaN 1.0092033804040248 1.015905088744137 1.0208936689688954
1839 NaN 1.0074380981440387 1.0141101768979388 1.0198437704730396
829 NaN 1.0180690602944382 1.0329473507333207 1.0449443249812858
574 NaN 1.0085670375496771 1.0157377656706685 1.0216964592885978
1840 NaN 1.0049627267538577 1.008220628433024 1.0105514916474556
88 NaN 0.999914086445102 0.998515161743948 0.9965682370243863
1333 NaN 0.9959353139825233 0.9916870941890018 0.9876849538156988
575 NaN 1.005856278287678 1.0091471771296776 1.0108058971113334
1082 NaN 1.0044618101094225 1.0069061099253527 1.0080829040187569
1572 NaN 1.0095903363868823 1.0164590613067315 1.0212097688967667
1334 NaN 1.0003319954281094 0.9994552637715987 0.9978783646800973
576 NaN 1.0019514532797265 1.0039844346671936 1.0057528779310896
1083 NaN 1.0029110486353265 1.0046491564638758 1.0058213454871174
830 NaN 0.9986263757933271 0.9969645608949804 0.9950226916273759
577 NaN 1.0023570258274275 1.0033594270862456 1.003360912585812
1573 NaN 1.003501139031658 1.0059432841091585 1.007602163645836
1335 NaN 1.0056462855721475 1.0102571724619966 1.014008646112704
831 NaN 1.004992211414682 1.0084984049325714 1.0108650501611076
578 NaN 1.0055450681200688 1.009283135689888 1.0117714574228254
327 NaN 1.0142290780759613 1.0266397023983493 1.0373415952266094
89 NaN 1.0010698208252407 1.0028822198780396 1.004968667234294
579 NaN 1.0028731320230542 1.0043517279620588 1.0050482796437765
1574 NaN 1.0076224127757971 1.0126918405254959 1.016449319835457
1084 NaN 1.005182566868883 1.0089128948250456 1.0116506532687086
90 NaN 0.9982261239389488 0.9964754002315562 0.9948455193066794
580 NaN 1.0006022389297173 1.0007477804474825 1.0006251532300612
581 NaN 1.0037532745161593 1.0061094391189522 1.0076206836031718
832 NaN 0.9969456666056314 0.9930668405414904 0.9889811748358197
1085 NaN 1.0076149030381523 1.0136324520122535 1.0186569109334505
1086 NaN 1.0041371089256983 1.0076161418636382 1.0105104990046632
1336 NaN 0.9951562998787391 0.9908964238170148 0.9872937588900113
1575 NaN 1.0089619414787292 1.0163741771379964 1.0226358657237016
1087 NaN 1.0061211674932142 1.0105118079913986 1.0135360737760852
328 NaN 1.0076544980617723 1.013758505936664 1.0190564581524606
582 NaN 1.0087752017229679 1.014540253844002 1.0185928084535119
91 NaN 1.0017144843030044 1.0026441220701783 1.0032433657172068
833 NaN 1.0012760896762438 1.002758061709223 1.004299766098375
1576 NaN 1.0065885206245262 1.0112508878200024 1.0149027360063343
1088 NaN 1.003514996758128 1.0059020774123408 1.0077044236616521
329 NaN 1.0037961464835385 1.0061809814262517 1.0075500410560416
1089 NaN 1.0020816672437607 1.0037709380928024 1.004730769064264
583 NaN 1.0183073548000614 1.0318795487500607 1.0428534397159168
1577 NaN 1.0100378190859076 1.0195018438937207 1.0283638248729072
834 NaN 0.9965442606264082 0.9928966535882595 0.9895334354878637
1090 NaN 1.0025519727327254 1.0044054558245419 1.006078531739065
92 NaN 0.9974827852242334 0.9951028909148968 0.9930157688859002
1091 NaN 1.003186635068282 1.005389887099397 1.0069144014379081
1578 NaN 1.001670676447643 1.0026731550120962 1.0031069900425336
93 NaN 1.0090232893997628 1.0153766528896346 1.0198596277631125
1092 NaN 1.004010815148443 1.0069354255338103 1.0090989660433634
330 NaN 1.003267770113777 1.0045437645302264 1.0045255350320894
584 NaN 1.0038922481074597 1.0060228562141307 1.006988406669976
1579 NaN 1.0049165772989253 1.00877635362673 1.0120481305690334
835 NaN 1.0009096121123353 1.001840573342201 1.0022736601926399
1093 NaN 1.005823454260201 1.0102406455873356 1.0135208925411132
1580 NaN 1.0060102998686906 1.0103362399004803 1.0135802661885238
585 NaN 1.001304014310767 1.0023099743881532 1.0031782171915347
1337 NaN 1.0202768807701312 1.0369591808647316 1.0514001222527976
1094 NaN 1.0014744741216661 1.0020055811365978 1.0021247120941086
1581 NaN 1.0021189859179107 1.0031868489037423 1.0036684081019205
331 NaN 1.0024344720813367 1.0035787644741399 1.0037957334143457
586 NaN 1.0045527374459997 1.0078482077531543 1.0102170277815044
332 NaN 1.0015180513481612 1.0025013723051375 1.0031480349283195
1095 NaN 1.0073529349866817 1.0127033633556255 1.0168511453363813
587 NaN 1.0098139035666138 1.017116116462934 1.0228488754481326
836 NaN 0.991183100267258 0.9830446151217626 0.9758320261393538
94 NaN 0.9930910229725188 0.9839411117619168 0.9737595818692418
1096 NaN 1.0025416390443604 1.0049378751271292 1.0067091570775937
1582 NaN 1.0022913632880388 1.0046184237080193 1.0068293329998477
95 NaN 1.0064835180657423 1.011479853011618 1.0154224369913758
837 NaN 1.0062521291862203 1.0111285332150142 1.0148418154359387
1097 NaN 1.0007000037983538 0.9996910510699286 0.9976888315439403
333 NaN 1.0078080046596378 1.0138853454454866 1.0184899101940232
1338 NaN 0.9926924465475535 0.9844500940368146 0.9766749858605253
1583 NaN 1.0063977400594408 1.0111348697622087 1.0146922902500408
1339 NaN 1.0037036251055944 1.0065459095786735 1.0087100850777113
838 NaN 0.9994597294037293 0.9983369449812235 0.9970228228648644
96 NaN 1.0033876875431396 1.0058836572984433 1.0078122770647409
1584 NaN 1.0056242495478218 1.0097752469964645 1.012742258701576
97 NaN 1.0042176330429786 1.0080164725880711 1.0111004338026575
1340 NaN 1.0036042572262591 1.0064352119449718 1.0085067405820287
1098 NaN 1.005102575550916 1.0101865779508528 1.0146650113172184
839 NaN 1.0029731395080559 1.0050280636058526 1.0063941502286176
588 NaN 0.9941454157408579 0.9881668811944855 0.9821771114471527
1585 NaN 1.0031730742258516 1.0049284699822076 1.0056843238555697
98 NaN 1.0053880612901829 1.0088898271067 1.011235925319575
840 NaN 1.001059994864624 1.0011229985840258 1.000695474649885
1586 NaN 1.003495142788667 1.0057656880888326 1.0073166671066658
1099 NaN 1.0064318857574779 1.0115236898166529 1.0155708282780005
589 NaN 1.0015925463490347 1.0022370268398269 1.0024157257759518
1341 NaN 0.995988324267959 0.992059948400259 0.9885762128546566
841 NaN 1.0028781784273306 1.0044417392504532 1.0051822021734607
334 NaN 0.9969911656605324 0.9937620842764985 0.9903822695053005
1342 NaN 1.006078951202973 1.0105071832741221 1.013783627351469
99 NaN 1.0052118187114436 1.0081303424428454 1.0097001215685002
590 NaN 1.002066016126836 1.0035848379351826 1.0047765792749863
842 NaN 1.0029677875831002 1.0056876061369986 1.0082709407927612
1100 NaN 1.0035192180544574 1.0052571138574748 1.0060378925555808
100 NaN 1.0026027840917862 1.0036046999748622 1.003850436703476
335 NaN 1.0023614867785937 1.0032973568105936 1.0034003762881887
101 NaN 1.0077383061802438 1.0140469042426583 1.0191871398139973
102 NaN 1.00338821936977 1.0055243799539 1.0068627598683535
1587 NaN 1.0087189992591452 1.0151583674406595 1.0199361598271288
591 NaN 1.00050729778292 1.0001226555551002 0.9992672939156394
1343 NaN 1.0067754881037156 1.0135413080789373 1.0196384193266907
336 NaN 1.0123234660137226 1.022449875655204 1.0307481299038572
1101 NaN 1.0054571431665562 1.0070438190012307 1.0070861948847558
103 NaN 1.0048339648154907 1.0078272752247275 1.0098130733657955
1344 NaN 1.0092556520571194 1.0165305810120429 1.0224381060354333
843 NaN 1.0032490548781474 1.006094103633916 1.0087253499650146
1345 NaN 1.0037372993913125 1.005947710071046 1.0072595424861606
104 NaN 1.006687693079526 1.0116397233004195 1.0153601311186724
1588 NaN 1.0136170223129664 1.024170543314585 1.0323286469295545
1841 NaN 1.0245770259641263 1.0494554085902552 1.071571593419559
105 NaN 1.0048873573592763 1.0080858680499711 1.0102858254125004
337 NaN 0.99427764763874 0.988617575753706 0.9833290303362426
1589 NaN 1.0017641452089572 1.0028269216728862 1.003545514829128
592 NaN 0.9950128758409408 0.99069198058778 0.9873644810568558
1842 NaN 1.0084580579717115 1.0146171341212673 1.0195143187923936
1346 NaN 1.0012210256968752 1.0018332031398611 1.0018956874447509
338 NaN 1.004639748768477 1.007374592235527 1.0090611686459616
593 NaN 1.0101021676287507 1.0179150040356197 1.0241197761493959
1843 NaN 1.0048853280750805 1.0093989635542988 1.0135557676616882
1102 NaN 1.002453936756046 1.0057538191401163 1.009201591886272
1844 NaN 1.0079802925571624 1.014387132864367 1.0196289118224888
1590 NaN 1.008165773105096 1.0139361522308232 1.0180769816283328
106 NaN 1.0114875206705152 1.0201687325656277 1.0268508115742183
844 NaN 1.010244777762572 1.0179265495045424 1.0242164948859902
1103 NaN 0.9976975201364314 0.9943190546938784 0.9904455706049241
594 NaN 0.9961413185292043 0.9935272080992801 0.9915961126941899
845 NaN 1.003140025183268 1.0058625140222293 1.0081351401868952
107 NaN 1.0020628075351166 1.004168828645579 1.00619575735136
846 NaN 1.0062785352557237 1.01146826833677 1.0157955644691847
339 NaN 1.0137744971580034 1.0238984373039208 1.0319858277955662
1104 NaN 1.0039364226940306 1.006222701388194 1.0072623549176782
1591 NaN 1.0022013720363185 1.0040516903337366 1.0053317367862582
1347 NaN 0.9967080037668997 0.9940944123784273 0.991476443953498
1845 NaN 0.9987694147284163 0.9960048996462056 0.9923553927598097
1592 NaN 1.0046169059072725 1.0084107703749463 1.0115662722749765
847 NaN 1.0020631172845362 1.002749607662692 1.0026239343120877
595 NaN 1.0076668277645127 1.0135409396121517 1.018199533143391
340 NaN 1.0120793309635567 1.020806807616541 1.0272478516404429
1593 NaN 1.0050665155309513 1.0083388002713813 1.010410787483773
1846 NaN 1.0075053655857975 1.0127895675790466 1.0165674007709342
108 NaN 1.0033985190144927 1.0059328097293092 1.007706290416843
596 NaN 1.006817775348713 1.0118598201061542 1.0156641370533508
109 NaN 1.0040193579940637 1.0068824534643506 1.0089547342429328
1847 NaN 1.0057380026029163 1.0098195655397262 1.0127470439336506
1348 NaN 1.0032169164231974 1.0043660974761288 1.0052150904207944
341 NaN 1.0080506885199978 1.0137993317348617 1.0180651677618462
1105 NaN 0.997510426540549 0.9941903096093634 0.9908056070605129
848 NaN 0.9972287279415445 0.9949746599751041 0.9930689434853899
110 NaN 1.0019385952090782 1.0032286041871505 1.0039835335194398
342 NaN 1.0053363590607214 1.0090978976367107 1.0117158770029502
597 NaN 1.0053009472002254 1.0093239850068485 1.0125402061660709
849 NaN 1.0003359899020983 0.9998280055666048 0.9990575857219607
598 NaN 1.0060469344645293 1.0103681318830773 1.0134872969461466
111 NaN 1.002159861142394 1.0014703656248403 0.9990621231368996
1848 NaN 1.0117547754480127 1.0217921196989532 1.0304319674754328
1106 NaN 1.0036733241605897 1.0050764666228365 1.0053621989926544
1849 NaN 1.0032829013842706 1.0054597188900607 1.006803531550871
1107 NaN 1.0046965814114266 1.0077246881040731 1.0097097023048243
1594 NaN 0.9985182049800797 0.9977741594246605 0.9979234627543635
1850 NaN 1.002287312082651 1.0037260205300937 1.0045514954519195
850 NaN 1.0030764968263672 1.005706523300447 1.007814283149683
1595 NaN 1.0015935108286897 1.002353296763118 1.0025686454633536
1108 NaN 1.0035093690458652 1.006117138834947 1.0082329496265745
1851 NaN 1.0023118312118198 1.0034054804636037 1.0037525112064405
112 NaN 0.999809962082042 0.9971909680281086 0.9935788960785772
599 NaN 0.9927298601117656 0.9862250731916674 0.9806876474406954
1349 NaN 1.0002562884340305 1.0026867095669731 1.0055984413375838
1109 NaN 1.0037479042347668 1.0059615672743147 1.007260777410134
600 NaN 1.0032941651194989 1.0055392185947725 1.00706891077653
1110 NaN 1.0047242490829005 1.007681344246875 1.0094791318670693
1350 NaN 1.0019638339786978 1.003122312937877 1.0037242643009703
1596 NaN 1.008040653400378 1.0142698579420482 1.018981087436946
1852 NaN 1.0024153725160359 1.0037933899196152 1.0048809430860985
1111 NaN 1.0065881643502663 1.0119888796325405 1.0165106919636642
1853 NaN 1.0038053337342374 1.006217838998902 1.007740347501591
1112 NaN 1.0051662798603147 1.0085471644380535 1.0107936563738638
601 NaN 0.9977904947134494 0.9956568246475523 0.993434035726059
343 NaN 0.99768768518646 0.9940210033719108 0.9893288069141773
1597 NaN 1.0069023371918906 1.01147170895383 1.0144784054699374
1113 NaN 1.0073119180727959 1.012502880107072 1.016327521775905
1854 NaN 1.0061985992638023 1.0109650337617508 1.01458917550785
602 NaN 1.002725972161876 1.0044459478219494 1.0055118977233815
1351 NaN 1.0024656035657076 1.003425084267895 1.0035220440106651
113 NaN 1.006363043644365 1.0119814421213305 1.0164704483169456
1114 NaN 1.0022132325819058 1.0037566405604221 1.0048210135331206
1855 NaN 1.0036051672796973 1.006335540929195 1.0084277905672876
1598 NaN 1.000427755406544 0.9994157075712342 0.9977303538926525
344 NaN 1.004206916294802 1.0061177972267925 1.00663876050586
1599 NaN 1.0032687457216913 1.0054301246922257 1.0069463342151115
345 NaN 1.0070257948482426 1.0115289304207797 1.0145643714717336
1115 NaN 1.0006279706744456 0.9999618719027268 0.9984885525071449
114 NaN 1.0051313173093785 1.0085463427094037 1.0107275939806577
1856 NaN 1.0063771862875583 1.0105176146328905 1.013338065049918
115 NaN 1.0048691845997175 1.008580744474356 1.0114741576814668
346 NaN 1.010610178299316 1.0189242328385784 1.0257166843531964
603 NaN 1.0061901733644885 1.0104492587264842 1.013235217239434
1857 NaN 1.004521135373405 1.0064946662788143 1.0070668641912075
1116 NaN 1.00510247202178 1.008825591297827 1.0117242706773524
1600 NaN 1.0142338345396649 1.0244576545574946 1.0320372195474712
604 NaN 1.0089988709453865 1.0159072429956595 1.0212740679748227
1352 NaN 1.0044227149744422 1.0086706487823704 1.0123111523601878
1117 NaN 1.001340529735456 1.0013613188818338 1.0008863522542677
116 NaN 1.0035414356297296 1.005653862291051 1.0067076244102
605 NaN 1.0055013881787747 1.0095995790880945 1.0124997068648356
1118 NaN 1.0049850017878172 1.0088140743441059 1.0117707540232235
347 NaN 1.0118149379129755 1.0214499334221396 1.0293091595205204
851 NaN 1.0195841727232229 1.0408999878502052 1.0611466694235727
606 NaN 1.005516828061335 1.0092554467431933 1.0118870988502493
852 NaN 1.0063441180057284 1.010898703253884 1.0142085288399334
1858 NaN 1.00607765383245 1.0100178101606254 1.0122885487944553
1353 NaN 1.011331308572406 1.0194483668558516 1.0253879616230253
1119 NaN 1.0121044740209162 1.0223872000332543 1.0310641740617288
117 NaN 1.0069912042858251 1.012395832399192 1.0168080569340552
348 NaN 1.0162590538101777 1.0298780901593345 1.0412794147308126
853 NaN 0.9946928426611888 0.9897742611493373 0.985418379023325
1354 NaN 1.0091622934709399 1.0165556809002678 1.0226521312666992
1601 NaN 1.007058031881427 1.0133392931571854 1.0184737191608075
1355 NaN 1.0030345228249284 1.0043505914956408 1.0048141252836813
349 NaN 1.0063426116578928 1.0103904246439006 1.0131291665765831
1859 NaN 1.0090125024876135 1.015743711107984 1.0206760441993257
1120 NaN 1.0030679214534444 1.0067068631057934 1.0105349959088872
607 NaN 0.995950173384034 0.9929006957313203 0.990329144781548
118 NaN 1.007591624489741 1.0136162831440556 1.018362888269927
119 NaN 1.0016792355646498 1.0022394473573328 1.002228435105097
1121 NaN 1.0068716367926362 1.0132591485937965 1.0191180424757065
854 NaN 0.998455946723401 0.9963244696658508 0.994038205412168
120 NaN 1.0036001518396611 1.0060216587231976 1.007737351456939
1860 NaN 1.0039882304580896 1.0057232772081248 1.0060593853484479
121 NaN 1.0035201161423124 1.0059425588009139 1.007630213999258
1602 NaN 1.0085168852897874 1.0157598657225657 1.0218682430030932
1122 NaN 1.0116708006999564 1.0215534793162726 1.0299844058905507
122 NaN 1.0058025413024092 1.0105473855557645 1.0145906761089423
608 NaN 1.0124781717644895 1.0229296668191645 1.0315632225323745
855 NaN 1.0076067706561396 1.0151365275371202 1.02171676040141
123 NaN 1.0042219930461727 1.0071939246045842 1.0095038880745852
1603 NaN 1.005182913784123 1.0081189911600972 1.0096916328245857
609 NaN 1.002568248918427 1.0034995064860617 1.0034495143304891
856 NaN 1.0034748077984266 1.0055072135513574 1.0067216021175789
610 NaN 1.0012515562001603 1.0010858284693125 1.0002730658808996
1123 NaN 1.005012029904542 1.00920548908283 1.0125128732486564
1356 NaN 1.0182339746970468 1.03257010476173 1.0441902219667796
1124 NaN 1.0017118615464369 1.0026808339779198 1.0030387238837921
1604 NaN 1.0069383088599477 1.0115887888321908 1.014809514096485
350 NaN 0.9983860342936026 0.998907892637867 0.9999724165818201
124 NaN 0.9985721538109672 0.9961506141775355 0.9931977905332696
1357 NaN 1.0020283517499788 1.0026422453065171 1.0024099009075016
611 NaN 1.000090735373054 0.9997703029404938 0.9991669947973341
1125 NaN 1.005740132405402 1.0100145604774646 1.0131639860870283
1861 NaN 1.0011096106427702 1.002014622080233 1.0029828753797865
1126 NaN 1.0032984116670172 1.0053217910276833 1.0065454272605363
1605 NaN 1.003110135262359 1.0039544319531393 1.003745421462558
1358 NaN 1.0029995997043804 1.0049379966911174 1.0060956947043085
612 NaN 1.0041758628272786 1.0054563639965601 1.005127349848807
1862 NaN 1.0047145482934847 1.007682766102674 1.0098076021750246
1127 NaN 1.0048532148532288 1.008368003478088 1.0109431511636986
125 NaN 1.0022132735892404 1.003096993839443 1.002884260437222
1863 NaN 1.0049280484986416 1.0087422771594692 1.0114043711881537
1128 NaN 1.0042770199835633 1.007022934050373 1.0086773184567246
1359 NaN 1.0066453686792733 1.010599941985278 1.0129919774610878
351 NaN 1.0052218602779335 1.0082887599057004 1.0101172274293708
1606 NaN 1.0019687184733823 1.0039839213767012 1.0058546826950714
1864 NaN 0.9995700981499962 0.9985533681183459 0.9973399876514203
352 NaN 1.0039469578083455 1.0064899933294476 1.0081276121506257
126 NaN 1.0052658178577916 1.0090586935047974 1.0117475626221157
857 NaN 0.9984026010798829 0.9972242617883637 0.9964196577787404
1360 NaN 1.0019326618529354 1.0025607782192996 1.0024614520871225
353 NaN 1.0031682313868369 1.005342127247958 1.0068433861211195
1129 NaN 0.9989314430297869 0.9986067789315259 0.9984843386727448
858 NaN 1.0028052492669735 1.0052885006340024 1.0073032947881764
1865 NaN 1.00527293751709 1.0088131436106378 1.011254885773675
1130 NaN 1.0056222930552303 1.0097350524275333 1.012680905090095
859 NaN 1.0049729157492913 1.008570791888773 1.0113155303445673
1607 NaN 0.9985629952263033 0.9971862487800559 0.9959141757674139
1866 NaN 1.0054227901119028 1.0092363983225696 1.0121132912582114
860 NaN 1.008383043349756 1.0158242763762682 1.0221304712648591
1131 NaN 0.9991150961911799 0.9982927668936071 0.9974922921832781
1867 NaN 1.001367035160002 1.0016037109041724 1.0010138156960184
1361 NaN 1.0040494872769297 1.007471814967854 1.0099691691874053
861 NaN 1.0024025152963512 1.004579047318122 1.0066106443941893
1608 NaN 0.9987327049590753 0.9975185415698632 0.9963646565703568
127 NaN 1.0185042869412702 1.0323340805918932 1.0428063275316535
862 NaN 1.0056812801016055 1.0095508411066125 1.0123676718647092
1132 NaN 1.0018043151434637 1.0031901583357292 1.0040016567718075
863 NaN 1.0042285128751072 1.00730081559267 1.0095640791641098
1868 NaN 0.9934417155983106 0.9869376323024501 0.980762019918424
1362 NaN 1.00290348836307 1.0039122953747137 1.003576402173062
128 NaN 0.999238242143411 0.9988010031778561 0.9983862264341452
354 NaN 1.0148672081208894 1.030602022501021 1.0452121666962881
1133 NaN 1.0070917945132145 1.012532559541898 1.0168676901418152
613 NaN 1.0071439652639702 1.0106258384525724 1.0117114473490683
355 NaN 1.0085909045327193 1.0147464914329427 1.0192407631412392
1363 NaN 1.0150961089466441 1.0272553550229189 1.036922853745055
129 NaN 0.9977162209440852 0.9945397037500951 0.9910359513817466
1609 NaN 1.0018557371221175 1.003563763279836 1.0051782375280331
356 NaN 1.0052244981525875 1.008483367375079 1.0103679307565692
130 NaN 1.0017645747280512 1.0022074831568901 1.0019410657344152
1134 NaN 0.9977475912209012 0.9946151310397742 0.9911432769096358
1610 NaN 1.0032530005151739 1.0052147671745988 1.0062960864119128
614 NaN 1.0089629833181974 1.01509177577442 1.0194491332314974
1869 NaN 1.0093939057237287 1.0147123129425732 1.017248926252013
357 NaN 1.005051176047219 1.0088694884156204 1.0118316123894997
131 NaN 1.0055748052488278 1.0095204938159386 1.0123228299618694
1364 NaN 0.9984065603387612 0.9958457405938389 0.9932634102967243
615 NaN 1.0047161295256628 1.0080259262401892 1.010436298512198
1870 NaN 1.0072335749884884 1.01313012022843 1.0177853057062602
358 NaN 1.0031772235087322 1.0052783040793571 1.0065862004099386
864 NaN 1.0066148052107948 1.0104166773026892 1.0130509078088412
616 NaN 1.0027441150280247 1.004594365041189 1.0060126601485637
1871 NaN 1.00265372563584 1.004719119764973 1.0063467365813048
1611 NaN 1.0103157965166216 1.0184841764972485 1.0250598655488483
1135 NaN 1.0102503751016767 1.018068968029215 1.024280315922207
132 NaN 1.0044392582429766 1.007363164609567 1.009282847660988
359 NaN 1.0038312615758267 1.0069659066689969 1.009575454908067
865 NaN 1.0024951586161237 1.0037112522257012 1.0040974084345484
1612 NaN 1.0067575685521049 1.0119133719210525 1.0159924594883214
1872 NaN 1.0062651407189824 1.011347044223259 1.0154790769891124
617 NaN 1.0001275748114866 0.9999174875531024 0.9994304611822213
1365 NaN 1.004937908562303 1.007695710189011 1.0091939476176486
1613 NaN 1.0008263630999623 1.0006309404631857 0.9998954259639413
360 NaN 1.0068008581204297 1.0111388127162564 1.0140677607278679
1873 NaN 0.9990218776387203 0.9977660402892439 0.9964376159361384
1614 NaN 1.00233661218938 1.0037373095042759 1.0045186644276802
1136 NaN 1.0067534097942725 1.0105903072860603 1.0127854418992404
1615 NaN 1.0034225809190866 1.0054207251767369 1.006532760611873
1874 NaN 1.0065567614243967 1.0120341057880349 1.0165623519072695
618 NaN 1.0022562611613024 1.0033427310390106 1.0037279032578914
133 NaN 1.010083505030201 1.019986946199637 1.0289872849067008
619 NaN 1.0031938159067353 1.0052225861315476 1.0065359757557057
1616 NaN 1.0029368835135029 1.0045365537860127 1.0051992270329921
620 NaN 1.0047678875510724 1.0075772603848265 1.009280940747263
1137 NaN 1.0073562607826212 1.012692027575695 1.0168062248038878
866 NaN 1.0155063655365206 1.029024328061501 1.0403189505430186
1366 NaN 1.0090843380686039 1.015863840513522 1.021630851853837
1875 NaN 1.007719784549417 1.01295806948808 1.016842419270801
134 NaN 1.0027160041843979 1.0034868907519319 1.0035665163421799
621 NaN 1.0033400105708703 1.0054686692848704 1.0066842994324485
1876 NaN 1.0075115712894291 1.0136966832863643 1.0190160379094975
1367 NaN 1.0057679279488216 1.0100760893449932 1.0131336139275935
361 NaN 1.0037311747781497 1.0055194228793767 1.0063173524982871
1138 NaN 1.0013686316491681 1.0019125485051659 1.0020438585900233
622 NaN 1.0058777697919117 1.0097307490685752 1.0120810366422885
1877 NaN 0.9992896302534683 0.998231414187778 0.996904838520351
135 NaN 1.013504884595519 1.0230955424090604 1.0299767544039007
867 NaN 1.00934351413658 1.0175405358170595 1.0241763187067834
623 NaN 1.0061791503739739 1.0105017680356734 1.013639646660153
1139 NaN 1.0062402517429176 1.0110871878771015 1.0146130995750642
1878 NaN 1.0047120646808263 1.008515525214376 1.0117030850436763
1368 NaN 1.0035938658785275 1.0051208483898841 1.0055507065001215
624 NaN 1.0025397993316096 1.0043263182104898 1.0054170902918875
1617 NaN 1.00260664387589 1.002544410633255 1.0011994875573846
1879 NaN 1.0057570912833484 1.009355528428755 1.011590502137728
1618 NaN 1.003492573036437 1.006458080281292 1.0089084285217922
1619 NaN 1.0050312405174286 1.0083687023583499 1.0106786702590305
625 NaN 1.008567506888135 1.0128379659901592 1.0146259581469261
1140 NaN 1.0129465362073369 1.022724726731686 1.0297641994002158
1369 NaN 0.9930773025952679 0.9883153137395536 0.9846682143510651
868 NaN 0.9938867987722577 0.9883484355065815 0.983178631635255
1620 NaN 1.0076542334427052 1.0134480791378837 1.0179266817488986
136 NaN 1.0080468810492047 1.0128242972380856 1.015459307410179
1880 NaN 0.991266998716201 0.9835501890411295 0.9765995199685298
1621 NaN 1.0068064623644672 1.0125164975584313 1.0171516074669802
626 NaN 1.0023698937886618 1.0030154766563861 1.0026089344610205
1370 NaN 1.0018202895256914 1.0026417017621476 1.002796480687504
362 NaN 1.0133693757709306 1.0233207509812452 1.030707064850507
1141 NaN 1.000520514940696 1.0003110037451655 0.9996777516701402
1622 NaN 1.0057404450962355 1.0093055704853375 1.0116874198955637
869 NaN 1.0026885944942334 1.0046405177534397 1.0060921822189015
137 NaN 1.0050849002269155 1.0095246866116403 1.0134025339530797
1881 NaN 1.0111189770048699 1.0185500748665701 1.023580239989911
1142 NaN 1.0040774767541853 1.0054983990121853 1.0057003580432897
1623 NaN 1.0047843007730364 1.0074231643527163 1.0088126735288607
627 NaN 1.0085444629168938 1.0154633526535668 1.0205475987892103
1371 NaN 1.0022197385458893 1.003805947048621 1.004649877944883
138 NaN 1.0030667175981238 1.0053081875080636 1.0069327550391098
363 NaN 1.0063616746308464 1.0112795976202693 1.01532796042788
139 NaN 1.0006002830280756 1.0003046503177033 0.9994863326309501
364 NaN 1.0070867055495079 1.0122395031101685 1.016147903107523
870 NaN 1.0064688267808295 1.0110922626043355 1.0145515992259684
1143 NaN 1.009213440961267 1.0163450301203272 1.0218532555806532
1624 NaN 1.0016998799429238 1.0027831588249247 1.0032296491198167
365 NaN 1.0021540735963168 1.0045587333344095 1.00692828963652
1144 NaN 0.9994032647544847 0.9982988835746185 0.9968507249751887
140 NaN 1.0082950249704172 1.0149438476838553 1.0206447792160844
1882 NaN 0.993548436241124 0.9884370052346938 0.9841084946360722
628 NaN 1.0046151525759008 1.0065089164623349 1.0067165201890462
871 NaN 1.0010591720333728 1.0008793820048008 0.9997926755361887
1625 NaN 1.0035930268869147 1.0061482657116882 1.0082262556419737
872 NaN 1.0060909702132343 1.0105568568135486 1.0139667413078426
141 NaN 1.00150585036056 1.001379869331516 1.0003662910405808
1372 NaN 1.0129762799738353 1.023283340695536 1.0307202689618846
1883 NaN 1.0058873721122765 1.0105087646684439 1.0142732016883818
1626 NaN 1.0057283789014562 1.0104075009769728 1.0142643267833866
1145 NaN 1.005201971532034 1.009236407901663 1.0125896247876864
142 NaN 1.0078632926331357 1.0137163699802376 1.018269901552795
629 NaN 1.0067623070714178 1.0120102394146424 1.01617432730711
366 NaN 0.9974975850955679 0.9943460765942314 0.9912314609104557
1627 NaN 1.0042217423366893 1.0074473485805713 1.0098738741043234
1884 NaN 1.0108674454922737 1.0185985896280585 1.0243275995433443
630 NaN 1.0080557481445975 1.0140161887633665 1.0184809161631942
1146 NaN 1.0042298124709346 1.0078753750846696 1.011019650165452
873 NaN 0.9973612445707173 0.9949492003169421 0.9930092536716861
1628 NaN 1.007404796418611 1.01233418420808 1.015541326031632
1147 NaN 1.0081131590462558 1.014807139638883 1.020278089878176
631 NaN 1.0045743488152954 1.0075070129048636 1.0093579289933718
1373 NaN 1.0106272423395786 1.0203938919747935 1.0294209720908798
143 NaN 0.9933511225910342 0.9872001495908066 0.9817494946994706
367 NaN 1.0094681671224537 1.0177320264471 1.0248116037921222
874 NaN 1.0088243605680958 1.0172581857286975 1.0254293065418765
1148 NaN 1.002317311738658 1.0026801332984883 1.0021316193722254
632 NaN 1.0049881857468184 1.0085994588161533 1.0110778310175434
1885 NaN 0.997692451210281 0.9949025252365199 0.9924966071374484
1629 NaN 0.9963547334804777 0.9934578510163907 0.9907530998237924
1886 NaN 1.0038976375759483 1.0062490961243986 1.0077091910403218
633 NaN 1.003088224590823 1.0049935878734169 1.0060488055995402
875 NaN 1.0039612642565299 1.00689203536386 1.0090050164561941
1149 NaN 1.0012990798938548 1.0020930253307185 1.0026893600645428
1374 NaN 1.0021399560039295 1.0031468580297103 1.0034539275745036
1887 NaN 1.001158815904192 1.0018700139271015 1.0022717040031603
144 NaN 1.0034057955725524 1.006236030587913 1.0087947691595702
1375 NaN 1.0014869668096515 1.0019756318183248 1.001908131894058
1150 NaN 1.0038713667352945 1.0061362427257396 1.0074801097982973
1376 NaN 1.0026875072137127 1.0049148776723138 1.006686368448725
1630 NaN 1.0026351682740988 1.0031083821703193 1.0023127751891927
1888 NaN 1.0065106965239696 1.0111747868483412 1.0141876811450892
368 NaN 1.0107080870439684 1.0182221527862558 1.0236016467418225
876 NaN 1.0070056510089873 1.01334341501149 1.0188173532588538
1151 NaN 0.9990041249158245 0.997591882794313 0.9959515683381077
1377 NaN 1.0055166855985045 1.0094980157556985 1.0123772202552606
1631 NaN 1.0032974733506967 1.0051002359472405 1.006174890629648
634 NaN 0.9965297792803377 0.9933264168858986 0.9903354668484861
1889 NaN 1.0031820620264842 1.0050091311338958 1.0059873809194824
145 NaN 1.011705677062865 1.0213883226209595 1.0291380046285648
369 NaN 1.006357076678927 1.010960699333834 1.0143824551086593
1152 NaN 1.0057002059465885 1.0090145689083163 1.0108967366092214
370 NaN 1.00290922900444 1.0045455584622445 1.005406551198455
1890 NaN 1.0020312177278299 1.0034866995313225 1.0045228932765615
1632 NaN 1.0082071101315588 1.0130000346587003 1.0156503632928304
877 NaN 1.004796130527961 1.0084504323227843 1.0112727584123327
146 NaN 1.0038893173766945 1.0060404063450368 1.0071090123697202
1153 NaN 1.0001859912644069 0.9996400347764656 0.9987559439215354
371 NaN 0.9987874131291341 0.9966192049873906 0.9942178571022172
635 NaN 1.009435193550854 1.0181897584882427 1.0261409086404798
1154 NaN 1.006943674105953 1.0117908441217958 1.0151005081659692
636 NaN 1.003886197248165 1.0059637790612923 1.0069175011780815
1378 NaN 1.0180900416407452 1.031776687449373 1.042310824608683
1891 NaN 0.99854743232866 0.9968052484773791 0.994886967405326
1379 NaN 1.007381308714333 1.0120239209246606 1.0151628108001132
878 NaN 1.0069163373581007 1.0127824660028686 1.0177606793412854
1892 NaN 1.0007613742919947 0.9999827989567999 0.99860953732613
1633 NaN 0.9990280953924339 0.9966553303049109 0.9938936854210205
147 NaN 1.0106327263446475 1.0188137510838875 1.0255030579982927
637 NaN 1.004523560266455 1.0076287620317204 1.0098148079645946
372 NaN 1.0080144425620492 1.0142067634204248 1.019215574072021
879 NaN 1.0080584279906293 1.014081502562786 1.0185297193526588
1893 NaN 1.0025717765569029 1.0040544235537796 1.004893679705291
1155 NaN 0.997151504762093 0.9935437875985362 0.9900151092147993
1380 NaN 1.005314890699603 1.0080183502855602 1.009528684117043
1894 NaN 0.9985657598333773 0.9965197025271088 0.9940439565437686
148 NaN 1.0028972498106863 1.0037722094733668 1.00354548070852
638 NaN 1.0069456167337136 1.0116598138252295 1.0150468129731145
1156 NaN 1.0024450474425315 1.0036077180801433 1.0037926371466608
1634 NaN 0.9984919303220331 0.996344817929474 0.9938755023471687
373 NaN 0.9897650471714665 0.9803925702144417 0.9718966617020444
1635 NaN 1.006926526996533 1.0112405088913192 1.0140532216301497
1895 NaN 1.001319799458098 1.0028137910788781 1.0042731743540558
1157 NaN 1.0046824752590373 1.006412037876168 1.0062435241721994
880 NaN 1.0077044911531894 1.014652733017811 1.0205117158693688
149 NaN 0.9946226606701091 0.9903946438296454 0.9869841069395066
374 NaN 1.0008928398383392 1.00038639665155 0.9990908746124944
1158 NaN 1.0050368852822393 1.0087067666912735 1.0114932872452598
1896 NaN 1.0103313812763668 1.0182349587514157 1.024438560978705
375 NaN 1.004623184224625 1.0072518550134824 1.008842617761156
150 NaN 1.0038940434461794 1.0061925401919174 1.0075688727548258
881 NaN 1.000077351681794 0.9994410909652929 0.998373900717001
376 NaN 1.00021189547302 0.99953381331144 0.998405762945615
1159 NaN 1.0025974260004016 1.0046407641166617 1.0063074380013353
1636 NaN 0.9857616519920661 0.9726061919754189 0.9603026067077148
377 NaN 1.0102092639527855 1.0180415498782514 1.0241997755073822
151 NaN 1.0104675873289075 1.0175763278136303 1.0225993706786831
639 NaN 1.0092444109845287 1.017216437959159 1.0239804586326733
882 NaN 1.0036827478243198 1.0062623661516579 1.0078525208060614
1897 NaN 0.9990956189422638 0.9976281078671427 0.996330610067415
640 NaN 1.0066589846302172 1.0121312674299334 1.0165756777800397
1160 NaN 1.0099214336936848 1.0169771000700238 1.0221820893579199
1637 NaN 1.0053162644805052 1.0082394562621697 1.0097347975077342
152 NaN 1.0042118679068779 1.007682575584204 1.0104716710710506
883 NaN 1.0111669901761786 1.02017019645269 1.0275845069793963
1898 NaN 0.9988785887378916 0.9973405393832532 0.9959251743196059
153 NaN 1.003179432649166 1.0061713517014519 1.008873831343735
1638 NaN 1.003099059897079 1.005463847070753 1.007180986897462
641 NaN 0.9998517009075079 0.9998190108809228 1.000105111086188
1639 NaN 1.0056787536747687 1.0091548421872456 1.0112707051630336
642 NaN 1.0046557765466635 1.008159791340087 1.0108993438055216
1161 NaN 1.0113303025766458 1.020575963577967 1.0274158201527899
154 NaN 1.0043055168037134 1.0069396669987838 1.008676573417781
1899 NaN 1.0076224343655542 1.0132331656647935 1.0171995543006909
643 NaN 1.0022871108475282 1.003582472767282 1.0044597999666378
1381 NaN 1.03346053867109 1.0562768523215837 1.0718361358283965
884 NaN 1.0104365373838429 1.0188844986610748 1.0259994021398064
1900 NaN 1.0032369848618123 1.0054749425363843 1.0071420303733523
378 NaN 0.9947514492129429 0.9925226001960674 0.9916584165965439
1640 NaN 1.0058317113324111 1.0091737155763831 1.0112423583548016
155 NaN 1.0053306766863208 1.0088611731906747 1.0112638242285525
1382 NaN 1.0055886395094173 1.0091772633480554 1.0116473131385126
644 NaN 1.0016013102469665 1.0027424880670537 1.003548011953305
379 NaN 1.0022911557480834 1.002980649175896 1.0028220581674077
1901 NaN 1.003379427088706 1.0057732788180753 1.0074364165133491
885 NaN 1.0045350568675517 1.0078449356257555 1.0101165983568012
1162 NaN 1.0058183008629438 1.0093180520875158 1.0111957119255877
645 NaN 1.0027202115678073 1.0044845261548012 1.0055608931327111
156 NaN 1.0048773091387018 1.0085826801530644 1.011604646297116
1163 NaN 1.001559482613221 1.002193226375255 1.0021069934993267
1902 NaN 1.0023554534705652 1.0033409329392924 1.0034556015787537
1383 NaN 1.0109070616852098 1.018753476776289 1.0244430928459647
157 NaN 1.0067418798197376 1.012310138380835 1.0169222097914754
886 NaN 1.005711878132757 1.0076195050539487 1.007286505107174
887 NaN 1.0036458180120322 1.0059136016775045 1.0071519018135149
646 NaN 1.0062480204472357 1.010015182457552 1.0120848988377074
888 NaN 1.005520259510286 1.0093347360699365 1.0119355822538068
1903 NaN 1.0130481528440096 1.0232915724603817 1.031256473547801
158 NaN 1.006613028296957 1.011173065045333 1.014452304458995
1641 NaN 0.9913291675672501 0.9807028702302277 0.9697683129323194
380 NaN 1.0168557741950521 1.0298791227482966 1.04024258162535
1164 NaN 1.0008575347934883 0.9998099073165986 0.9980705441722046
1642 NaN 1.0028791091768363 1.0044387708722342 1.0053356356319434
1904 NaN 1.0028454304354346 1.0039142201799385 1.0040925283955213
381 NaN 1.0068680837661983 1.0116871957946145 1.0152294376706623
159 NaN 1.0061527005669788 1.0109418928531295 1.0148881429273973
889 NaN 0.9995133804949 0.9988711505963094 0.9981809773993455
1643 NaN 1.0098240036595991 1.0177870997580183 1.0242478916123634
647 NaN 1.0018486985533444 1.0036521953677788 1.0054589343572113
382 NaN 1.004479159204292 1.0069530070971628 1.0080634242760387
1165 NaN 1.0092820928444906 1.0154026141592007 1.0195639077694238
1905 NaN 0.999746880178449 0.9986391780359849 0.9969927308172797
1644 NaN 1.000881456098478 1.0024226353765051 1.004402640471965
160 NaN 1.0073853348385184 1.011944833193674 1.0144142278361337
1166 NaN 1.0092129597718278 1.016371760508986 1.0220319626395082
383 NaN 1.001644081032623 1.0021343287798847 1.0021611468847789
1384 NaN 1.0093846498805426 1.014367534299647 1.0169600522404454
1645 NaN 1.0035314097047372 1.0054348131802646 1.006445984632488
648 NaN 1.0007297422971566 1.000415285201853 0.9997224931413974
1167 NaN 1.0062982563769751 1.0104514658538615 1.0132598680276064
1385 NaN 1.005553049263736 1.0096141899839675 1.0126973347892865
890 NaN 0.9940635962076916 0.9877864426996265 0.981799354244915
1906 NaN 1.0077568585297887 1.0129677832400796 1.0167272400749605
1646 NaN 1.0048270822818552 1.0082634194016644 1.0106778522867434
384 NaN 0.9975126099157117 0.9944282542650614 0.9911548749426022
1168 NaN 1.0042877063095907 1.0071562051575544 1.009363412726973
1386 NaN 1.004203353963402 1.0067134719122341 1.0081862038940792
1169 NaN 1.0036147334768035 1.005503898549319 1.0063422572669325
385 NaN 1.0000423389307032 0.9995275916432372 0.9987070496804268
1387 NaN 1.0070748573584773 1.0121096386513777 1.0156855745066669
891 NaN 1.004697742561342 1.0066998441059276 1.007282487182416
1388 NaN 1.0062770777170424 1.0109495352519595 1.014424240890589
1647 NaN 1.0049635745054153 1.009161049451543 1.0125800394972337
649 NaN 1.003279564624766 1.004402947959187 1.0044282359308052
892 NaN 1.0077905606051643 1.0141257499928462 1.0196418805646852
386 NaN 1.0018394096450702 1.0031599768551032 1.004087035994049
1648 NaN 1.0061516975921763 1.010818764181917 1.0144405114477804
650 NaN 1.004356251698277 1.0072095186855878 1.0090594377258058
1907 NaN 1.002224338201861 1.0042753034723615 1.0065567199474392
1170 NaN 1.0162319567414448 1.0299337199166447 1.0415543005394436
651 NaN 1.0054704459242547 1.0087905142738718 1.0108074844924673
1649 NaN 0.9980570489303241 0.997129008411142 0.9967367211887335
1650 NaN 1.0035449866174706 1.005670056288888 1.0068855122741391
652 NaN 1.0034489487919869 1.005783237030854 1.0072845066895053
1651 NaN 1.001295536166668 1.0010245323460607 0.99975730008476
1908 NaN 1.0016747434059328 1.002312061089483 1.0024538296478822
893 NaN 1.0024609303694823 1.0046864653332954 1.0063694927357683
1389 NaN 0.9996998527819547 0.9994108815341142 0.9995082236082508
1171 NaN 1.0058686082622994 1.0093279212028345 1.0114169185097237
653 NaN 1.003804845446268 1.0063166405821296 1.008167607885684
161 NaN 1.011833314611192 1.0201015615894917 1.02647481544912
1390 NaN 1.0018134586494676 1.002710040024061 1.0030613564705146
894 NaN 1.0045692079415136 1.0074943737936617 1.0094312921691997
1172 NaN 1.0011147080347382 1.0012976275499088 1.001017886361581
895 NaN 1.0033538950632128 1.0053527646526215 1.0065695166605702
1391 NaN 1.0050156347346797 1.0084072217111815 1.010735657901767
1909 NaN 1.001369500218441 1.0013476091397377 1.000733274815125
896 NaN 1.0108380333365494 1.0180097350303283 1.0229952501852138
1652 NaN 0.9930132981943117 0.9859530490095464 0.9790394851912415
1392 NaN 1.006297662682742 1.0107282172776082 1.0139141317081235
387 NaN 1.0152076008273943 1.0275283830395225 1.0376345724320066
1910 NaN 1.0100530093414448 1.017414400528351 1.0231546325703085
1173 NaN 0.9991370317925325 0.9962962543322962 0.9925275719692678
1653 NaN 1.0048774246532124 1.0095907847633125 1.0138951806870886
1393 NaN 1.0011105698749247 1.0014951024800407 1.0011848517586548
162 NaN 1.0066903062733288 1.0113622461066265 1.014690606065991
1654 NaN 1.001124271265696 1.0017585831583444 1.0020637232371459
897 NaN 0.9959347329166576 0.9924036615216447 0.9893161502408422
1911 NaN 1.009538350989507 1.0165333772322875 1.0218457716336673
654 NaN 1.0125591157597043 1.0227712051601712 1.031668333876808
1174 NaN 1.0009950208401166 1.0015852851516396 1.001944288714183
898 NaN 1.0055254655565788 1.0095592472422132 1.0125658679032274
388 NaN 1.0169250819453455 1.0301998816340736 1.0406466237668093
163 NaN 0.9966407277483975 0.9938579903025916 0.9911576615896496
1912 NaN 1.0033471582075095 1.005502843381747 1.0068554520907163
389 NaN 1.0001044171748799 0.999537331220528 0.9987607572616992
1913 NaN 1.0032106600664628 1.0051520446084838 1.00645827482656
1394 NaN 1.0010730637109673 1.0008642186467955 1.0002150812225359
390 NaN 1.0030320345145962 1.0050262012021118 1.0063348036524797
899 NaN 1.0086930859172942 1.0147554123341131 1.0190398075722835
1175 NaN 1.000225139345585 0.9996830076239939 0.9985483510677658
1655 NaN 1.0077604701319163 1.0129704458475732 1.0161787833406657
900 NaN 1.000785549435485 1.0001893890881373 0.9989589450055345
1395 NaN 1.0016494082456238 1.0013927269198677 1.000384200489787
391 NaN 1.011181697960576 1.0212439440771337 1.030158014744926
1176 NaN 1.0065114588321484 1.0107315975333908 1.013384120479491
655 NaN 1.0084178413104765 1.0149324890845168 1.0198186443370794
1914 NaN 1.011194348378845 1.0185534227989617 1.0235903962187984
901 NaN 1.003059747876333 1.0059662025917244 1.0086363343761948
164 NaN 1.0043352970629127 1.0075146363687533 1.01056156157983
1915 NaN 1.0030516347010974 1.0042652627114077 1.0044591519675221
392 NaN 1.002685772881729 1.0046581241456383 1.0059903765313274
1177 NaN 1.0022699505506405 1.0029423986854085 1.0027918239605769
1916 NaN 1.0042547631922027 1.006880102242002 1.0085157572717527
656 NaN 0.9982870260682204 0.9963071074452997 0.9944125307857375
1656 NaN 0.993113088319944 0.9866184444047925 0.9810026854879329
902 NaN 0.998618170230748 0.9968108695941363 0.994976607865808
1396 NaN 0.993268224185389 0.9874629333920107 0.9821410457700015
393 NaN 1.0027741108909731 1.0054928600376385 1.007739749016207
1178 NaN 1.002914935402972 1.0040595607140974 1.0041427776739664
657 NaN 1.0030974792908849 1.004491862023473 1.0046506335731678
1397 NaN 1.003003031362752 1.0047512073130738 1.0057353528891564
1657 NaN 1.0034343476201761 1.0064646789965888 1.0089944191196354
165 NaN 1.005143512468895 1.0092530263759494 1.012421039035442
1398 NaN 1.0035838798726497 1.0062555413335394 1.0082333533965293
1179 NaN 1.0020271096473703 1.0037480784866804 1.0050098863688504
166 NaN 1.0087769620347609 1.0166494035207474 1.0236982485570916
1399 NaN 1.0136038892273231 1.02310231082933 1.0298532957581106
394 NaN 0.9994520057681108 0.9978713490016603 0.9959430142664049
1400 NaN 1.0033907210634552 1.0055355065172298 1.0067489319914051
167 NaN 1.0012246462477048 1.0013611411007144 1.0007814857800783
1401 NaN 1.0081746409460048 1.013647248655451 1.0175355635493304
1917 NaN 1.0171172988476043 1.029300375175914 1.0375051166564566
903 NaN 1.0178593108558622 1.0333892062722225 1.046518747642843
395 NaN 0.9985471473204233 0.9969628095425127 0.9953629961723602
904 NaN 1.0043796224667345 1.0076860798069813 1.0101841401042428
1180 NaN 1.0026197171440472 1.0053642312899385 1.0081706747633619
1918 NaN 1.0054270388557438 1.0099401139464863 1.0137081591444652
1181 NaN 1.0003251689779429 1.0003193214914305 1.0001330353341393
658 NaN 1.01274336095504 1.0219225705166846 1.0287595282525834
168 NaN 1.00472730861956 1.0082716990642937 1.0108272709165649
659 NaN 1.0016011407474852 1.0024452036698046 1.0026228094982064
1402 NaN 1.0096564207426337 1.0165756356592215 1.021624949588375
396 NaN 1.0042051397160892 1.00695044877435 1.0086223056935948
905 NaN 1.0049031828486443 1.008655472008375 1.011882051117
906 NaN 1.0032052839560113 1.005516199047762 1.0072022802003862
397 NaN 1.003145349142854 1.0056596120018966 1.0075932311301226
169 NaN 1.0033046274356856 1.005806905818327 1.0074365504086635
660 NaN 1.0049650679518956 1.0094812417105263 1.0133610060986271
1919 NaN 1.001047768689298 1.0013317447615175 1.0013171277555697
907 NaN 1.0019190196574195 1.0028095647726305 1.0029946813889477
1403 NaN 0.9998576439387423 0.999387992997155 0.9984104589208844
1182 NaN 1.001582667442804 1.0013491528597707 0.9997810479991996
661 NaN 1.0044262759607283 1.0077358773230194 1.0103089426076948
1658 NaN 1.0048814414093068 1.0106680022006973 1.0160813961574862
398 NaN 1.0070100491365 1.0126032257212179 1.016973157210965
170 NaN 1.0048849147862002 1.0087455180711788 1.0117360093241585
908 NaN 1.0011625605878336 1.001587112561478 1.001572318252655
909 NaN 1.006115986030176 1.0102301842561516 1.0130635223977367
1920 NaN 1.0020898180340074 1.003414784244996 1.0048360153454068
662 NaN 1.0105674672262892 1.01923597279279 1.0262152108048364
663 NaN 1.002397258163661 1.003844120446329 1.0045678645010334
171 NaN 1.0068533970656366 1.0122263142473147 1.0166250571704731
1183 NaN 1.0124980758895914 1.022593685316035 1.0307836494987284
910 NaN 1.0050931343203933 1.0083614729013843 1.010421183126822
911 NaN 1.0049640460473965 1.0082715061495036 1.0105164048563406
1184 NaN 1.0045862745436447 1.0075024183061465 1.0094302500426289
172 NaN 1.0059822788359878 1.0105043113836731 1.014065935949236
1404 NaN 1.0020406403614737 1.003162269250635 1.0039940464832269
1185 NaN 1.0087894567372417 1.0160987423872576 1.0221692559934186
912 NaN 1.005452381711125 1.0101998942832577 1.01414707304618
399 NaN 1.0034263591696977 1.0066533361665515 1.009297245703783
1405 NaN 0.9970638381198794 0.9951535875788536 0.9937798213049946
1186 NaN 1.0127712339479462 1.0227570031128386 1.0305829801955406
664 NaN 1.0030508360027157 1.004861898718809 1.0060779602727412
1406 NaN 1.0076238792679248 1.0134335635354714 1.0179510043795783
173 NaN 1.0078007486323732 1.012214758746178 1.0144384103902155
1407 NaN 1.004602670896332 1.0084572328724757 1.0115384808858445
1659 NaN 1.0016951632880589 1.000144570885616 0.9973377216641257
1408 NaN 1.0045841635038897 1.0085729828204708 1.0122061572384704
174 NaN 1.0063720511514203 1.011215805423366 1.0147703268904145
665 NaN 0.9986001903050922 0.9955549793364116 0.9918888796566865
1660 NaN 1.0028652370074138 1.0055960218862845 1.008026184180799
1409 NaN 1.0083761564551124 1.0150503589835858 1.0204377779201255
400 NaN 1.0078815864855797 1.014659941800129 1.02038510246837
175 NaN 0.999179938918954 0.9974885121242018 0.995648684629838
913 NaN 1.0141680418228607 1.0262809960873518 1.0362173719658005
1661 NaN 1.0032263672463688 1.0050712692682877 1.0059732702452664
176 NaN 1.000828850479677 1.0007698252090096 1.000213223282292
1921 NaN 1.0080117346034405 1.0153960028703908 1.0215937071004675
401 NaN 1.0001326054509811 0.9996240583744113 0.998809283992549
1187 NaN 1.0083929487216665 1.0155925001221615 1.0220373061754409
1922 NaN 1.0012822217767519 1.0016192889862587 1.0013961879010227
1410 NaN 0.9983505747586371 0.9962921792483921 0.9939228095568354
914 NaN 1.005109966783262 1.0080555352188827 1.0096872009388023
666 NaN 1.006348874225229 1.0104550698999295 1.0130647078922181
915 NaN 1.0046924139893998 1.0082142513903518 1.0108943221528328
1923 NaN 1.0003920275581213 0.9999250766710681 0.999134936163908
1411 NaN 1.0061904170536127 1.0102162482668433 1.0129224711592495
1188 NaN 1.0011788147743292 1.001865396592342 1.0022855524055951
1412 NaN 1.0047619962685646 1.0079681159857994 1.0100517261752666
916 NaN 1.0049202680028955 1.0079850771590526 1.0099486561807836
1413 NaN 1.0054326342393256 1.0095322467243526 1.0126252166673555
667 NaN 0.9998829778436006 0.9990155477089481 0.9978465088539504
668 NaN 1.0035294295284052 1.0058057697600953 1.007226638336006
1662 NaN 0.983187488100048 0.9694298774728906 0.9579082061933313
1414 NaN 1.0041998735775677 1.0070069086204883 1.008741082583123
1924 NaN 0.9996033767344042 0.9995205385342474 0.9991504972176986
402 NaN 0.9921254005390846 0.9865901208568664 0.9827941786473082
1189 NaN 1.00151356481695 1.0018944488766852 1.0017727896868573
403 NaN 1.0033648540996727 1.0059519074453425 1.0078844243569798
1925 NaN 1.006069739749654 1.010533517133291 1.0138700899568227
917 NaN 0.9984150884101272 0.9975431690672437 0.9972531701596359
669 NaN 1.0046506259919847 1.0082441987865884 1.01109440987478
404 NaN 1.0067725855718024 1.0115925762665172 1.0149335929528112
1190 NaN 0.9995237589567093 0.9983189750906094 0.9967908714878704
1415 NaN 0.9999840898349868 0.9990931916633903 0.997939304128535
1663 NaN 0.9998828647821869 0.9982829827332702 0.9966279938596028
405 NaN 1.0057744771416406 1.0099241501786256 1.0128784498660512
670 NaN 1.0000123549714957 1.0000322607075205 0.9999300962171253
1926 NaN 0.9999008751717661 0.9978834916305431 0.9950196900534521
1191 NaN 1.0037046800457694 1.006516473153339 1.008634000969774
1416 NaN 0.9992693814308 0.9982136905625691 0.997161334476861
406 NaN 1.0026107031748044 1.0039499016403457 1.0045155716723835
1417 NaN 1.0008213140795872 1.0010858072121291 1.0011051311945016
1664 NaN 1.003090498029276 1.004557507440424 1.0052554934861102
1418 NaN 0.9990607232468455 0.9970207945806308 0.9946307751576247
671 NaN 1.0079618043465688 1.0136527757309064 1.0176851228949066
918 NaN 0.9938366901335314 0.9869685790951066 0.9801257450649162
407 NaN 1.00661482788887 1.011414754086048 1.0149481751780742
1192 NaN 1.0017494842994485 1.0025190584718529 1.0027162544188986
1665 NaN 1.0047578746769938 1.0074898178175002 1.0090780875382255
1419 NaN 1.0082029490951883 1.0148908719538288 1.0202822066537256
672 NaN 1.0061281697902529 1.00987517426513 1.0121214391162965
1420 NaN 1.0013718022061184 1.0023758437264139 1.0030715792333844
1927 NaN 1.0033572862294435 1.0059955072563602 1.0080858425649681
1666 NaN 1.000090738667224 1.0004158252949442 1.0010180987820196
1193 NaN 1.0080225795052897 1.0146988414687563 1.020058047128301
1667 NaN 1.0021794167876203 1.0034998578463654 1.0041295335130436
1194 NaN 1.0010178179680407 1.000663966997773 0.9995540060270379
1421 NaN 1.0018256611288368 1.00318343607837 1.004042217987319
1668 NaN 1.0030990734452623 1.0051895727608604 1.0066382377224123
1928 NaN 1.011500470759576 1.02134156463904 1.0300485664486776
1929 NaN 1.0011770385413974 1.0014866046369018 1.0012164531009193
1422 NaN 1.0056782938953654 1.0097180963016525 1.012773625514037
1669 NaN 1.003602535643718 1.006192415505814 1.0083216590569681
673 NaN 1.0102266612700532 1.0201271607403928 1.0290859904593042
408 NaN 0.9976512733614027 0.9976064821830763 0.9983185157777276
1195 NaN 1.005623335444918 1.0095227963100204 1.0121774664577288
919 NaN 1.0206942111790689 1.0367283203623707 1.0494736665571476
1930 NaN 1.0003872918725203 1.0009383845099526 1.0012855424837466
1423 NaN 1.0068750650074518 1.0116776593459615 1.0152705417755485
1670 NaN 1.004230292321551 1.0071521816441307 1.0093127089534566
1196 NaN 1.0009024107598474 1.000846865639642 1.0002854367979184
1671 NaN 1.0014403869337263 1.0025144296850634 1.0033239867556945
409 NaN 1.0017973818264843 1.00348914633201 1.004849177919545
1672 NaN 1.0026048642610303 1.0040666357723593 1.0045487034074192
1424 NaN 1.0045754729784984 1.0064305772953779 1.0068144037709723
920 NaN 0.9970657970020806 0.9947257121919211 0.9931507213288969
1931 NaN 0.9953023390179706 0.9895939893198904 0.9835224234023314
1673 NaN 1.0021269480044843 1.0032357912167245 1.0037519560449586
410 NaN 1.0047057882998511 1.0074045885459546 1.0089129986010221
1674 NaN 1.0066597785950266 1.0110226874377077 1.013936763347976
1425 NaN 0.9999962191560929 1.000077927726912 1.0001871361051318
1197 NaN 1.010615253115427 1.022283226106363 1.033135660079661
921 NaN 1.0060607949625306 1.010224726010615 1.0130709637509472
1675 NaN 1.003338884545783 1.0052950691322398 1.0063300143607872
1426 NaN 1.0055113436996752 1.0089528134341141 1.011125682550571
922 NaN 1.0026994194288157 1.0046493582330822 1.0059584901276637
1198 NaN 1.0125797358626816 1.0237525613368048 1.0334777379026021
1199 NaN 1.0044517382585216 1.0069827811342227 1.0083981063497907
1676 NaN 1.0028485418590043 1.0052914540238254 1.0076780473331322
177 NaN 1.0099325942742878 1.0202015492298815 1.030096672808351
1427 NaN 1.005711289709951 1.0100635004746361 1.0133643185867254
411 NaN 1.0102589593806017 1.0187286143146708 1.0256423157761632
923 NaN 1.0029554621635257 1.0051836454789431 1.006983107019648
674 NaN 0.9896186029779953 0.9785727466108312 0.967681314692166
1932 NaN 1.008131710702773 1.012329012708096 1.0140184090704472
1428 NaN 1.009344910343327 1.015851946351409 1.020432486313712
1200 NaN 1.0013595549494294 1.0011111068376446 1.0000504152620409
924 NaN 1.0044792106722737 1.0075814653842914 1.0097505155697961
178 NaN 0.9977072715065911 0.9952751210119088 0.9930004348593069
1201 NaN 1.0046958630012235 1.0079685678960884 1.0102747451057037
412 NaN 1.0086831564904786 1.0154907594969564 1.0208976235301939
675 NaN 1.0036249406308606 1.0064281986108048 1.0087587207700228
1429 NaN 1.0057281826692053 1.0099223205885222 1.0129491369014665
1933 NaN 1.0018711333343053 1.0031519569909981 1.0037945485267603
179 NaN 1.0041165164622345 1.0059458731720035 1.0064809777325125
676 NaN 1.004148258789332 1.0077330789547427 1.0108846535324987
925 NaN 1.0027449488446551 1.0043820977632836 1.0053925699541781
1202 NaN 1.0031514931894092 1.0050647002817286 1.006144050488735
1430 NaN 1.0021109154006733 1.0033187466535802 1.0040126156862401
1934 NaN 1.0033888683581942 1.005371860448371 1.0064445470956365
1677 NaN 1.006292354457405 1.0111998828807607 1.0152724786440457
677 NaN 1.00385459913108 1.0064263598475163 1.0082165967023504
413 NaN 1.0093304237718626 1.0177421122658665 1.0253110982130789
180 NaN 1.0007760471018576 0.9999750732014235 0.9984625323282178
678 NaN 1.0037653585270587 1.0061479262986532 1.007540696395109
1935 NaN 1.0028126340999644 1.0059695952694256 1.0092221155970929
414 NaN 1.0007776474676655 1.0001946193704665 0.9988653820847533
1678 NaN 1.0045238228313542 1.008618797500121 1.0121221082918337
1936 NaN 1.0040995620877715 1.0067787532738588 1.008493406468169
181 NaN 0.9998466869860315 0.9985830239808884 0.9969239264459809
1679 NaN 1.0040283941611918 1.0070067263493732 1.009227018218142
415 NaN 1.0009301390906584 1.0021177390263687 1.0034128091866479
679 NaN 0.9965180393020726 0.9924030408972511 0.9881953492755846
1431 NaN 1.0115985352898509 1.0219826178928086 1.031138996621519
1937 NaN 1.00618487428873 1.0108774455093488 1.0146695341148542
1432 NaN 1.0057041721293434 1.0098350910156755 1.012932269322917
1680 NaN 1.0038976023593036 1.0061856122711168 1.0075224596895869
680 NaN 1.0083331326769307 1.0150577112360017 1.020481709924832
416 NaN 1.0066720602869415 1.0111430571872653 1.0138787818275292
1433 NaN 1.0059738920524517 1.010214182041333 1.0129498343012393
681 NaN 1.0064149058310095 1.0112545637421475 1.0147553824235607
1681 NaN 1.0066315146118852 1.0108263030587554 1.0133366292729797
1203 NaN 0.9959942581832627 0.9926956652670557 0.9902709813766828
682 NaN 1.0022365982033965 1.003506179156375 1.0041982938842773
1434 NaN 1.003094102280358 1.0045280594033965 1.0050061516145214
926 NaN 1.009744455203109 1.017427428666986 1.023728935558751
417 NaN 1.0049741895368716 1.007008498581923 1.0073961467703485
418 NaN 1.005695506755092 1.0097407223921548 1.01291369298908
1204 NaN 1.0046037889747779 1.0078411572314083 1.0100244627755874
927 NaN 1.0044087253483052 1.0080904242945894 1.0112275390751093
182 NaN 1.005102425978432 1.0089773501761328 1.0120346890398007
1682 NaN 1.0107626351489374 1.018253610550957 1.0241798642996662
183 NaN 1.0055761172975197 1.0094416929911982 1.0121329191932567
1205 NaN 1.0070897004072856 1.0120127734457067 1.0155146272365254
1683 NaN 1.002713398870445 1.0040388255231156 1.004520764754239
1435 NaN 1.0016396758833144 1.0024765888541678 1.0029303344731202
1684 NaN 0.9996297801993518 0.99927333028351 0.9992047114737681
1938 NaN 1.0015966551704423 1.0038864094838627 1.0065382734887192
1206 NaN 1.0059203339396465 1.0101221780740066 1.0131930215614853
683 NaN 1.0088308450902614 1.0156033750334414 1.0207733009783646
684 NaN 1.0071848442093574 1.0125342352595559 1.0165763818346125
1939 NaN 1.0036666171629145 1.0066374649620915 1.0089875016755365
184 NaN 1.0031083089067656 1.0047919390793862 1.0054596474555477
419 NaN 1.0054477356790317 1.0102530187308143 1.0140686591965116
1436 NaN 0.9976467549837725 0.9937830947999198 0.9892794554446542
420 NaN 1.0050132339402655 1.0084425234490983 1.0108441166335287
685 NaN 1.0010302234250412 1.0010525023699857 1.0003863235515984
1685 NaN 1.0105988440905125 1.0176577286229427 1.0225152553181684
1940 NaN 1.006730416687041 1.0119236052524185 1.0160723060172705
421 NaN 0.9923933994567162 0.9849974702992611 0.9779605302060518
1686 NaN 1.0030576424540338 1.004886779602063 1.0060374093021758
686 NaN 0.9987747400469776 0.9973439994565902 0.9958338757439116
1207 NaN 1.0058157531475522 1.006614708717909 1.005027381668552
928 NaN 1.0016998928455012 1.0034407313562945 1.0048335309162644
185 NaN 1.0062110171776384 1.0117388511082992 1.0169991305735788
929 NaN 1.0051714226394037 1.007940742343361 1.0094192499025274
687 NaN 0.9994016166162432 0.9984000510343498 0.9972090598457313
1941 NaN 1.0048618299619396 1.0081165792637765 1.010313831374054
1437 NaN 1.0163805687943068 1.0285533674933078 1.0376910776434014
1208 NaN 1.0063452394352055 1.0106205511852353 1.0134614227871446
1687 NaN 1.0004816546841053 0.9997051390674092 0.9981003918047456
930 NaN 1.0019642202448795 1.0030476699670023 1.003542487160887
186 NaN 1.0043801763876299 1.0082080324899632 1.0115554703077922
1942 NaN 1.0002735232261317 0.9996330986439094 0.9985485415181845
1438 NaN 1.0021797552076237 1.0030274078047898 1.0031473909560085
1209 NaN 1.0068026027566779 1.0118272035534872 1.015471214025462
1439 NaN 1.0050314991011386 1.0085813498956584 1.0112231298611978
187 NaN 1.0057900479677868 1.0096372160440692 1.012153689454586
1943 NaN 1.001198158840787 1.002025963299538 1.0025338668739723
1688 NaN 0.9986546195856328 0.9963820414539657 0.9936580270971151
1944 NaN 1.0019104896210713 1.0027744994048597 1.0029831364625195
1210 NaN 1.002587562693672 1.0032387091919164 1.0028445452995705
931 NaN 1.0097107801054392 1.017120315912629 1.023009980689342
688 NaN 0.9976973263420078 0.996409630856559 0.9955195807570757
1440 NaN 1.003012427947492 1.0041625078652576 1.0043437259014423
422 NaN 1.0067146525481276 1.0135586398273153 1.020170429119013
1441 NaN 1.006558270390384 1.011471706496089 1.015144215324516
188 NaN 1.0048505115859574 1.0085241517964345 1.011370319140996
1211 NaN 1.0109907679441956 1.0193823562386077 1.0262626742316514
1945 NaN 1.0006754875331345 0.999440023372432 0.9974769660684641
1689 NaN 1.0040836497957808 1.0058798507962075 1.0063002561899708
423 NaN 1.0045800168631784 1.0074837954285383 1.0093484399412076
932 NaN 0.9985379742683926 0.9952459526007268 0.9908103127549214
1212 NaN 1.0030957836269447 1.0058545664299776 1.008110058350587
933 NaN 1.0058441852509745 1.0095727893278292 1.011948017729136
1690 NaN 1.0086622918240256 1.0146304926192857 1.0189604691621565
1442 NaN 1.0120169899732396 1.0212532260935085 1.028749534662547
189 NaN 0.9995962424662049 1.0002758980034954 1.0011435436641578
1691 NaN 1.0058671178189067 1.0102442466275943 1.0136007996567837
1443 NaN 0.9996709139281957 0.9987937711998317 0.997676697970866
934 NaN 0.9994846784543375 0.999315599694667 0.9992048539004519
190 NaN 1.0037174941179483 1.006475227280442 1.0084732784994164
1946 NaN 1.0094533992344943 1.0166792326427887 1.0223129434920846
1444 NaN 1.0072150866571126 1.0122684712266996 1.0159420116583104
689 NaN 1.0039449187344427 1.0115411055423305 1.0207554476820098
1445 NaN 1.00367479245487 1.0055872566298103 1.0063999734357834
1692 NaN 1.0096528844465147 1.017215708625191 1.0232822900491039
935 NaN 1.0103798252392957 1.0185484832341085 1.0249233720529265
1693 NaN 1.0076675630596095 1.0129811538467388 1.0167186864860804
1947 NaN 1.0022421470814216 1.0042881224130475 1.0064461061290462
936 NaN 1.0049972251166512 1.0082010584210643 1.0102130573375054
424 NaN 1.0094692967689107 1.019153770845678 1.0285234547462074
1948 NaN 1.0035502916070185 1.0057031672016292 1.006920318588908
1949 NaN 1.0041760884524242 1.0071355229003445 1.009365926750141
1694 NaN 1.0053624370302299 1.0097622814783203 1.0134945407390428
191 NaN 1.0079179492170849 1.0126621883723705 1.0161736012466454
425 NaN 0.9990982145017686 0.999001297188973 0.9993092329387855
937 NaN 1.0020440923329668 1.0025172367770914 1.0018979540809225
690 NaN 1.0070680675851988 1.0134089104239308 1.0188033144695234
1950 NaN 1.0035627089662107 1.0056239277297376 1.006770593791694
1446 NaN 1.0190734058334046 1.0354271897097254 1.0485813161702642
426 NaN 1.0026326150254652 1.0040960005467734 1.0048303255109252
1695 NaN 1.0048283465624472 1.0089872201522065 1.012416075457659
691 NaN 0.9981530884453191 0.9957960518357487 0.9931853425822581
938 NaN 1.00035410797178 1.000511193297254 1.0004758154307904
192 NaN 1.008448448844555 1.0149258994088382 1.0199301721345748
1213 NaN 1.0122902913581548 1.0227163032010458 1.031323610059411
1696 NaN 1.0058640031708836 1.0113430641946797 1.0164934209108183
427 NaN 1.0000448585241102 0.999928031205915 0.9998675792481128
1951 NaN 0.994839796936223 0.9902895798406994 0.9860153408671438
1447 NaN 1.0015782304437075 1.0018983019617989 1.0015612143328967
939 NaN 1.0045914633772006 1.0090751449448072 1.0133987968261453
193 NaN 1.0031284763559842 1.0058769855233163 1.00814903109477
1214 NaN 1.00116172826425 1.0011581149303763 1.0003067780485688
1448 NaN 1.0026990782168859 1.003414345026598 1.0031389610694723
1697 NaN 0.9970950465298358 0.9954338281522159 0.9944025515959556
1952 NaN 1.0024848562760085 1.0034031902195795 1.0034456724048704
692 NaN 1.0108657313479268 1.0209926920174692 1.0295075321533416
940 NaN 1.0081388154290092 1.0145752630004194 1.0197360561257969
428 NaN 1.0067706973228336 1.0116601119583428 1.015387287062381
194 NaN 0.9963112346541965 0.9932433747527859 0.9906723146688078
1449 NaN 1.0017383291696549 1.002882644582013 1.0036974865670247
1698 NaN 1.0043549287430171 1.008134148846599 1.0113501301467114
1215 NaN 1.0025133555307986 1.0041791748264872 1.005341737976383
1953 NaN 1.0047645352227212 1.0085195158178621 1.0113841058987598
693 NaN 1.0035981500675042 1.006152231270533 1.0079195053774643
1450 NaN 1.00140709216335 1.001796152441523 1.0016301564424779
195 NaN 0.9998488532368999 0.9989080196164761 0.9975244093995576
694 NaN 0.9990529912970243 0.9977057578471737 0.9961617042197953
1451 NaN 1.0020661910436415 1.0039103681390766 1.0054807008882025
1954 NaN 1.0067981451039953 1.0107833938654285 1.0132302322827915
1216 NaN 1.0051299995937855 1.0084386667894565 1.010318210823657
1699 NaN 1.0007009406012508 1.0010057998541932 1.0008065372948223
695 NaN 1.0054850904359616 1.0100981434186433 1.013853211000429
196 NaN 1.003115459259936 1.0046698693829104 1.0054544691403247
1452 NaN 1.0081981027907108 1.015204678497799 1.02107467059653
429 NaN 0.995847268733038 0.9913201755449271 0.9871280430884437
941 NaN 1.002454123147354 1.00468516572764 1.006666200072984
197 NaN 1.0075683310950796 1.0126916917204543 1.0162972813987896
1217 NaN 1.0074616866178627 1.0132543456695848 1.017896098877242
1700 NaN 1.0032272229532815 1.005898223861689 1.0083736533470644
942 NaN 1.0043180317660092 1.0073708259858942 1.0096728607039889
696 NaN 1.0014005901040666 1.0016703177843884 1.0016508289303023
430 NaN 1.0052034095259659 1.0086558741272194 1.0111938318872817
198 NaN 1.007682455338845 1.0131952015532133 1.0171053602216393
1218 NaN 1.0017345598441068 1.0024559666098392 1.0028053364049758
1955 NaN 0.9942765099116915 0.98945027630791 0.985850244495012
1453 NaN 0.9999144435888001 0.9995939017733834 0.9991335469775762
1956 NaN 1.0067210743452049 1.0113107872829812 1.0145618867429256
1454 NaN 1.002278770093053 1.0031880993811557 1.0033858054073694
1219 NaN 0.9963156212201302 0.9937514653901633 0.9921765137918773
431 NaN 0.9869353374027844 0.9765713634120052 0.9683544758979893
432 NaN 1.0028905038022429 1.0039313490080817 1.0039900484051385
1701 NaN 1.0165908676863002 1.0310359901272879 1.0433465203602958
1220 NaN 1.0065657884465824 1.0119280680526643 1.0163451699104942
1957 NaN 1.0034502269392016 1.0042881802411634 1.0039011241435514
697 NaN 0.9976595727073427 0.9970234825943578 0.9967776690493462
1702 NaN 1.0016569066010725 1.0023133704814395 1.0024042942706743
433 NaN 0.9998888481905011 0.9990496053377569 0.9980378938664047
199 NaN 1.017615552543333 1.0319464484230227 1.043920811425951
1958 NaN 1.0057562126840347 1.011007481120634 1.0157409895072107
200 NaN 1.0062621056351766 1.0107473425483735 1.0141167898519072
1703 NaN 1.00474439701605 1.0095850727952511 1.0140174452531665
1455 NaN 1.0030484833992976 1.0064478070437275 1.0099285448961093
1959 NaN 1.0022319171570837 1.0034485606389296 1.0040955045161903
698 NaN 1.009719834129216 1.0163908514534223 1.0210886061308762
201 NaN 1.0021504929111682 1.0037884303588465 1.0050178626670845
699 NaN 1.0046185366884413 1.008062331678913 1.0106588951654112
1456 NaN 1.0040563043706139 1.0065291433583146 1.0079234960773933
202 NaN 1.002239305648431 1.0035309127081078 1.00432850445971
1221 NaN 0.9970492523387106 0.9930919539251801 0.9887225545373374
203 NaN 1.0040293602330335 1.006566998877134 1.0080950318489834
1222 NaN 1.0021980472781225 1.003629754076732 1.004492215422141
204 NaN 1.0038016662756886 1.0055022630621846 1.0061646532783437
943 NaN 1.024155266316692 1.0473897093998397 1.0676544788857105
1457 NaN 1.0046653893590471 1.0075929328289874 1.0097333847150753
700 NaN 0.9999996626631884 0.9996011689324126 0.9995085903218464
1223 NaN 0.9995946251263157 0.9986515403916394 0.9974991672607659
1224 NaN 1.006968295948284 1.0120837567397256 1.015913476502682
434 NaN 1.0114183618958188 1.0218451513877673 1.0315081393536367
944 NaN 1.0004734371305657 0.9997522163074389 0.9986507053118914
701 NaN 1.0052951505754086 1.0106727595173863 1.0157168091954762
1458 NaN 1.000400195111227 0.999803234760857 0.9984521504813023
1225 NaN 0.9986931863511851 0.9971271364564901 0.9954966939082165
1960 NaN 1.0000975061110073 0.9995211678787288 0.9984119383795192
205 NaN 1.0042954410394125 1.007353094802659 1.0100398930814523
435 NaN 1.003916404797688 1.0073609659997405 1.01014653487505
1226 NaN 1.0039323745429516 1.007871891066361 1.0114361924862403
206 NaN 1.003768465641318 1.0056817386330146 1.00654161875587
1961 NaN 1.0056860784876056 1.0098131287043175 1.0129016467363114
702 NaN 1.0035111819225229 1.0053470269701286 1.0061966680852048
436 NaN 1.0077358953285667 1.0139424286159946 1.018636230826888
1962 NaN 1.0082962621287794 1.013872469534561 1.0176917354353596
1227 NaN 1.007450954576073 1.0128311507281267 1.016941691972908
945 NaN 1.0044961150562066 1.0076968767520333 1.010171817776452
703 NaN 1.0001611640804244 0.9994632161842577 0.9984600979542582
1459 NaN 0.9991691942541053 0.9979122155136975 0.9962569507260749
207 NaN 1.0059672414093492 1.0096179455345986 1.011879341702758
1704 NaN 1.001950571127406 0.9996378988599376 0.9963628027319998
946 NaN 1.0069843528341353 1.0121734166574556 1.0162077246449854
1963 NaN 1.0169260018243722 1.0313328032308249 1.0437228150765478
208 NaN 1.0067720670934155 1.0116815465576432 1.0151187889747846
1228 NaN 1.002245541741386 1.0037728053878119 1.0049880028714422
1705 NaN 1.0015316178200044 1.0021875774012545 1.0023914059471697
1460 NaN 1.0103167446763597 1.0185707889852162 1.0251826445970353
209 NaN 1.0002551057888358 1.0002593474538783 0.9998079491934116
1706 NaN 1.0054852165173989 1.0092129531999603 1.0117847002534637
437 NaN 1.002654071425618 1.0044496542465113 1.0058967071545855
1461 NaN 1.0053601784177544 1.0085278575352914 1.010338073228397
1229 NaN 1.0047896586732812 1.0081638479378776 1.0101374340658602
947 NaN 1.0077290834026533 1.0140923781292843 1.0196320579420075
1230 NaN 1.0045595147038533 1.0076288917527643 1.0098753650790075
210 NaN 1.0077142317288295 1.0128344661002058 1.0163717686220506
1707 NaN 0.9998253324804586 0.9998591114586223 1.000010131432364
948 NaN 1.0057643748407015 1.010003144151425 1.0133113573744938
1231 NaN 0.9984835198193869 0.9962045477531285 0.9935366863491091
438 NaN 1.0074915505323607 1.0123345006554154 1.0152854800868394
1964 NaN 1.0104398304688242 1.0185090254689526 1.0249526235115702
949 NaN 1.004586303076204 1.0073336821637704 1.00892676332222
211 NaN 1.0036872974584643 1.0070678357982925 1.0100812639283154
1232 NaN 1.0036110645724337 1.0058334837871576 1.0072710953629498
212 NaN 0.9984889938230703 0.9957528740543198 0.99268154668485
704 NaN 1.0075192169314688 1.011775986389377 1.0137230440925087
1708 NaN 1.005916597518169 1.0101548142545331 1.0130114614079426
1965 NaN 1.004913449854846 1.008125419631311 1.0102935983318282
439 NaN 1.0045371558585177 1.0072023060055963 1.008599027431644
1233 NaN 1.0062062055625995 1.0106838098342543 1.0139700361947996
213 NaN 1.0039490136075677 1.0068126690434622 1.0089368378885626
1966 NaN 1.0068625505857318 1.0117147114100749 1.0151599962913285
440 NaN 1.0031787561082304 1.0049024219898068 1.005687023596539
705 NaN 1.0015607793373456 1.00208101843852 1.0019307920986449
214 NaN 1.0024844403022766 1.0036788504494145 1.004037546170654
1967 NaN 1.0040671554220402 1.007272873312328 1.0098230222941116
1462 NaN 1.0077515030812014 1.0144059296490797 1.020041891648162
215 NaN 1.0008234782250431 1.0026982690787611 1.0049138772379977
1968 NaN 1.0070405981307435 1.0124195214831622 1.0168082431682914
1463 NaN 1.0031682217918025 1.0061518757289727 1.0087986176477188
216 NaN 1.002860331701678 1.0051246909551665 1.0068923984904026
1969 NaN 1.00416564001449 1.0069521638591072 1.0088674675165787
1709 NaN 1.0033535883274918 1.0065433561070896 1.0092807964422952
950 NaN 1.008404263365922 1.0146773798258586 1.0190207359498402
1234 NaN 1.0192846021106154 1.03357247955717 1.0442725536566284
217 NaN 1.0046514215509617 1.006756857417483 1.007339857556844
1464 NaN 1.001592637166179 1.0020062276938233 1.00172467643885
951 NaN 1.000130118301047 0.998886274402558 0.9966902705287045
1710 NaN 1.0009022700981713 1.0006436071139144 0.9997554540261764
441 NaN 1.0111463423463356 1.0220141780197416 1.032578671079306
1970 NaN 1.0051385999664022 1.0081205985525812 1.0096717230392775
1711 NaN 1.0067629110027791 1.0119022985793298 1.0158662352185088
952 NaN 1.0069523533533065 1.01264658613865 1.017305583017491
1465 NaN 1.0098679520627345 1.0167565657968323 1.0212317973944414
1235 NaN 1.0067267503257815 1.010973473871156 1.013536909092177
1712 NaN 1.0042143299940465 1.0072363960883466 1.0093967782322524
1971 NaN 1.002636830383295 1.0044593554144008 1.0057383528902266
442 NaN 1.003090767733311 1.004373494486966 1.0044172784067953
1236 NaN 1.005012495134496 1.0079523328087752 1.0095858156842172
1713 NaN 1.0050971875966483 1.0090451045130115 1.0123020206761724
953 NaN 1.0047323883667476 1.0068336474259585 1.0073654601824515
1972 NaN 1.0035064695812617 1.00564566285966 1.0069584702897456
1714 NaN 1.0052957360921102 1.009295419694937 1.0123829665485573
1237 NaN 1.0046155239356247 1.0080648570232769 1.0105217223226026
706 NaN 1.0223870139154165 1.0400837894659816 1.0538946210611786
218 NaN 1.0064994065428268 1.0102403000409084 1.0131531923630759
954 NaN 1.0032326651961243 1.0052336530002908 1.0065933760989523
1466 NaN 1.0099839652146676 1.0186206269870737 1.026127242070953
443 NaN 0.9939725784159157 0.9884648818271928 0.9831618274220507
219 NaN 1.0056674440323004 1.0091858832531169 1.0114626694215652
1467 NaN 1.0047627949587201 1.008071656334562 1.0102779855762691
1238 NaN 1.004022543593832 1.0071310944897789 1.0097128120520753
1715 NaN 1.0156791064141681 1.0274887983210808 1.0363822304587424
955 NaN 0.9988642980868914 0.9978118721574597 0.9965410118831165
1973 NaN 1.0025934978938151 1.004213461319114 1.0055530345719095
444 NaN 1.0045856752336935 1.0080810740365538 1.0106709783747325
220 NaN 1.006149315572205 1.0104089581226696 1.0133138300974347
1239 NaN 1.0009282808025883 1.0015958484912297 1.0020958736048422
707 NaN 1.0163182791527645 1.0304662479507087 1.0431025683853716
1974 NaN 1.002715501481144 1.0041609402036256 1.0048084367280157
1468 NaN 1.0087517866394988 1.0140674965833834 1.0170944053771012
956 NaN 1.0037929367566254 1.0066225261138277 1.008822949737132
1240 NaN 1.004484097820091 1.0073407736533546 1.0092426373331662
445 NaN 1.005874265839619 1.0094821198370627 1.0117645469712033
957 NaN 1.0011936911350743 1.0013520208797613 1.0010612984434852
1241 NaN 1.002944603501343 1.0050254565016072 1.0064700160738274
221 NaN 1.0058153083043244 1.010502027533446 1.0147418804828785
1469 NaN 1.005531320068805 1.0091944321970887 1.0119202458322702
958 NaN 1.0033838469812546 1.0057427767095402 1.0071821376021035
222 NaN 1.0069103003540663 1.01270498283731 1.0176050439728828
1716 NaN 1.004305698738188 1.0081404722894087 1.0116701093798421
1717 NaN 1.0051816614527103 1.0085575025277953 1.0107650458581388
959 NaN 0.999863103711132 0.9992449186881314 0.9981136657398337
708 NaN 0.9979767043419524 0.9946165282995136 0.9909596251360535
1718 NaN 1.0045057038424203 1.0078086596977789 1.0101960221319881
1470 NaN 0.9997825205214578 0.9983291972734836 0.9958405385990727
1242 NaN 1.0094926486245448 1.0173053317930203 1.0236378783060893
446 NaN 0.9910384349025301 0.9857143862861782 0.9823489275080283
709 NaN 1.0019678173947728 1.0025268115452295 1.0024606289021
223 NaN 1.0084115482946516 1.015261919813148 1.021019744576333
1471 NaN 0.9984642658181874 0.9969859507216146 0.9956050325821876
1719 NaN 1.0029968730747847 1.0042608559410957 1.0044150335781692
1243 NaN 1.0056275495497118 1.0100802816073045 1.0138391361241927
960 NaN 1.0055806237597522 1.0088277784830584 1.0107315161261232
224 NaN 1.005074395235738 1.0091316703154323 1.012491358353805
1472 NaN 1.0053453421015308 1.0089775876161953 1.0115506908413157
961 NaN 1.0065729512914117 1.0117037843398187 1.0156141439575583
1473 NaN 1.0029326076158216 1.0051851585103382 1.0069556308667382
1244 NaN 0.9994104731284076 0.9986501076419471 0.9977407476878178
1720 NaN 1.009458241930791 1.0151089388591195 1.0184486813906544
447 NaN 1.0102582795099313 1.020174634477765 1.0293774624736598
1474 NaN 1.0079233723440923 1.0139686986626797 1.0183983666475354
225 NaN 1.0016421536319888 1.001300303306977 1.0001653894418452
1245 NaN 1.0036998269127044 1.005868798044162 1.0069929475443389
226 NaN 1.0015380035955634 1.0023522712671602 1.0025029374690049
962 NaN 1.0036272261469232 1.0064042985928838 1.008445865565523
710 NaN 1.0234356360057388 1.0416000676516157 1.0555591789553151
1721 NaN 1.012388836509855 1.0230089269280926 1.0318572425368084
448 NaN 1.001587900952799 1.0023413957360492 1.0026462110146988
227 NaN 1.0041132611508792 1.0069344082276896 1.0089596996835921
1722 NaN 1.0045912866135083 1.0077349392445345 1.0099461596111567
1246 NaN 1.0062540713569126 1.0107135132480298 1.0140675447856966
449 NaN 1.0054314311862746 1.0092595835879745 1.0120011184548345
711 NaN 1.0064825365997363 1.010792547353281 1.01386776889636
963 NaN 1.0019952387673046 1.0041792166279315 1.0062803913865548
1475 NaN 0.9977658235449656 0.9958914951143698 0.9945143084706783
1247 NaN 1.0026859980661749 1.0048007612382852 1.006198351723734
712 NaN 1.0061200008576026 1.0109018140095944 1.0146615417438969
450 NaN 1.007509122119376 1.013079485118821 1.0171468160677888
1476 NaN 1.002106176575431 1.0029823720941706 1.00324431110002
1723 NaN 1.0082536403691669 1.0153619017182591 1.0211640890176252
964 NaN 1.0079649179100085 1.0138035476072822 1.0182263159390312
713 NaN 1.0064061632925083 1.0109331222124611 1.0140874439615868
714 NaN 1.0045465903925705 1.0078562554055468 1.010337346924805
1724 NaN 1.0027057960502508 1.0048388523806429 1.0063663079541445
1248 NaN 1.0016458990248323 1.003354292981579 1.0051398034398473
965 NaN 1.0050999106459388 1.0087571818744787 1.0114298838348648
228 NaN 1.0092205236892162 1.0154772234422256 1.0196808529373493
229 NaN 1.001982329774999 1.00306178166786 1.0037010106668902
966 NaN 1.0037473708629054 1.0062629038447115 1.0078340751815147
1975 NaN 1.0286729360876332 1.0545496887309849 1.0769953415088789
1249 NaN 1.0020839600518434 1.0041114856542843 1.0061398918619173
451 NaN 0.9880159099187777 0.9765292616368235 0.9659809693138647
1477 NaN 1.009369478677041 1.0151275197088359 1.018585287028362
967 NaN 0.998902216910644 0.9971021975674611 0.9950049428212802
1976 NaN 1.002757610395952 1.0042142544095252 1.004829688172576
452 NaN 1.0050462018953599 1.0085076316546284 1.0108554302260837
1250 NaN 1.0071657515936072 1.01218778546127 1.015929811698669
968 NaN 1.005210470279024 1.0080670398743703 1.009520144653168
1478 NaN 1.0015428716391264 1.0017014555258967 1.0009763933594478
453 NaN 1.000343750139829 0.9996554378092715 0.9984155126468808
1725 NaN 1.0019093476091872 1.0038582278416404 1.0061853861855732
1977 NaN 1.0055278383731527 1.0087429082184305 1.0107470822643296
1479 NaN 1.0065867296588558 1.0114881982530644 1.0152965816582549
1726 NaN 1.0032885477243498 1.0050567819151066 1.0059619054875728
454 NaN 1.0080881790707423 1.0141239539954234 1.0187208645058072
969 NaN 1.0013409108663733 1.0016905800182043 1.0014599999632463
715 NaN 0.9976266104428135 0.9951348683685266 0.9927101867508189
1978 NaN 1.0062225679642267 1.010053082635171 1.0126318776104628
1480 NaN 1.0051209633227522 1.0092791910915553 1.0125997949129593
970 NaN 1.0065140697312083 1.0111185312631845 1.0146143182363083
230 NaN 1.0113924216282313 1.0195749967172911 1.0255800794089969
1481 NaN 1.0082461081145888 1.0145930421848866 1.0194436041885355
716 NaN 1.005683058212628 1.0093222030963578 1.0116072587062757
971 NaN 1.003325000670786 1.0036102239469156 1.0022104094520374
231 NaN 1.0018351250512054 1.0030880644068554 1.0036990311372145
717 NaN 0.9939262350514464 0.9876450380233239 0.9816307023872589
1727 NaN 1.0042667480233243 1.0073186407987835 1.0092786814833479
232 NaN 1.003444060541209 1.0060711576708006 1.0082142942291576
1728 NaN 1.0111320420378156 1.019693865834134 1.0265514484388099
1482 NaN 0.9966207918680505 0.9927940826792927 0.9892150744878185
233 NaN 1.0019101521564138 1.002794327890262 1.0029608853193164
455 NaN 1.0087835803846132 1.0157708516331576 1.0216314857594042
972 NaN 1.0116034600909172 1.0208683294399095 1.0281665588724989
1979 NaN 1.0039113466257938 1.0046341103175973 1.003747132025173
718 NaN 0.9979674875768381 0.9952552143167094 0.9920742771425693
1483 NaN 1.0011374079777278 1.0017770161388242 1.0022679496599851
973 NaN 1.0036501909586601 1.006086032698047 1.0076734816248187
1729 NaN 1.0118264189964188 1.021400923822989 1.0293905838135913
456 NaN 1.0030802322875911 1.0052140101585822 1.0069236606175962
234 NaN 1.0006393905764446 1.000664402040798 1.0000773929833366
457 NaN 0.9993289367738276 0.9975546986943261 0.9952988073849184
458 NaN 1.0054613473702565 1.0094345605003407 1.0124685009893277
1980 NaN 1.0061607128299872 1.0098114663329791 1.0120464502605728
1730 NaN 1.0031782297145586 1.0047499926611971 1.0053665493202135
1484 NaN 0.9936965149680435 0.988014945936111 0.9830328067893771
1981 NaN 1.0038705081904713 1.0069059235891256 1.0093312761062594
1485 NaN 1.004468333555471 1.0075790214594131 1.0097053337547042
459 NaN 1.0029002020808395 1.0044684933469137 1.0051587930495958
1486 NaN 1.0058871839185697 1.0105922695697835 1.0143686966975025
235 NaN 1.0034727089845612 1.005660104846399 1.0069992994889616
1731 NaN 1.0093424964628068 1.0167858931211307 1.022857922622415
974 NaN 1.0007965823323268 1.0016394270430664 1.0023842337675222
460 NaN 1.0058972751609196 1.0109519864803156 1.0151104305483116
975 NaN 1.003742463801995 1.0060958844368548 1.0075768377606318
1982 NaN 0.9990351343812517 0.996876698985009 0.9937490058464645
1732 NaN 0.9980483829085443 0.9957943696075728 0.9935526619153844
236 NaN 1.0085700517098257 1.0154599539871705 1.0210633974587646
976 NaN 1.0046229274217828 1.0074740303967393 1.0091614477366824
461 NaN 1.0045792088885304 1.0081976105533645 1.0109170365423419
1487 NaN 1.0046846515508912 1.0076859293524392 1.0096542798069559
1733 NaN 1.0037334954007455 1.0067300726694115 1.0092661278517625
237 NaN 1.0020696828070492 1.0024375080344956 1.0017722601027983
1983 NaN 1.0035877994652938 1.0050747902778387 1.0055165933987322
977 NaN 1.0086698834697652 1.0153519054177333 1.0206308392359975
719 NaN 1.0018086081938529 1.0023725953775353 1.0024617822152435
1734 NaN 1.0035338896070676 1.0056538807960387 1.0069691709932065
978 NaN 1.0075064420475948 1.0136031497123787 1.0186915900755482
1488 NaN 1.0065048526108251 1.011130819387773 1.0139321973945448
1984 NaN 1.0061553457117522 1.0104743737999982 1.013629271593365
238 NaN 1.0070151453865845 1.0126327236492498 1.0174463783730077
979 NaN 0.9984536153047435 0.9967460067886318 0.9950037080537706
462 NaN 1.011299112422515 1.0207210085899385 1.0287270710244087
463 NaN 1.0010772574288498 1.0012747101857344 1.0010654398678247
1735 NaN 1.0042142034670016 1.0078377119686244 1.0111166856997467
1489 NaN 1.0012183166388628 1.0018633349671504 1.0024083386424938
464 NaN 1.0047581234684562 1.0077798811426506 1.0096954530605236
239 NaN 1.0054096666209955 1.0092258069437146 1.01196779719222
980 NaN 1.0023193247051296 1.003856312002393 1.0052170162222651
465 NaN 1.0048002667934721 1.0084676122226324 1.01158492529851
1736 NaN 1.0028353294296484 1.004529418558294 1.0055811474836915
720 NaN 1.0065722597973505 1.0137620895155053 1.0201723736835886
721 NaN 1.0020626337354706 1.003187284170341 1.0037133697760328
981 NaN 0.999481608457656 0.9989133114684414 0.9984957326198666
240 NaN 1.0022456666275417 1.0035853895710853 1.0045286940491733
466 NaN 1.0052003564031613 1.008847859619754 1.0114545597025504
1737 NaN 1.0080808927003928 1.0141969986584736 1.0187052965629158
1738 NaN 1.0058230504674608 1.0102260616945686 1.0136132168068437
982 NaN 1.0074807312139742 1.012811766350282 1.016649858139865
241 NaN 1.004779285709748 1.0083543607472671 1.0110313915354951
1985 NaN 1.003383893639566 1.0056066713462606 1.0076701525545317
983 NaN 1.0026861465505212 1.0040734870366632 1.004690617018556
1739 NaN 1.0051895229983374 1.0087884078069007 1.011188934436554
722 NaN 1.0047185821545 1.007512727302969 1.009253891385836
467 NaN 1.00779323071323 1.012802532364324 1.0164258464982678
1986 NaN 1.0069704432058828 1.0116185771459973 1.014715668298416
1490 NaN 1.0048297225158211 1.0088097195999257 1.0116431685576432
1740 NaN 1.0051965369358944 1.008896803948092 1.0116056280387886
984 NaN 1.0024563284577157 1.003954339384392 1.004857804301969
1987 NaN 1.0017555691789222 1.0031011042127818 1.0042582625803855
468 NaN 0.9999122097321607 0.999587789090438 0.9991626310191566
985 NaN 1.0013652996489306 1.0023529843216348 1.0029607768576254
242 NaN 1.0072244218951956 1.0125718978716336 1.0167364026381647
1988 NaN 1.0074608411519537 1.0132021346995665 1.0177265262278583
1491 NaN 1.003932228606627 1.0064638268074546 1.0082047356035033
243 NaN 1.0033431409987859 1.0048155329854533 1.0050770255543378
469 NaN 1.0002330881041708 1.0006404491038745 1.0010984880999332
986 NaN 1.0033062408173608 1.005344300209508 1.0063714257045613
1989 NaN 1.0029626944421142 1.005505146317294 1.0077882357499983
987 NaN 1.0040976609553631 1.0066494965129036 1.0083355454415337
723 NaN 1.0141534636855802 1.026506004725095 1.0371126440386393
244 NaN 1.0030849143853728 1.004961829711112 1.0059844626974122
1990 NaN 1.0032245048295243 1.0056039033353408 1.0074368992056244
1492 NaN 0.9970750989249644 0.9947620842415935 0.9929998850823448
1741 NaN 1.0060776884726417 1.0106583838890082 1.0139430364256259
724 NaN 1.0057166381541418 1.0095043940227695 1.0120678565753283
470 NaN 1.0082034908595512 1.0148618741939226 1.0204422162234013
1493 NaN 0.9994507760800382 0.997494230538143 0.9948968694480442
725 NaN 1.0012481694204467 1.0026701796998314 1.0037682629957747
471 NaN 1.005187523139824 1.0092620289116918 1.012415483403914
245 NaN 1.0020181976057612 1.0038370957867933 1.005258646808416
1742 NaN 1.005990920475698 1.010696007266164 1.0144689866903984
472 NaN 1.0080536105333688 1.0138550277683034 1.0181690489359354
726 NaN 1.0053556835403217 1.0094244469594524 1.0125121515527213
1743 NaN 1.002754963189008 1.0042938013176503 1.0049816645498835
988 NaN 1.0015194271832957 1.0017931382563612 1.0016330548403944
1494 NaN 1.0012123774807926 1.0018568267367762 1.0021015278885006
246 NaN 1.0102709347053735 1.0195892406501619 1.0278363471830507
989 NaN 1.0037980276721563 1.0061514198523243 1.0076226299233655
473 NaN 1.0084975916540877 1.0143444976677027 1.0187359708977024
247 NaN 1.0036118915941268 1.0052160088973445 1.0059190635678663
727 NaN 1.0020600430608873 1.0027425132008148 1.0027496800863416
1744 NaN 1.003069593090465 1.0047660282313056 1.005345327514592
474 NaN 1.0043481119700095 1.0074451861346314 1.00972283411144
1991 NaN 0.998209168393446 0.9953599453979272 0.9919656729190884
728 NaN 1.0036607650858966 1.005903762273217 1.0073727961306937
1745 NaN 1.0054318210215931 1.009253273480475 1.0118751715980292
248 NaN 1.0006526893595615 1.0006750746164557 1.0004873699710581
1992 NaN 1.0022572597651072 1.00323896149774 1.0034353799426972
1495 NaN 1.0037960503840067 1.0064824612408036 1.00802273940461
990 NaN 1.004016136542348 1.0071498261648597 1.009619377323477
1993 NaN 1.0057212566945481 1.0098040198441185 1.0127395366657361
729 NaN 1.0000998565749286 0.9984643215873769 0.9960470489961587
249 NaN 1.0051361038896989 1.0099733253680574 1.0143109280100673
1994 NaN 0.998458893585779 0.9963302395402079 0.9939450284641984
730 NaN 1.0111085895968857 1.0196430692574743 1.0262484625798138
250 NaN 1.004099167756088 1.0063743417615834 1.0074230995950026
1496 NaN 1.0098790030525362 1.017370904413019 1.023101822652523
991 NaN 1.012170538002276 1.0213735718312962 1.028316836793476
1497 NaN 1.0046371359222213 1.0076128128606567 1.0094129948751003
1995 NaN 0.9970524755875262 0.9934590769965317 0.9897600853223874
731 NaN 1.0069250748593523 1.0117060430541525 1.0151894559911385
992 NaN 1.0016806085503016 1.0025387500478906 1.0029674588416688
475 NaN 1.0076442570687665 1.0144304210327022 1.0204633736090287
1746 NaN 0.9912452631432875 0.985183822545421 0.9805069972951148
732 NaN 1.005101743304881 1.008833437696426 1.0116744859944138
993 NaN 1.0037809165475622 1.006029039205397 1.0072210215327682
1498 NaN 1.00744241328366 1.0119653470289471 1.0149215678317989
1996 NaN 1.0098119237555088 1.0168892420137674 1.02214770749948
733 NaN 1.0073502672947496 1.013378904678109 1.0184764649331317
1747 NaN 0.9990459518001044 0.9973690952468626 0.9952204593583793
734 NaN 1.0065954144734253 1.0115116521161318 1.0153944507454538
1748 NaN 1.0031364167895365 1.005347225977432 1.0068547687917317
994 NaN 1.0019711387598673 1.0028166008483232 1.0029606017044566
1997 NaN 1.0013526723509167 1.0014782101661013 1.0009471991931478
1499 NaN 1.0035638438449115 1.0065341722353283 1.0088115398422564
995 NaN 1.0045388118065977 1.0079540822049136 1.010455440248309
735 NaN 0.9992385859843828 0.9978119273753423 0.9959923567442889
476 NaN 1.0061884319667813 1.010770344431065 1.0146283319265288
996 NaN 1.0034953193088743 1.0054314491157172 1.006385321736637
736 NaN 1.0061062644874001 1.0102018863513755 1.0128628989337316
1500 NaN 1.0050371038219441 1.0075614939823123 1.0085426476221075
1749 NaN 1.0047886071196563 1.0067443721686817 1.0074702315965927
1750 NaN 1.004686373070421 1.007920680316225 1.010273003046811
1998 NaN 0.9969428352016064 0.9927552021915178 0.9880561512006034
477 NaN 1.003274684953941 1.0065801711753506 1.0098058966556283
737 NaN 1.0063928356286858 1.0111874720696692 1.014915491621079
1999 NaN 0.9996479713754991 0.9982913303427551 0.9964915617000205
997 NaN 1.0135244370336138 1.0220764740099992 1.0282965430413136
478 NaN 1.0036590262148588 1.0062540265251705 1.008072410944787
738 NaN 1.0036346026147234 1.0061271713584534 1.007851320325162
739 NaN 1.0052516848309554 1.0088674402667348 1.0114032443335308
998 NaN 1.0018193142362735 1.0018954437223282 1.0010677257777227
479 NaN 1.003020022694542 1.0048259810809972 1.0058848789048005
740 NaN 1.0068943406192403 1.012360808963453 1.0169603125181912
999 NaN 1.0012343020547707 1.0018782951158272 1.0021512938128059
741 NaN 1.0041351820531323 1.0068932607119272 1.0087578277731868
1000 NaN 1.0052557002140776 1.0093790338911888 1.0125933257825332
742 NaN 1.0014370353351973 1.0019958933335051 1.0020740717170715
743 NaN 1.0042801721301367 1.0068637887374325 1.008449751038464
744 NaN 1.0065538224583537 1.011551102183478 1.0154837699398522
745 NaN 1.002948659291834 1.0047987959815319 1.0059814705599461
480 NaN 1.0098372279154297 1.0171066292231212 1.0225602479977332
746 NaN 0.998524185394496 0.996758778742952 0.9948617029645552
747 NaN 1.000612647994745 1.0004580069658533 0.9998315050350938
481 NaN 1.0065900813853246 1.0115528747803475 1.0152749173444653
482 NaN 1.0044278031551734 1.007274205760934 1.00911152811277
483 NaN 1.0039254789096408 1.0057955273352683 1.0065410092154048
748 NaN 1.0075010052910134 1.014062342803226 1.0195424341405193
484 NaN 1.003318886897125 1.006289171933657 1.0088755375522216
485 NaN 1.0030067110642713 1.0050287394296258 1.0064405127799636
486 NaN 1.0046046621150635 1.0077382431761064 1.01002146608019
749 NaN 1.0195469700311361 1.0337213714662232 1.0444964681657305
750 NaN 1.0049189474844662 1.0082073397377627 1.010325416525594
487 NaN 1.0136543470623474 1.0249799266202475 1.0343532052920068
488 NaN 1.005740185698637 1.011480979470005 1.0166909972576266
489 NaN 1.0013909073487273 1.003020403694008 1.004566101922091
490 NaN 1.0050282294553667 1.0086170792607485 1.0113995851506328
491 NaN 1.004971318128288 1.0085309218777296 1.0110011293860377
492 NaN 1.008401665925796 1.0157543554750976 1.0221670700422572
493 NaN 1.0133523403102824 1.0257812256774503 1.0363703807257474
494 NaN 1.0067091424179302 1.0112682771482426 1.0144270456818743
495 NaN 0.9942681979908632 0.9887352626696154 0.9837549698290557
496 NaN 1.0029516622358825 1.0037796791742586 1.003444470508178
497 NaN 1.005927170873978 1.0107675135108432 1.0146848298811606
498 NaN 1.0108351529067727 1.0180511039052456 1.023103877419715
499 NaN 1.0052832544983623 1.008193981287038 1.0098803799574552
500 NaN 1.010131663441492 1.018800219241901 1.0263181100240286
